hitter_name,hitter_id,pitcher_name,pitcher_id,season_avg,season_obp,season_slg,season_ops,xBA,xSLG,xwOBA,xISO,xOBP,oswing_percent,zswing_percent,contact_percent,whiff_percent,chase_percent,vs_lhp_avg,vs_rhp_avg,vs_lhp_ops,vs_rhp_ops,barrel_rate,hard_hit_rate,avg_ev,max_ev,sweet_spot_rate,last_30_avg,last_30_obp,last_30_slg,last_30_ops,last_7_ops,last_15_ops,season_k_pct,season_bb_pct,season_ip_per_start,k_pct_last_30d,swstr_pct_last_30d,csw_pct_last_30d,ip_last_3_starts_avg,pitches_last_3_starts_avg,days_rest,hit_prob,tb2_prob,hr_prob,rbi_prob
Aaron Judge,592450,Logan Webb,657277,0.331,0.457,0.688,1.144,0.3,0.708,0.459,0.408,0,0,0,0,0,0,0.331,0.331,1.144,1.144,24.7,0,95.4,118.1,0,0.41542990616918124,0.5192873827114766,0.9728172717994773,1.3882471779686585,1.3882471779686585,1.3882471779686585,0.262,0.054000000000000006,6.088235294117647,0.262,0.107,0.1605,6.088235294117647,91.3235294117647,5,85.1,76.9,35.0,35.3
Pete Alonso,624413,Paul Skenes,694973,0.272,0.347,0.524,0.871,0.274,0.572,0.386,0.29799999999999993,0,0,0,0,0,0,0.272,0.272,0.871,0.871,18.9,0,93.5,115.9,0,0.36771143629033465,0.4596392953629183,0.7607075876625142,1.1284190239528489,1.1284190239528489,1.1284190239528489,0.295,0.057,5.85,0.295,0.138,0.20700000000000002,5.85,87.75,5,61.2,50.6,9.5,9.8
Juan Soto,665742,Logan Webb,657277,0.263,0.396,0.525,0.921,0.288,0.608,0.429,0.32,0,0,0,0,0,0,0.263,0.263,0.921,0.921,18.1,0,93.8,115.0,0,0.37438144955040975,0.4679768119380122,0.7978522169809216,1.1722336665313313,1.1722336665313313,1.1722336665313313,0.262,0.054000000000000006,6.088235294117647,0.262,0.107,0.1605,6.088235294117647,91.3235294117647,5,72.8,42.5,8.7,9.1
Jung Hoo Lee,808982,Carlos Rodon,607074,0.266,0.327,0.407,0.735,0.277,0.385,0.32,0.10799999999999998,0,0,0,0,0,0,0.266,0.266,0.735,0.735,3.7,0,87.1,107.2,0,0.3370813519147665,0.42135168989345817,0.43853363218283953,0.7756149840976061,0.7756149840976061,0.7756149840976061,0.257,0.09300000000000001,5.912121212121212,0.257,0.124,0.186,5.912121212121212,88.68181818181819,5,69.8,39.8,4.0,4.3
