PLAYER_NAME,TEAM_ID,POSITION_NAME,POSITION_DISPLAY_NAME,RAW_STAT,MAPPED_STAT,RAW_LINE,LINE
Fernando Mendoza,5ce78c37-b02c-52da-9e4f-fcd65b6ccb76,QB,Quarterback,regular_season_games_started,,8.5,8.5
Denzel Boston,338ae7df-02ad-5a94-9767-60f511bd55e1,WR,Wide Receiver,season_receiving_yards,,499.5,499.5
Kenyon Sadiq,516ded41-e882-5175-9a00-d0b4c028eb74,TE,Tight End,season_receiving_yards,,454.5,454.5
Makai Lemon,de7219e5-92f1-5989-804a-68479055ba42,WR,Wide Receiver,season_receiving_yards,,575.5,575.5
Germie Bernard,ecc8eb1b-f714-57a6-bcf3-b183dd6c12a8,WR,Wide Receiver,season_receiving_yards,,375.5,375.5
KC Concepcion,338ae7df-02ad-5a94-9767-60f511bd55e1,WR,Wide Receiver,season_rec_tds,,3.5,3.5
Carnell Tate,f96aa8db-21c2-5b86-b49d-7e64b4eda61d,WR,Wide Receiver,season_rec_tds,,4.5,4.5
Omar Cooper,516ded41-e882-5175-9a00-d0b4c028eb74,WR,Wide Receiver,season_rec_tds,,3.5,3.5
Kenyon Sadiq,516ded41-e882-5175-9a00-d0b4c028eb74,TE,Tight End,season_rec_tds,,3.5,3.5
Bijan Robinson,8699a914-7d44-5a36-b7a6-2063d3ea761f,RB,Running Back,season_receiving_yards,,579.5,579.5
Jahmyr Gibbs,a8980eb6-327f-5bc5-abf9-de1e944b566d,RB,Running Back,season_rec_tds,,4.5,4.5
Brian Thomas,b49b653c-dc7c-516e-b1c2-da1b30d1b1a6,WR,Wide Receiver,season_receiving_yards,,739.5,739.5
Jayden Daniels,a6d8dc19-daaf-5798-a8f2-df7f9fc9eecd,QB,Quarterback,season_pass_yards,,3264.5,3264.5
Brock Bowers,5ce78c37-b02c-52da-9e4f-fcd65b6ccb76,TE,Tight End,season_rec_tds,,7.5,7.5
Sam LaPorta,a8980eb6-327f-5bc5-abf9-de1e944b566d,TE,Tight End,season_receiving_yards,,649.5,649.5
Trevor Lawrence,b49b653c-dc7c-516e-b1c2-da1b30d1b1a6,QB,Quarterback,season_pass_tds,,25.5,25.5
Justin Herbert,c7b497d4-18b6-522b-abaa-e5c3d24bc021,QB,Quarterback,season_pass_tds,,25.5,25.5
Malik Willis,9153e0a9-da83-5246-ba43-417537f1bcce,QB,Quarterback,season_pass_yards,,2949.5,2949.5
Cam Ward,f96aa8db-21c2-5b86-b49d-7e64b4eda61d,QB,Quarterback,season_pass_tds,,19.5,19.5
Carnell Tate,f96aa8db-21c2-5b86-b49d-7e64b4eda61d,WR,Wide Receiver,season_receiving_yards,,779.5,779.5
Fernando Mendoza,5ce78c37-b02c-52da-9e4f-fcd65b6ccb76,QB,Quarterback,season_pass_tds,,12.5,12.5
Malik Willis,9153e0a9-da83-5246-ba43-417537f1bcce,QB,Quarterback,season_pass_tds,,14.5,14.5
Saquon Barkley,de7219e5-92f1-5989-804a-68479055ba42,RB,Running Back,season_receiving_yards,,274.5,274.5
Derrick Henry,01bfe9d5-f671-57ed-aa60-249fcca9267c,RB,Running Back,season_receiving_yards,,159.5,159.5
Javonte Williams,26e67e06-664e-50a6-ad7b-c102705fde8b,RB,Running Back,season_receiving_yards,,224.5,224.5
Derrick Henry,01bfe9d5-f671-57ed-aa60-249fcca9267c,RB,Running Back,season_rec_tds,,0.5,0.5
Jonathan Taylor,f11f1cf1-9933-5203-8181-95020ee64399,RB,Running Back,season_rec_tds,,1.5,1.5
Jalen Hurts,de7219e5-92f1-5989-804a-68479055ba42,QB,Quarterback,season_pass_yards,,3199.5,3199.5
Jalen Hurts,de7219e5-92f1-5989-804a-68479055ba42,QB,Quarterback,season_pass_tds,,21.5,21.5
Chase Brown,ab235cf0-a041-5d36-8241-90a90f0dcb5e,RB,Running Back,season_rec_tds,,3.5,3.5
Ja'Marr Chase,ab235cf0-a041-5d36-8241-90a90f0dcb5e,WR,Wide Receiver,season_receiving_yards,,1324.5,1324.5
Ja'Marr Chase,ab235cf0-a041-5d36-8241-90a90f0dcb5e,WR,Wide Receiver,season_rec_tds,,10.5,10.5
Kenneth Walker III,a6f458f4-5078-56e4-a839-af96f1191314,RB,Running Back,season_receiving_yards,,299.5,299.5
Ashton Jeanty,5ce78c37-b02c-52da-9e4f-fcd65b6ccb76,RB,Running Back,season_receiving_yards,,349.5,349.5
Ashton Jeanty,5ce78c37-b02c-52da-9e4f-fcd65b6ccb76,RB,Running Back,season_rec_tds,,2.5,2.5
Josh Allen,0719b253-43db-532e-8b5c-6c12c6c3f951,QB,Quarterback,season_pass_yards,,3625.5,3625.5
Josh Allen,0719b253-43db-532e-8b5c-6c12c6c3f951,QB,Quarterback,season_pass_tds,,24.5,24.5
Tee Higgins,ab235cf0-a041-5d36-8241-90a90f0dcb5e,WR,Wide Receiver,season_receiving_yards,,874.5,874.5
Rashee Rice,a6f458f4-5078-56e4-a839-af96f1191314,WR,Wide Receiver,season_receiving_yards,,999.5,999.5
CeeDee Lamb,26e67e06-664e-50a6-ad7b-c102705fde8b,WR,Wide Receiver,season_receiving_yards,,1199.5,1199.5
Drake London,8699a914-7d44-5a36-b7a6-2063d3ea761f,WR,Wide Receiver,season_receiving_yards,,1099.5,1099.5
Courtland Sutton,7b3b21be-a209-5dee-a3f7-3fae61f52a1e,WR,Wide Receiver,season_rec_tds,,6.5,6.5
CeeDee Lamb,26e67e06-664e-50a6-ad7b-c102705fde8b,WR,Wide Receiver,season_rec_tds,,7.5,7.5
Terry McLaurin,a6d8dc19-daaf-5798-a8f2-df7f9fc9eecd,WR,Wide Receiver,season_receiving_yards,,925.5,925.5
Justin Jefferson,5af1e185-627e-5345-851d-3c65c5b66614,WR,Wide Receiver,season_rec_tds,,7.5,7.5
Amon-Ra St. Brown,a8980eb6-327f-5bc5-abf9-de1e944b566d,WR,Wide Receiver,season_receiving_yards,,1249.5,1249.5
Amon-Ra St. Brown,a8980eb6-327f-5bc5-abf9-de1e944b566d,WR,Wide Receiver,season_rec_tds,,9.5,9.5
Nico Collins,4ab08caa-b79d-598e-82ef-0906a60d2a89,WR,Wide Receiver,season_receiving_yards,,1149.5,1149.5
Nico Collins,4ab08caa-b79d-598e-82ef-0906a60d2a89,WR,Wide Receiver,season_rec_tds,,6.5,6.5
Marvin Harrison,8459772c-695a-5890-afa1-7ec38da17201,WR,Wide Receiver,season_receiving_yards,,829.5,829.5
Ladd McConkey,c7b497d4-18b6-522b-abaa-e5c3d24bc021,WR,Wide Receiver,season_receiving_yards,,900.5,900.5
Travis Kelce,a6f458f4-5078-56e4-a839-af96f1191314,TE,Tight End,season_receiving_yards,,674.5,674.5
Ladd McConkey,c7b497d4-18b6-522b-abaa-e5c3d24bc021,WR,Wide Receiver,season_rec_tds,,5.5,5.5
Travis Kelce,a6f458f4-5078-56e4-a839-af96f1191314,TE,Tight End,season_rec_tds,,4.5,4.5
Lamar Jackson,01bfe9d5-f671-57ed-aa60-249fcca9267c,QB,Quarterback,season_pass_yards,,3249.5,3249.5
Lamar Jackson,01bfe9d5-f671-57ed-aa60-249fcca9267c,QB,Quarterback,season_pass_tds,,24.5,24.5
Jayden Daniels,a6d8dc19-daaf-5798-a8f2-df7f9fc9eecd,QB,Quarterback,season_pass_tds,,21.5,21.5
Jameson Williams,a8980eb6-327f-5bc5-abf9-de1e944b566d,WR,Wide Receiver,season_receiving_yards,,924.5,924.5
Emeka Egbuka,1a20f1da-c502-5224-9c4a-bc363174cd21,WR,Wide Receiver,season_receiving_yards,,949.5,949.5
Rome Odunze,e8a4678a-ccdb-5f35-be13-aef6e59a5680,WR,Wide Receiver,season_receiving_yards,,814.5,814.5
Tetairoa McMillan,17f3bc4a-e2d6-5dc5-a554-00549ff0139f,WR,Wide Receiver,season_rec_tds,,6.5,6.5
Jameson Williams,a8980eb6-327f-5bc5-abf9-de1e944b566d,WR,Wide Receiver,season_rec_tds,,6.5,6.5
Brock Bowers,5ce78c37-b02c-52da-9e4f-fcd65b6ccb76,TE,Tight End,season_receiving_yards,,925.5,925.5
Zay Flowers,01bfe9d5-f671-57ed-aa60-249fcca9267c,WR,Wide Receiver,season_receiving_yards,,1001.5,1001.5
Zay Flowers,01bfe9d5-f671-57ed-aa60-249fcca9267c,WR,Wide Receiver,season_rec_tds,,5.5,5.5
D.J. Moore,0719b253-43db-532e-8b5c-6c12c6c3f951,WR,Wide Receiver,season_receiving_yards,,849.5,849.5
D.J. Moore,0719b253-43db-532e-8b5c-6c12c6c3f951,WR,Wide Receiver,season_rec_tds,,5.5,5.5
Trey McBride,8459772c-695a-5890-afa1-7ec38da17201,TE,Tight End,season_receiving_yards,,999.5,999.5
Trey McBride,8459772c-695a-5890-afa1-7ec38da17201,TE,Tight End,season_rec_tds,,6.5,6.5
George Pickens,26e67e06-664e-50a6-ad7b-c102705fde8b,WR,Wide Receiver,season_receiving_yards,,1050.5,1050.5
DK Metcalf,ecc8eb1b-f714-57a6-bcf3-b183dd6c12a8,WR,Wide Receiver,season_receiving_yards,,849.5,849.5
Garrett Wilson,516ded41-e882-5175-9a00-d0b4c028eb74,WR,Wide Receiver,season_receiving_yards,,999.5,999.5
Jaxson Dart,d40a4380-49a6-5b5f-ab7d-f5393787ed12,QB,Quarterback,season_pass_yards,,3124.5,3124.5
Jaxson Dart,d40a4380-49a6-5b5f-ab7d-f5393787ed12,QB,Quarterback,season_pass_tds,,19.5,19.5
Michael Pittman Jr.,ecc8eb1b-f714-57a6-bcf3-b183dd6c12a8,WR,Wide Receiver,season_receiving_yards,,749.5,749.5
Chris Olave,530518ed-91db-57c4-9077-27cc0dd9a293,WR,Wide Receiver,season_rec_tds,,6.5,6.5
Michael Pittman Jr.,ecc8eb1b-f714-57a6-bcf3-b183dd6c12a8,WR,Wide Receiver,season_rec_tds,,4.5,4.5
Bo Nix,7b3b21be-a209-5dee-a3f7-3fae61f52a1e,QB,Quarterback,season_pass_yards,,3499.5,3499.5
Bo Nix,7b3b21be-a209-5dee-a3f7-3fae61f52a1e,QB,Quarterback,season_pass_tds,,24.5,24.5
Trevor Lawrence,b49b653c-dc7c-516e-b1c2-da1b30d1b1a6,QB,Quarterback,season_pass_yards,,3749.5,3749.5
Baker Mayfield,1a20f1da-c502-5224-9c4a-bc363174cd21,QB,Quarterback,season_pass_yards,,3594.5,3594.5
Baker Mayfield,1a20f1da-c502-5224-9c4a-bc363174cd21,QB,Quarterback,season_pass_tds,,25.5,25.5
Luther Burden,e8a4678a-ccdb-5f35-be13-aef6e59a5680,WR,Wide Receiver,season_receiving_yards,,849.5,849.5
Bryce Young,17f3bc4a-e2d6-5dc5-a554-00549ff0139f,QB,Quarterback,season_pass_yards,,2950.5,2950.5
Bryce Young,17f3bc4a-e2d6-5dc5-a554-00549ff0139f,QB,Quarterback,season_pass_tds,,20.5,20.5
Justin Herbert,c7b497d4-18b6-522b-abaa-e5c3d24bc021,QB,Quarterback,season_pass_yards,,3649.5,3649.5
Colston Loveland,e8a4678a-ccdb-5f35-be13-aef6e59a5680,TE,Tight End,season_receiving_yards,,834.5,834.5
Colston Loveland,e8a4678a-ccdb-5f35-be13-aef6e59a5680,TE,Tight End,season_rec_tds,,5.5,5.5
Joe Burrow,ab235cf0-a041-5d36-8241-90a90f0dcb5e,QB,Quarterback,season_pass_yards,,3999.5,3999.5
Joe Burrow,ab235cf0-a041-5d36-8241-90a90f0dcb5e,QB,Quarterback,season_pass_tds,,32.5,32.5
Cade Otton,1a20f1da-c502-5224-9c4a-bc363174cd21,TE,Tight End,season_rec_tds,,3.5,3.5
C.J. Stroud,4ab08caa-b79d-598e-82ef-0906a60d2a89,QB,Quarterback,season_pass_yards,,3549.5,3549.5
C.J. Stroud,4ab08caa-b79d-598e-82ef-0906a60d2a89,QB,Quarterback,season_pass_tds,,22.5,22.5
Parker Washington,b49b653c-dc7c-516e-b1c2-da1b30d1b1a6,WR,Wide Receiver,season_receiving_yards,,824.5,824.5
Jordan Love,a2fadaac-562f-5a7e-bd63-6d88d90c1ac4,QB,Quarterback,season_pass_yards,,3599.5,3599.5
Jordan Love,a2fadaac-562f-5a7e-bd63-6d88d90c1ac4,QB,Quarterback,season_pass_tds,,24.5,24.5
Dak Prescott,26e67e06-664e-50a6-ad7b-c102705fde8b,QB,Quarterback,season_pass_yards,,4024.5,4024.5
Jared Goff,a8980eb6-327f-5bc5-abf9-de1e944b566d,QB,Quarterback,season_pass_yards,,4074.5,4074.5
Jared Goff,a8980eb6-327f-5bc5-abf9-de1e944b566d,QB,Quarterback,season_pass_tds,,29.5,29.5
Cam Ward,f96aa8db-21c2-5b86-b49d-7e64b4eda61d,QB,Quarterback,season_pass_yards,,3299.5,3299.5
Tyler Shough,530518ed-91db-57c4-9077-27cc0dd9a293,QB,Quarterback,season_pass_yards,,3477.5,3477.5
Tyler Shough,530518ed-91db-57c4-9077-27cc0dd9a293,QB,Quarterback,season_pass_tds,,20.5,20.5
Chris Godwin,1a20f1da-c502-5224-9c4a-bc363174cd21,WR,Wide Receiver,season_receiving_yards,,699.5,699.5
Christian Watson,a2fadaac-562f-5a7e-bd63-6d88d90c1ac4,WR,Wide Receiver,season_receiving_yards,,799.5,799.5
Caleb Williams,e8a4678a-ccdb-5f35-be13-aef6e59a5680,QB,Quarterback,season_pass_yards,,3629.5,3629.5
Tetairoa McMillan,17f3bc4a-e2d6-5dc5-a554-00549ff0139f,WR,Wide Receiver,season_receiving_yards,,959.5,959.5
KC Concepcion,338ae7df-02ad-5a94-9767-60f511bd55e1,WR,Wide Receiver,season_receiving_yards,,599.5,599.5
Saquon Barkley,de7219e5-92f1-5989-804a-68479055ba42,RB,Running Back,season_rec_tds,,2.5,2.5
Javonte Williams,26e67e06-664e-50a6-ad7b-c102705fde8b,RB,Running Back,season_rec_tds,,0.5,0.5
Bucky Irving,1a20f1da-c502-5224-9c4a-bc363174cd21,RB,Running Back,season_rush_yards,,799.5,799.5
De'Von Achane,9153e0a9-da83-5246-ba43-417537f1bcce,RB,Running Back,season_rec_tds,,3.5,3.5
Chuba Hubbard,17f3bc4a-e2d6-5dc5-a554-00549ff0139f,RB,Running Back,season_rush_yards,,699.5,699.5
Chuba Hubbard,17f3bc4a-e2d6-5dc5-a554-00549ff0139f,RB,Running Back,season_rush_tds,,4.5,4.5
Omarion Hampton,c7b497d4-18b6-522b-abaa-e5c3d24bc021,RB,Running Back,season_rush_yards,,955.5,955.5
Omarion Hampton,c7b497d4-18b6-522b-abaa-e5c3d24bc021,RB,Running Back,season_rush_tds,,7.5,7.5
J.K. Dobbins,7b3b21be-a209-5dee-a3f7-3fae61f52a1e,RB,Running Back,season_rush_yards,,685.5,685.5
J.K. Dobbins,7b3b21be-a209-5dee-a3f7-3fae61f52a1e,RB,Running Back,season_rush_tds,,5.5,5.5
Tee Higgins,ab235cf0-a041-5d36-8241-90a90f0dcb5e,WR,Wide Receiver,season_rec_tds,,8.5,8.5
Breece Hall,516ded41-e882-5175-9a00-d0b4c028eb74,RB,Running Back,season_rec_tds,,2.5,2.5
Tony Pollard,f96aa8db-21c2-5b86-b49d-7e64b4eda61d,RB,Running Back,season_rush_yards,,779.5,779.5
Tony Pollard,f96aa8db-21c2-5b86-b49d-7e64b4eda61d,RB,Running Back,season_rush_tds,,5.5,5.5
Terry McLaurin,a6d8dc19-daaf-5798-a8f2-df7f9fc9eecd,WR,Wide Receiver,season_rec_tds,,5.5,5.5
Brian Thomas,b49b653c-dc7c-516e-b1c2-da1b30d1b1a6,WR,Wide Receiver,season_rec_tds,,4.5,4.5
Aaron Jones,5af1e185-627e-5345-851d-3c65c5b66614,RB,Running Back,season_rush_yards,,499.5,499.5
D'Andre Swift,e8a4678a-ccdb-5f35-be13-aef6e59a5680,RB,Running Back,season_rush_yards,,824.5,824.5
D'Andre Swift,e8a4678a-ccdb-5f35-be13-aef6e59a5680,RB,Running Back,season_rush_tds,,7.5,7.5
Marvin Harrison,8459772c-695a-5890-afa1-7ec38da17201,WR,Wide Receiver,season_rec_tds,,5.5,5.5
Cam Skattebo,d40a4380-49a6-5b5f-ab7d-f5393787ed12,RB,Running Back,season_rush_yards,,799.5,799.5
Rome Odunze,e8a4678a-ccdb-5f35-be13-aef6e59a5680,WR,Wide Receiver,season_rec_tds,,5.5,5.5
Cam Skattebo,d40a4380-49a6-5b5f-ab7d-f5393787ed12,RB,Running Back,season_rec_tds,,1.5,1.5
Emeka Egbuka,1a20f1da-c502-5224-9c4a-bc363174cd21,WR,Wide Receiver,season_rec_tds,,6.5,6.5
Cam Skattebo,d40a4380-49a6-5b5f-ab7d-f5393787ed12,RB,Running Back,season_rush_tds,,6.5,6.5
Quinshon Judkins,338ae7df-02ad-5a94-9767-60f511bd55e1,RB,Running Back,season_rush_yards,,899.5,899.5
Quinshon Judkins,338ae7df-02ad-5a94-9767-60f511bd55e1,RB,Running Back,season_rush_tds,,6.5,6.5
Jaylen Warren,ecc8eb1b-f714-57a6-bcf3-b183dd6c12a8,RB,Running Back,season_rush_yards,,599.5,599.5
Tucker Kraft,a2fadaac-562f-5a7e-bd63-6d88d90c1ac4,TE,Tight End,season_rec_tds,,5.5,5.5
Mark Andrews,01bfe9d5-f671-57ed-aa60-249fcca9267c,TE,Tight End,season_rec_tds,,6.5,6.5
Rico Dowdle,ecc8eb1b-f714-57a6-bcf3-b183dd6c12a8,RB,Running Back,season_rush_yards,,724.5,724.5
Rico Dowdle,ecc8eb1b-f714-57a6-bcf3-b183dd6c12a8,RB,Running Back,season_rush_tds,,4.5,4.5
Jordan Mason,5af1e185-627e-5345-851d-3c65c5b66614,RB,Running Back,season_rush_tds,,4.5,4.5
George Pickens,26e67e06-664e-50a6-ad7b-c102705fde8b,WR,Wide Receiver,season_rec_tds,,6.5,6.5
Jakobi Meyers,b49b653c-dc7c-516e-b1c2-da1b30d1b1a6,WR,Wide Receiver,season_rec_tds,,5.5,5.5
Jerry Jeudy,338ae7df-02ad-5a94-9767-60f511bd55e1,WR,Wide Receiver,season_rec_tds,,3.5,3.5
Garrett Wilson,516ded41-e882-5175-9a00-d0b4c028eb74,WR,Wide Receiver,season_rec_tds,,4.5,4.5
Sam LaPorta,a8980eb6-327f-5bc5-abf9-de1e944b566d,TE,Tight End,season_rec_tds,,4.5,4.5
Jordan Addison,5af1e185-627e-5345-851d-3c65c5b66614,WR,Wide Receiver,season_rec_tds,,4.5,4.5
Kyler Murray,5af1e185-627e-5345-851d-3c65c5b66614,QB,Quarterback,season_pass_yards,,3049.5,3049.5
Kyler Murray,5af1e185-627e-5345-851d-3c65c5b66614,QB,Quarterback,season_pass_tds,,18.5,18.5
Kyler Murray,5af1e185-627e-5345-851d-3c65c5b66614,QB,Quarterback,season_rush_yards,,374.5,374.5
Calvin Ridley,f96aa8db-21c2-5b86-b49d-7e64b4eda61d,WR,Wide Receiver,season_rec_tds,,3.5,3.5
Quentin Johnston,c7b497d4-18b6-522b-abaa-e5c3d24bc021,WR,Wide Receiver,season_rec_tds,,5.5,5.5
Tyler Warren,f11f1cf1-9933-5203-8181-95020ee64399,TE,Tight End,season_rec_tds,,5.5,5.5
Dallas Goedert,de7219e5-92f1-5989-804a-68479055ba42,TE,Tight End,season_rec_tds,,4.5,4.5
Kyle Pitts,8699a914-7d44-5a36-b7a6-2063d3ea761f,TE,Tight End,season_rec_tds,,4.5,4.5
Jake Ferguson,26e67e06-664e-50a6-ad7b-c102705fde8b,TE,Tight End,season_rec_tds,,4.5,4.5
Luther Burden,e8a4678a-ccdb-5f35-be13-aef6e59a5680,WR,Wide Receiver,season_rec_tds,,4.5,4.5
Jacory Croskey-Merritt,a6d8dc19-daaf-5798-a8f2-df7f9fc9eecd,RB,Running Back,season_rush_yards,,624.5,624.5
Bhayshul Tuten,b49b653c-dc7c-516e-b1c2-da1b30d1b1a6,RB,Running Back,season_rush_yards,,724.5,724.5
Bhayshul Tuten,b49b653c-dc7c-516e-b1c2-da1b30d1b1a6,RB,Running Back,season_rush_tds,,5.5,5.5
Kyle Monangai,e8a4678a-ccdb-5f35-be13-aef6e59a5680,RB,Running Back,season_rush_yards,,649.5,649.5
Kyle Monangai,e8a4678a-ccdb-5f35-be13-aef6e59a5680,RB,Running Back,season_rush_tds,,4.5,4.5
Parker Washington,b49b653c-dc7c-516e-b1c2-da1b30d1b1a6,WR,Wide Receiver,season_rec_tds,,4.5,4.5
Oronde Gadsden,c7b497d4-18b6-522b-abaa-e5c3d24bc021,TE,Tight End,season_rec_tds,,4.5,4.5
Jacoby Brissett,8459772c-695a-5890-afa1-7ec38da17201,QB,Quarterback,season_pass_tds,,18.5,18.5
Tuli Tuipulotu,c7b497d4-18b6-522b-abaa-e5c3d24bc021,OLB,Outside Linebacker,season_sacks,,10.25,10.25
Jalen Carter,de7219e5-92f1-5989-804a-68479055ba42,DT,Defensive Tackle,season_sacks,,4.75,4.75
Travon Walker,b49b653c-dc7c-516e-b1c2-da1b30d1b1a6,DE,Defensive End,season_sacks,,6.75,6.75
Chris Jones,a6f458f4-5078-56e4-a839-af96f1191314,DT,Defensive Tackle,season_sacks,,8.75,8.75
Zach Allen,7b3b21be-a209-5dee-a3f7-3fae61f52a1e,DL,Defensive Line,season_sacks,,7.75,7.75
Abdul Carter,d40a4380-49a6-5b5f-ab7d-f5393787ed12,OLB,Outside Linebacker,season_sacks,,6.75,6.75
Josh Hines-Allen,b49b653c-dc7c-516e-b1c2-da1b30d1b1a6,DE,Defensive End,season_sacks,,9.75,9.75
Chris Godwin,1a20f1da-c502-5224-9c4a-bc363174cd21,WR,Wide Receiver,season_rec_tds,,4.5,4.5
Bradley Chubb,0719b253-43db-532e-8b5c-6c12c6c3f951,OLB,Outside Linebacker,season_sacks,,8.25,8.25
Trey Hendrickson,01bfe9d5-f671-57ed-aa60-249fcca9267c,OLB,Outside Linebacker,season_sacks,,12.25,12.25
Derrick Brown,17f3bc4a-e2d6-5dc5-a554-00549ff0139f,DT,Defensive Tackle,season_sacks,,4.25,4.25
Denzel Boston,338ae7df-02ad-5a94-9767-60f511bd55e1,WR,Wide Receiver,season_rec_tds,,3.5,3.5
Chase Young,530518ed-91db-57c4-9077-27cc0dd9a293,DE,Defensive End,season_sacks,,7.75,7.75
Christian Watson,a2fadaac-562f-5a7e-bd63-6d88d90c1ac4,WR,Wide Receiver,season_rec_tds,,6.5,6.5
Josh Sweat,8459772c-695a-5890-afa1-7ec38da17201,OLB,Outside Linebacker,season_sacks,,8.75,8.75
T.J. Watt,ecc8eb1b-f714-57a6-bcf3-b183dd6c12a8,LB,Linebacker,season_sacks,,10.75,10.75
Khalil Mack,c7b497d4-18b6-522b-abaa-e5c3d24bc021,OLB,Outside Linebacker,season_sacks,,7.25,7.25
Will McDonald IV,516ded41-e882-5175-9a00-d0b4c028eb74,DE,Defensive End,season_sacks,,7.25,7.25
Calvin Ridley,f96aa8db-21c2-5b86-b49d-7e64b4eda61d,WR,Wide Receiver,season_receiving_yards,,575.5,575.5
Tre Tucker,5ce78c37-b02c-52da-9e4f-fcd65b6ccb76,WR,Wide Receiver,season_receiving_yards,,574.5,574.5
Omar Cooper,516ded41-e882-5175-9a00-d0b4c028eb74,WR,Wide Receiver,season_receiving_yards,,425.5,425.5
Ashton Daniels,70933dd1-8440-44ca-a578-4062c8789d70,QB,Quarterback,rush_rec_tds,,0.5,0.5
Steve Angeli,9a9e2475-8506-4174-8f17-f5124d289a35,QB,Quarterback,rush_rec_tds,,0.5,0.5
Kevin Jennings,9f3952f8-b2c5-4531-bcd3-1dbd970250ff,QB,Quarterback,rush_rec_tds,,0.5,0.5
Ju'Juan Johnson,9a9e2475-8506-4174-8f17-f5124d289a35,RB,Running Back,rush_rec_tds,,0.5,0.5
Jaron-Keawe Sagapolutele,66a40421-4792-480a-8d42-148d9ad5bc59,QB,Quarterback,rush_rec_tds,,0.5,0.5
Jaron-Keawe Sagapolutele,66a40421-4792-480a-8d42-148d9ad5bc59,QB,Quarterback,passing_yds,,276.5,276.5
Steve Angeli,9a9e2475-8506-4174-8f17-f5124d289a35,QB,Quarterback,passing_yds,,274.5,274.5
Ashton Daniels,70933dd1-8440-44ca-a578-4062c8789d70,QB,Quarterback,passing_yds,,204.5,204.5
Kevin Jennings,9f3952f8-b2c5-4531-bcd3-1dbd970250ff,QB,Quarterback,passing_yds,,229.5,229.5
Kevin Jennings,9f3952f8-b2c5-4531-bcd3-1dbd970250ff,QB,Quarterback,passing_yds,,266.5,266.5
Kevin Jennings,9f3952f8-b2c5-4531-bcd3-1dbd970250ff,QB,Quarterback,rushing_yds,,11.5,11.5
Ashton Daniels,70933dd1-8440-44ca-a578-4062c8789d70,QB,Quarterback,rushing_yds,,32.5,32.5
Steve Angeli,9a9e2475-8506-4174-8f17-f5124d289a35,QB,Quarterback,passing_tds,,1.5,1.5
Ashton Daniels,70933dd1-8440-44ca-a578-4062c8789d70,QB,Quarterback,passing_tds,,1.5,1.5
Kevin Jennings,9f3952f8-b2c5-4531-bcd3-1dbd970250ff,QB,Quarterback,passing_tds,,1.5,1.5
Jaron-Keawe Sagapolutele,66a40421-4792-480a-8d42-148d9ad5bc59,QB,Quarterback,passing_tds,,1.5,1.5
Ashton Daniels,70933dd1-8440-44ca-a578-4062c8789d70,QB,Quarterback,passing_att,,28.5,28.5
Kevin Jennings,9f3952f8-b2c5-4531-bcd3-1dbd970250ff,QB,Quarterback,passing_att,,34.5,34.5
Jaron-Keawe Sagapolutele,66a40421-4792-480a-8d42-148d9ad5bc59,QB,Quarterback,passing_att,,38.5,38.5
Ashton Daniels,70933dd1-8440-44ca-a578-4062c8789d70,QB,Quarterback,passing_ints,,0.5,0.5
Jaron-Keawe Sagapolutele,66a40421-4792-480a-8d42-148d9ad5bc59,QB,Quarterback,passing_comps,,24.5,24.5
Kevin Jennings,9f3952f8-b2c5-4531-bcd3-1dbd970250ff,QB,Quarterback,passing_comps,,23.5,23.5
Kevin Jennings,9f3952f8-b2c5-4531-bcd3-1dbd970250ff,QB,Quarterback,passing_ints,,0.5,0.5
Jaron-Keawe Sagapolutele,66a40421-4792-480a-8d42-148d9ad5bc59,QB,Quarterback,passing_ints,,0.5,0.5
Ashton Daniels,70933dd1-8440-44ca-a578-4062c8789d70,QB,Quarterback,passing_comps,,17.5,17.5
Steve Angeli,9a9e2475-8506-4174-8f17-f5124d289a35,QB,Quarterback,passing_ints,,0.5,0.5
Ashton Daniels,70933dd1-8440-44ca-a578-4062c8789d70,QB,Quarterback,period_first_touchdown_scored,,0.5,0.5
Kevin Jennings,9f3952f8-b2c5-4531-bcd3-1dbd970250ff,QB,Quarterback,period_first_touchdown_scored,,0.5,0.5
Ju'Juan Johnson,9a9e2475-8506-4174-8f17-f5124d289a35,RB,Running Back,period_first_touchdown_scored,,0.5,0.5
Ashton Daniels,70933dd1-8440-44ca-a578-4062c8789d70,QB,Quarterback,total_tds,,3.5,3.5
Kevin Jennings,9f3952f8-b2c5-4531-bcd3-1dbd970250ff,QB,Quarterback,total_tds,,3.5,3.5
Kevin Jennings,9f3952f8-b2c5-4531-bcd3-1dbd970250ff,QB,Quarterback,total_tds,,1.5,1.5
Ashton Daniels,70933dd1-8440-44ca-a578-4062c8789d70,QB,Quarterback,total_tds,,2.5,2.5
Kevin Jennings,9f3952f8-b2c5-4531-bcd3-1dbd970250ff,QB,Quarterback,total_tds,,2.5,2.5
Ashton Daniels,70933dd1-8440-44ca-a578-4062c8789d70,QB,Quarterback,total_tds,,1.5,1.5
Jaron-Keawe Sagapolutele,66a40421-4792-480a-8d42-148d9ad5bc59,QB,Quarterback,passing_and_rushing_yds,,268.5,268.5
Ashton Daniels,70933dd1-8440-44ca-a578-4062c8789d70,QB,Quarterback,passing_and_rushing_yds,,244.5,244.5
Kevin Jennings,9f3952f8-b2c5-4531-bcd3-1dbd970250ff,QB,Quarterback,passing_and_rushing_yds,,278.5,278.5
Kevin Jennings,9f3952f8-b2c5-4531-bcd3-1dbd970250ff,QB,Quarterback,fantasy_points,,21.75,21.75
Ashton Daniels,70933dd1-8440-44ca-a578-4062c8789d70,QB,Quarterback,fantasy_points,,18.95,18.95
Jaron-Keawe Sagapolutele,66a40421-4792-480a-8d42-148d9ad5bc59,QB,Quarterback,passing_long,,39.5,39.5
Ashton Daniels,70933dd1-8440-44ca-a578-4062c8789d70,QB,Quarterback,passing_long,,41.5,41.5
Kevin Jennings,9f3952f8-b2c5-4531-bcd3-1dbd970250ff,QB,Quarterback,passing_long,,41.5,41.5
Ashton Daniels,70933dd1-8440-44ca-a578-4062c8789d70,QB,Quarterback,rushing_long,,16.5,16.5
Kevin Jennings,9f3952f8-b2c5-4531-bcd3-1dbd970250ff,QB,Quarterback,rushing_long,,9.5,9.5
Jaron-Keawe Sagapolutele,66a40421-4792-480a-8d42-148d9ad5bc59,QB,Quarterback,rushing_long,,3.5,3.5
Kevin Jennings,9f3952f8-b2c5-4531-bcd3-1dbd970250ff,QB,Quarterback,period_1_2_passing_tds,,0.5,0.5
Jaron-Keawe Sagapolutele,66a40421-4792-480a-8d42-148d9ad5bc59,QB,Quarterback,rushing_att,,3.5,3.5
Kevin Jennings,9f3952f8-b2c5-4531-bcd3-1dbd970250ff,QB,Quarterback,rushing_att,,5.5,5.5
Ashton Daniels,70933dd1-8440-44ca-a578-4062c8789d70,QB,Quarterback,rushing_att,,10.5,10.5
Ashton Daniels,70933dd1-8440-44ca-a578-4062c8789d70,QB,Quarterback,game_high_rushing_yards,,0.5,0.5
Ashton Daniels,70933dd1-8440-44ca-a578-4062c8789d70,QB,Quarterback,game_high_passing_yards,,0.5,0.5
Kevin Jennings,9f3952f8-b2c5-4531-bcd3-1dbd970250ff,QB,Quarterback,game_high_passing_yards,,0.5,0.5
Kevin Jennings,9f3952f8-b2c5-4531-bcd3-1dbd970250ff,QB,Quarterback,1_pass_td_each_half,,0.5,0.5
Chase Hendricks,66a40421-4792-480a-8d42-148d9ad5bc59,WR,Wide Receiver,rush_rec_tds,,0.5,0.5
Quintrevion Wisner,70933dd1-8440-44ca-a578-4062c8789d70,RB,Running Back,rush_rec_tds,,0.5,0.5
Derrick McFall,9f3952f8-b2c5-4531-bcd3-1dbd970250ff,RB,Running Back,rush_rec_tds,,0.5,0.5
Dramekco Green,9f3952f8-b2c5-4531-bcd3-1dbd970250ff,RB,Running Back,rush_rec_tds,,0.5,0.5
Ousmane Kromah,70933dd1-8440-44ca-a578-4062c8789d70,RB,Running Back,rush_rec_tds,,0.5,0.5
Kendrick Raphael,9f3952f8-b2c5-4531-bcd3-1dbd970250ff,RB,Running Back,rush_rec_tds,,0.5,0.5
Mason Mini,66a40421-4792-480a-8d42-148d9ad5bc59,TE,Tight End,rush_rec_tds,,0.5,0.5
Tylik Hill,9a9e2475-8506-4174-8f17-f5124d289a35,RB,Running Back,rush_rec_tds,,0.5,0.5
Samuel Singleton,70933dd1-8440-44ca-a578-4062c8789d70,RB,Running Back,rush_rec_tds,,0.5,0.5
Adam Mohammed,66a40421-4792-480a-8d42-148d9ad5bc59,RB,Running Back,rush_rec_tds,,0.5,0.5
Adam Mohammed,66a40421-4792-480a-8d42-148d9ad5bc59,RB,Running Back,rushing_yds,,81.5,81.5
Ousmane Kromah,70933dd1-8440-44ca-a578-4062c8789d70,RB,Running Back,rushing_yds,,60.5,60.5
Kendrick Raphael,9f3952f8-b2c5-4531-bcd3-1dbd970250ff,RB,Running Back,rushing_yds,,63.5,63.5
Samuel Singleton,70933dd1-8440-44ca-a578-4062c8789d70,RB,Running Back,rushing_yds,,34.5,34.5
Kendrick Raphael,9f3952f8-b2c5-4531-bcd3-1dbd970250ff,RB,Running Back,receiving_yds,,17.5,17.5
Samuel Singleton,70933dd1-8440-44ca-a578-4062c8789d70,RB,Running Back,receiving_yds,,15.5,15.5
Chase Hendricks,66a40421-4792-480a-8d42-148d9ad5bc59,WR,Wide Receiver,receiving_yds,,69.5,69.5
Adam Mohammed,66a40421-4792-480a-8d42-148d9ad5bc59,RB,Running Back,receiving_yds,,22.5,22.5
Mason Mini,66a40421-4792-480a-8d42-148d9ad5bc59,TE,Tight End,receiving_yds,,34.5,34.5
Samuel Singleton,70933dd1-8440-44ca-a578-4062c8789d70,RB,Running Back,receiving_rec,,1.5,1.5
Adam Mohammed,66a40421-4792-480a-8d42-148d9ad5bc59,RB,Running Back,receiving_rec,,3.5,3.5
Mason Mini,66a40421-4792-480a-8d42-148d9ad5bc59,TE,Tight End,receiving_rec,,3.5,3.5
Chase Hendricks,66a40421-4792-480a-8d42-148d9ad5bc59,WR,Wide Receiver,receiving_rec,,5.5,5.5
Adam Mohammed,66a40421-4792-480a-8d42-148d9ad5bc59,RB,Running Back,period_first_touchdown_scored,,0.5,0.5
Kendrick Raphael,9f3952f8-b2c5-4531-bcd3-1dbd970250ff,RB,Running Back,period_first_touchdown_scored,,0.5,0.5
Samuel Singleton,70933dd1-8440-44ca-a578-4062c8789d70,RB,Running Back,period_first_touchdown_scored,,0.5,0.5
Mason Mini,66a40421-4792-480a-8d42-148d9ad5bc59,TE,Tight End,period_first_touchdown_scored,,0.5,0.5
Quintrevion Wisner,70933dd1-8440-44ca-a578-4062c8789d70,RB,Running Back,period_first_touchdown_scored,,0.5,0.5
Chase Hendricks,66a40421-4792-480a-8d42-148d9ad5bc59,WR,Wide Receiver,period_first_touchdown_scored,,0.5,0.5
Ousmane Kromah,70933dd1-8440-44ca-a578-4062c8789d70,RB,Running Back,period_first_touchdown_scored,,0.5,0.5
Dramekco Green,9f3952f8-b2c5-4531-bcd3-1dbd970250ff,RB,Running Back,period_first_touchdown_scored,,0.5,0.5
Adam Mohammed,66a40421-4792-480a-8d42-148d9ad5bc59,RB,Running Back,rush_rec_yds,,111.5,111.5
Kendrick Raphael,9f3952f8-b2c5-4531-bcd3-1dbd970250ff,RB,Running Back,rush_rec_yds,,81.5,81.5
Samuel Singleton,70933dd1-8440-44ca-a578-4062c8789d70,RB,Running Back,rush_rec_yds,,59.5,59.5
Samuel Singleton,70933dd1-8440-44ca-a578-4062c8789d70,RB,Running Back,fantasy_points,,8.65,8.65
Ousmane Kromah,70933dd1-8440-44ca-a578-4062c8789d70,RB,Running Back,fantasy_points,,9.25,9.25
Kendrick Raphael,9f3952f8-b2c5-4531-bcd3-1dbd970250ff,RB,Running Back,fantasy_points,,15.25,15.25
Samuel Singleton,70933dd1-8440-44ca-a578-4062c8789d70,RB,Running Back,rushing_long,,12.5,12.5
Dramekco Green,9f3952f8-b2c5-4531-bcd3-1dbd970250ff,RB,Running Back,rushing_long,,12.5,12.5
Adam Mohammed,66a40421-4792-480a-8d42-148d9ad5bc59,RB,Running Back,rushing_long,,18.5,18.5
Kendrick Raphael,9f3952f8-b2c5-4531-bcd3-1dbd970250ff,RB,Running Back,rushing_long,,15.5,15.5
Ousmane Kromah,70933dd1-8440-44ca-a578-4062c8789d70,RB,Running Back,rushing_long,,15.5,15.5
Adam Mohammed,66a40421-4792-480a-8d42-148d9ad5bc59,RB,Running Back,receiving_long,,12.5,12.5
Chase Hendricks,66a40421-4792-480a-8d42-148d9ad5bc59,WR,Wide Receiver,receiving_long,,25.5,25.5
Kendrick Raphael,9f3952f8-b2c5-4531-bcd3-1dbd970250ff,RB,Running Back,receiving_long,,10.5,10.5
Mason Mini,66a40421-4792-480a-8d42-148d9ad5bc59,TE,Tight End,receiving_long,,16.5,16.5
Samuel Singleton,70933dd1-8440-44ca-a578-4062c8789d70,RB,Running Back,receiving_long,,11.5,11.5
Ousmane Kromah,70933dd1-8440-44ca-a578-4062c8789d70,RB,Running Back,rushing_att,,12.5,12.5
Adam Mohammed,66a40421-4792-480a-8d42-148d9ad5bc59,RB,Running Back,rushing_att,,18.5,18.5
Samuel Singleton,70933dd1-8440-44ca-a578-4062c8789d70,RB,Running Back,rushing_att,,9.5,9.5
Kendrick Raphael,9f3952f8-b2c5-4531-bcd3-1dbd970250ff,RB,Running Back,rushing_att,,14.5,14.5
Ousmane Kromah,70933dd1-8440-44ca-a578-4062c8789d70,RB,Running Back,game_high_rushing_yards,,0.5,0.5
Kendrick Raphael,9f3952f8-b2c5-4531-bcd3-1dbd970250ff,RB,Running Back,game_high_rushing_yards,,0.5,0.5
Samuel Singleton,70933dd1-8440-44ca-a578-4062c8789d70,RB,Running Back,game_high_rushing_yards,,0.5,0.5
Jordan King,66a40421-4792-480a-8d42-148d9ad5bc59,WR,Wide Receiver,rush_rec_tds,,0.5,0.5
Ian Strong,66a40421-4792-480a-8d42-148d9ad5bc59,WR,Wide Receiver,rush_rec_tds,,0.5,0.5
Cole Boscia,66a40421-4792-480a-8d42-148d9ad5bc59,WR,Wide Receiver,rush_rec_tds,,0.5,0.5
Matthew Outten,9a9e2475-8506-4174-8f17-f5124d289a35,WR,Wide Receiver,rush_rec_tds,,0.5,0.5
Yannick Smith,9f3952f8-b2c5-4531-bcd3-1dbd970250ff,WR,Wide Receiver,rush_rec_tds,,0.5,0.5
Darius Johnson,9a9e2475-8506-4174-8f17-f5124d289a35,WR,Wide Receiver,rush_rec_tds,,0.5,0.5
Jalen Cooper,9f3952f8-b2c5-4531-bcd3-1dbd970250ff,WR,Wide Receiver,rush_rec_tds,,0.5,0.5
Cole Weaver,9a9e2475-8506-4174-8f17-f5124d289a35,WR,Wide Receiver,rush_rec_tds,,0.5,0.5
Cooper Perry,66a40421-4792-480a-8d42-148d9ad5bc59,WR,Wide Receiver,rush_rec_tds,,0.5,0.5
Duce Robinson,70933dd1-8440-44ca-a578-4062c8789d70,WR,Wide Receiver,rush_rec_tds,,0.5,0.5
Yamir Knight,9f3952f8-b2c5-4531-bcd3-1dbd970250ff,WR,Wide Receiver,rush_rec_tds,,0.5,0.5
Micahi Danzy,70933dd1-8440-44ca-a578-4062c8789d70,WR,Wide Receiver,rush_rec_tds,,0.5,0.5
Umari Hatcher,9a9e2475-8506-4174-8f17-f5124d289a35,WR,Wide Receiver,rush_rec_tds,,0.5,0.5
Jayvan Boggs,70933dd1-8440-44ca-a578-4062c8789d70,WR,Wide Receiver,rush_rec_tds,,0.5,0.5
Yamir Knight,9f3952f8-b2c5-4531-bcd3-1dbd970250ff,WR,Wide Receiver,receiving_yds,,56.5,56.5
Micahi Danzy,70933dd1-8440-44ca-a578-4062c8789d70,WR,Wide Receiver,receiving_yds,,41.5,41.5
Yannick Smith,9f3952f8-b2c5-4531-bcd3-1dbd970250ff,WR,Wide Receiver,receiving_yds,,33.5,33.5
Jayvan Boggs,70933dd1-8440-44ca-a578-4062c8789d70,WR,Wide Receiver,receiving_yds,,18.5,18.5
Duce Robinson,70933dd1-8440-44ca-a578-4062c8789d70,WR,Wide Receiver,receiving_yds,,67.5,67.5
Jalen Cooper,9f3952f8-b2c5-4531-bcd3-1dbd970250ff,WR,Wide Receiver,receiving_yds,,27.5,27.5
Umari Hatcher,9a9e2475-8506-4174-8f17-f5124d289a35,WR,Wide Receiver,receiving_yds,,62.5,62.5
Ian Strong,66a40421-4792-480a-8d42-148d9ad5bc59,WR,Wide Receiver,receiving_yds,,79.5,79.5
Micahi Danzy,70933dd1-8440-44ca-a578-4062c8789d70,WR,Wide Receiver,receiving_rec,,2.5,2.5
Duce Robinson,70933dd1-8440-44ca-a578-4062c8789d70,WR,Wide Receiver,receiving_rec,,4.5,4.5
Ian Strong,66a40421-4792-480a-8d42-148d9ad5bc59,WR,Wide Receiver,receiving_rec,,5.5,5.5
Jalen Cooper,9f3952f8-b2c5-4531-bcd3-1dbd970250ff,WR,Wide Receiver,receiving_rec,,2.5,2.5
Yannick Smith,9f3952f8-b2c5-4531-bcd3-1dbd970250ff,WR,Wide Receiver,receiving_rec,,2.5,2.5
Yamir Knight,9f3952f8-b2c5-4531-bcd3-1dbd970250ff,WR,Wide Receiver,receiving_rec,,4.5,4.5
Jayvan Boggs,70933dd1-8440-44ca-a578-4062c8789d70,WR,Wide Receiver,receiving_rec,,1.5,1.5
Matthew Outten,9a9e2475-8506-4174-8f17-f5124d289a35,WR,Wide Receiver,period_first_touchdown_scored,,0.5,0.5
Umari Hatcher,9a9e2475-8506-4174-8f17-f5124d289a35,WR,Wide Receiver,period_first_touchdown_scored,,0.5,0.5
Ian Strong,66a40421-4792-480a-8d42-148d9ad5bc59,WR,Wide Receiver,period_first_touchdown_scored,,0.5,0.5
Micahi Danzy,70933dd1-8440-44ca-a578-4062c8789d70,WR,Wide Receiver,period_first_touchdown_scored,,0.5,0.5
Yamir Knight,9f3952f8-b2c5-4531-bcd3-1dbd970250ff,WR,Wide Receiver,period_first_touchdown_scored,,0.5,0.5
Yannick Smith,9f3952f8-b2c5-4531-bcd3-1dbd970250ff,WR,Wide Receiver,period_first_touchdown_scored,,0.5,0.5
Cole Weaver,9a9e2475-8506-4174-8f17-f5124d289a35,WR,Wide Receiver,period_first_touchdown_scored,,0.5,0.5
Duce Robinson,70933dd1-8440-44ca-a578-4062c8789d70,WR,Wide Receiver,period_first_touchdown_scored,,0.5,0.5
Jalen Cooper,9f3952f8-b2c5-4531-bcd3-1dbd970250ff,WR,Wide Receiver,period_first_touchdown_scored,,0.5,0.5
Yamir Knight,9f3952f8-b2c5-4531-bcd3-1dbd970250ff,WR,Wide Receiver,fantasy_points,,10.35,10.35
Duce Robinson,70933dd1-8440-44ca-a578-4062c8789d70,WR,Wide Receiver,fantasy_points,,11.25,11.25
Ian Strong,66a40421-4792-480a-8d42-148d9ad5bc59,WR,Wide Receiver,receiving_long,,26.5,26.5
Jalen Cooper,9f3952f8-b2c5-4531-bcd3-1dbd970250ff,WR,Wide Receiver,receiving_long,,15.5,15.5
Duce Robinson,70933dd1-8440-44ca-a578-4062c8789d70,WR,Wide Receiver,receiving_long,,27.5,27.5
Micahi Danzy,70933dd1-8440-44ca-a578-4062c8789d70,WR,Wide Receiver,receiving_long,,22.5,22.5
Jayvan Boggs,70933dd1-8440-44ca-a578-4062c8789d70,WR,Wide Receiver,receiving_long,,13.5,13.5
Yamir Knight,9f3952f8-b2c5-4531-bcd3-1dbd970250ff,WR,Wide Receiver,receiving_long,,21.5,21.5
Yannick Smith,9f3952f8-b2c5-4531-bcd3-1dbd970250ff,WR,Wide Receiver,receiving_long,,18.5,18.5
Yamir Knight,9f3952f8-b2c5-4531-bcd3-1dbd970250ff,WR,Wide Receiver,game_high_receiving_yards,,0.5,0.5
Yannick Smith,9f3952f8-b2c5-4531-bcd3-1dbd970250ff,WR,Wide Receiver,game_high_receiving_yards,,0.5,0.5
Micahi Danzy,70933dd1-8440-44ca-a578-4062c8789d70,WR,Wide Receiver,game_high_receiving_yards,,0.5,0.5
Duce Robinson,70933dd1-8440-44ca-a578-4062c8789d70,WR,Wide Receiver,game_high_receiving_yards,,0.5,0.5
Dorian Thomas,66a40421-4792-480a-8d42-148d9ad5bc59,TE,Tight End,rush_rec_tds,,0.5,0.5
Theo Melin Ohrstrom,9f3952f8-b2c5-4531-bcd3-1dbd970250ff,TE,Tight End,rush_rec_tds,,0.5,0.5
David Clement,9a9e2475-8506-4174-8f17-f5124d289a35,TE,Tight End,rush_rec_tds,,0.5,0.5
Noah Meyers,9a9e2475-8506-4174-8f17-f5124d289a35,TE,Tight End,rush_rec_tds,,0.5,0.5
Randy Pittman,9f3952f8-b2c5-4531-bcd3-1dbd970250ff,TE,Tight End,rush_rec_tds,,0.5,0.5
Landen Thomas,70933dd1-8440-44ca-a578-4062c8789d70,TE,Tight End,rush_rec_tds,,0.5,0.5
Landen Thomas,70933dd1-8440-44ca-a578-4062c8789d70,TE,Tight End,receiving_yds,,8.5,8.5
David Clement,9a9e2475-8506-4174-8f17-f5124d289a35,TE,Tight End,receiving_yds,,25.5,25.5
Landen Thomas,70933dd1-8440-44ca-a578-4062c8789d70,TE,Tight End,receiving_rec,,1.5,1.5
David Clement,9a9e2475-8506-4174-8f17-f5124d289a35,TE,Tight End,period_first_touchdown_scored,,0.5,0.5
Theo Melin Ohrstrom,9f3952f8-b2c5-4531-bcd3-1dbd970250ff,TE,Tight End,period_first_touchdown_scored,,0.5,0.5
Randy Pittman,9f3952f8-b2c5-4531-bcd3-1dbd970250ff,TE,Tight End,period_first_touchdown_scored,,0.5,0.5
Landen Thomas,70933dd1-8440-44ca-a578-4062c8789d70,TE,Tight End,receiving_long,,7.5,7.5
Gabe Panikowski,70933dd1-8440-44ca-a578-4062c8789d70,K,Kicker,field_goals_made,,1.5,1.5
Gabe Panikowski,70933dd1-8440-44ca-a578-4062c8789d70,K,Kicker,extra_points_made,,2.5,2.5
Gabe Panikowski,70933dd1-8440-44ca-a578-4062c8789d70,K,Kicker,kicking_points,,6.5,6.5
Shavane Anderson,9a9e2475-8506-4174-8f17-f5124d289a35,RB,Running Back,rush_rec_tds,,0.5,0.5
Jordyn Adams,9f3952f8-b2c5-4531-bcd3-1dbd970250ff,WR,Wide Receiver,rush_rec_tds,,0.5,0.5
Shavane Anderson,9a9e2475-8506-4174-8f17-f5124d289a35,RB,Running Back,period_first_touchdown_scored,,0.5,0.5
Josh Allen,0719b253-43db-532e-8b5c-6c12c6c3f951,QB,Quarterback,passing_ints,,0.5,0.5
Fernando Mendoza,5ce78c37-b02c-52da-9e4f-fcd65b6ccb76,QB,Quarterback,season_pass_yards,,2050.5,2050.5
Chase Brown,ab235cf0-a041-5d36-8241-90a90f0dcb5e,RB,Running Back,season_receiving_yards,,349.5,349.5
Xavier Worthy,a6f458f4-5078-56e4-a839-af96f1191314,WR,Wide Receiver,season_receiving_yards,,649.5,649.5
Breece Hall,516ded41-e882-5175-9a00-d0b4c028eb74,RB,Running Back,season_rush_yards,,900.5,900.5
Courtland Sutton,7b3b21be-a209-5dee-a3f7-3fae61f52a1e,WR,Wide Receiver,season_receiving_yards,,749.5,749.5
Malik Nabers,d40a4380-49a6-5b5f-ab7d-f5393787ed12,WR,Wide Receiver,season_receiving_yards,,975.5,975.5
Lamar Jackson,01bfe9d5-f671-57ed-aa60-249fcca9267c,QB,Quarterback,season_rush_yards,,550.5,550.5
Cam Skattebo,d40a4380-49a6-5b5f-ab7d-f5393787ed12,RB,Running Back,season_receiving_yards,,274.5,274.5
Khalil Shakir,0719b253-43db-532e-8b5c-6c12c6c3f951,WR,Wide Receiver,season_receiving_yards,,650.5,650.5
Mark Andrews,01bfe9d5-f671-57ed-aa60-249fcca9267c,TE,Tight End,season_receiving_yards,,499.5,499.5
Tucker Kraft,a2fadaac-562f-5a7e-bd63-6d88d90c1ac4,TE,Tight End,season_receiving_yards,,699.5,699.5
Jordan Mason,5af1e185-627e-5345-851d-3c65c5b66614,RB,Running Back,season_rush_yards,,674.5,674.5
Jakobi Meyers,b49b653c-dc7c-516e-b1c2-da1b30d1b1a6,WR,Wide Receiver,season_receiving_yards,,655.5,655.5
Matthew Golden,a2fadaac-562f-5a7e-bd63-6d88d90c1ac4,WR,Wide Receiver,season_receiving_yards,,664.5,664.5
DeVonta Smith,de7219e5-92f1-5989-804a-68479055ba42,WR,Wide Receiver,season_rec_tds,,5.5,5.5
Stefon Diggs,a6d8dc19-daaf-5798-a8f2-df7f9fc9eecd,WR,Wide Receiver,season_receiving_yards,,799.5,799.5
Jayden Reed,a2fadaac-562f-5a7e-bd63-6d88d90c1ac4,WR,Wide Receiver,season_receiving_yards,,675.5,675.5
Jordan Addison,5af1e185-627e-5345-851d-3c65c5b66614,WR,Wide Receiver,season_receiving_yards,,675.5,675.5
Daniel Jones,f11f1cf1-9933-5203-8181-95020ee64399,QB,Quarterback,season_pass_yards,,3299.5,3299.5
Daniel Jones,f11f1cf1-9933-5203-8181-95020ee64399,QB,Quarterback,season_pass_tds,,18.5,18.5
Jaxson Dart,d40a4380-49a6-5b5f-ab7d-f5393787ed12,QB,Quarterback,season_rush_yards,,475.5,475.5
T.J. Hockenson,5af1e185-627e-5345-851d-3c65c5b66614,TE,Tight End,season_receiving_yards,,485.5,485.5
Dalton Kincaid,0719b253-43db-532e-8b5c-6c12c6c3f951,TE,Tight End,season_receiving_yards,,549.5,549.5
Dallas Goedert,de7219e5-92f1-5989-804a-68479055ba42,TE,Tight End,season_receiving_yards,,574.5,574.5
Isaiah Likely,d40a4380-49a6-5b5f-ab7d-f5393787ed12,TE,Tight End,season_receiving_yards,,624.5,624.5
Tyler Warren,f11f1cf1-9933-5203-8181-95020ee64399,TE,Tight End,season_receiving_yards,,774.5,774.5
Wan'Dale Robinson,f96aa8db-21c2-5b86-b49d-7e64b4eda61d,WR,Wide Receiver,season_receiving_yards,,699.5,699.5
Josh Downs,f11f1cf1-9933-5203-8181-95020ee64399,WR,Wide Receiver,season_receiving_yards,,805.5,805.5
,a2fadaac-562f-5a7e-bd63-6d88d90c1ac4,nan,nan,season_receiving_yards,,574.5,574.5
Jake Ferguson,26e67e06-664e-50a6-ad7b-c102705fde8b,TE,Tight End,season_receiving_yards,,524.5,524.5
Brenton Strange,b49b653c-dc7c-516e-b1c2-da1b30d1b1a6,TE,Tight End,season_receiving_yards,,495.5,495.5
Dalton Schultz,4ab08caa-b79d-598e-82ef-0906a60d2a89,TE,Tight End,season_receiving_yards,,499.5,499.5
Chig Okonkwo,a6d8dc19-daaf-5798-a8f2-df7f9fc9eecd,TE,Tight End,season_receiving_yards,,499.5,499.5
Juwan Johnson,530518ed-91db-57c4-9077-27cc0dd9a293,TE,Tight End,season_receiving_yards,,599.5,599.5
Jalen Coker,17f3bc4a-e2d6-5dc5-a554-00549ff0139f,WR,Wide Receiver,season_receiving_yards,,625.5,625.5
Patrick Mahomes,a6f458f4-5078-56e4-a839-af96f1191314,QB,Quarterback,season_pass_yards,,3649.5,3649.5
Patrick Mahomes,a6f458f4-5078-56e4-a839-af96f1191314,QB,Quarterback,season_pass_tds,,24.5,24.5
Deshaun Watson,338ae7df-02ad-5a94-9767-60f511bd55e1,QB,Quarterback,season_pass_yards,,1749.5,1749.5
Deshaun Watson,338ae7df-02ad-5a94-9767-60f511bd55e1,QB,Quarterback,season_pass_tds,,12.5,12.5
Malik Willis,9153e0a9-da83-5246-ba43-417537f1bcce,QB,Quarterback,season_rush_yards,,549.5,549.5
Ja'Kobi Lane,01bfe9d5-f671-57ed-aa60-249fcca9267c,WR,Wide Receiver,season_receiving_yards,,414.5,414.5
Arvell Reese,d40a4380-49a6-5b5f-ab7d-f5393787ed12,LB,Linebacker,season_sacks,,4.05,4.05
Shedeur Sanders,338ae7df-02ad-5a94-9767-60f511bd55e1,QB,Quarterback,regular_season_games_started,,7.5,7.5
Carlos Alcaraz,,TP,Tennis Player,games_played,,40.5,40.5
Aryna Sabalenka,,TP,Tennis Player,games_played,,24.5,24.5
Carlos Alcaraz,,TP,Tennis Player,games_played,,36.5,36.5
Carlos Alcaraz,,TP,Tennis Player,games_played,,38.5,38.5
Alexander Zverev,,TP,Tennis Player,games_played,,33.5,33.5
Aryna Sabalenka,,TP,Tennis Player,games_played,,22.5,22.5
Aryna Sabalenka,,TP,Tennis Player,games_played,,20.5,20.5
Alexander Zverev,,TP,Tennis Player,games_played,,35.5,35.5
Alexander Zverev,,TP,Tennis Player,games_played,,31.5,31.5
Alexander Zverev,,TP,Tennis Player,games_won,,19.5,19.5
Carlos Alcaraz,,TP,Tennis Player,games_won,,20.5,20.5
Aryna Sabalenka,,TP,Tennis Player,games_won,,12.5,12.5
Aryna Sabalenka,,TP,Tennis Player,aces,,8.5,8.5
Carlos Alcaraz,,TP,Tennis Player,aces,,5.5,5.5
Carlos Alcaraz,,TP,Tennis Player,aces,,2.5,2.5
Carlos Alcaraz,,TP,Tennis Player,aces,,6.5,6.5
Aryna Sabalenka,,TP,Tennis Player,aces,,6.5,6.5
Alexander Zverev,,TP,Tennis Player,aces,,14.5,14.5
Carlos Alcaraz,,TP,Tennis Player,aces,,4.5,4.5
Alexander Zverev,,TP,Tennis Player,aces,,12.5,12.5
Alexander Zverev,,TP,Tennis Player,aces,,19.5,19.5
Alexander Zverev,,TP,Tennis Player,double_faults,,3.5,3.5
Carlos Alcaraz,,TP,Tennis Player,period_1_games_played,,10.5,10.5
Aryna Sabalenka,,TP,Tennis Player,period_1_games_played,,9.5,9.5
Aryna Sabalenka,,TP,Tennis Player,double_faults,,2.5,2.5
Alexander Zverev,,TP,Tennis Player,period_1_games_played,,9.5,9.5
Carlos Alcaraz,,TP,Tennis Player,double_faults,,3.5,3.5
Carlos Alcaraz,,TP,Tennis Player,period_1_games_won,,5.5,5.5
Aryna Sabalenka,,TP,Tennis Player,period_1_games_won,,5.5,5.5
Alexander Zverev,,TP,Tennis Player,sets_played,,3.5,3.5
Aryna Sabalenka,,TP,Tennis Player,sets_played,,2.5,2.5
Carlos Alcaraz,,TP,Tennis Player,sets_played,,3.5,3.5
Aryna Sabalenka,,TP,Tennis Player,breakpoints_won,,0.5,0.5
Alexander Zverev,,TP,Tennis Player,breakpoints_won,,0.5,0.5
Carlos Alcaraz,,TP,Tennis Player,breakpoints_won,,3.5,3.5
Aryna Sabalenka,,TP,Tennis Player,tie_breakers_played,,0.5,0.5
Alexander Zverev,,TP,Tennis Player,tie_breakers_played,,0.5,0.5
Carlos Alcaraz,,TP,Tennis Player,tie_breakers_played,,0.5,0.5
Aryna Sabalenka,,TP,Tennis Player,period_1_aces,,3.5,3.5
Carlos Alcaraz,,TP,Tennis Player,period_1_aces,,1.5,1.5
Alexander Zverev,,TP,Tennis Player,period_1_aces,,4.5,4.5
Carlos Alcaraz,,TP,Tennis Player,points_won,,121.5,121.5
Alexander Zverev,,TP,Tennis Player,points_won,,114.5,114.5
Aryna Sabalenka,,TP,Tennis Player,points_won,,72.5,72.5
Coco Gauff,,TP,Tennis Player,games_played,,19.5,19.5
Jessica Pegula,,TP,Tennis Player,games_played,,20.5,20.5
Jessica Pegula,,TP,Tennis Player,games_played,,18.5,18.5
Jessica Pegula,,TP,Tennis Player,games_played,,22.5,22.5
Coco Gauff,,TP,Tennis Player,games_played,,23.5,23.5
Coco Gauff,,TP,Tennis Player,games_played,,21.5,21.5
Coco Gauff,,TP,Tennis Player,games_won,,12.5,12.5
Jessica Pegula,,TP,Tennis Player,games_won,,12.5,12.5
Coco Gauff,,TP,Tennis Player,aces,,2.5,2.5
Coco Gauff,,TP,Tennis Player,aces,,4.5,4.5
Jessica Pegula,,TP,Tennis Player,aces,,4.5,4.5
Jessica Pegula,,TP,Tennis Player,aces,,2.5,2.5
Jessica Pegula,,TP,Tennis Player,double_faults,,2.5,2.5
Coco Gauff,,TP,Tennis Player,double_faults,,5.5,5.5
Jessica Pegula,,TP,Tennis Player,period_1_games_played,,9.5,9.5
Coco Gauff,,TP,Tennis Player,period_1_games_played,,9.5,9.5
Jessica Pegula,,TP,Tennis Player,period_1_games_won,,5.5,5.5
Coco Gauff,,TP,Tennis Player,period_1_games_won,,5.5,5.5
Jessica Pegula,,TP,Tennis Player,sets_played,,2.5,2.5
Coco Gauff,,TP,Tennis Player,sets_played,,2.5,2.5
Coco Gauff,,TP,Tennis Player,breakpoints_won,,4.5,4.5
Jessica Pegula,,TP,Tennis Player,breakpoints_won,,0.5,0.5
Coco Gauff,,TP,Tennis Player,tie_breakers_played,,0.5,0.5
Jessica Pegula,,TP,Tennis Player,tie_breakers_played,,0.5,0.5
Coco Gauff,,TP,Tennis Player,period_1_aces,,1.5,1.5
Jessica Pegula,,TP,Tennis Player,period_1_aces,,1.5,1.5
Jessica Pegula,,TP,Tennis Player,points_won,,71.5,71.5
Coco Gauff,,TP,Tennis Player,points_won,,71.5,71.5
Elena Rybakina,,TP,Tennis Player,games_played,,21.5,21.5
Elena Rybakina,,TP,Tennis Player,games_played,,23.5,23.5
Elena Rybakina,,TP,Tennis Player,games_played,,25.5,25.5
Elena Rybakina,,TP,Tennis Player,games_won,,12.5,12.5
Ben Shelton,,TP,Tennis Player,games_won,,17.5,17.5
Ben Shelton,,TP,Tennis Player,aces,,10.5,10.5
Ben Shelton,,TP,Tennis Player,aces,,8.5,8.5
Ben Shelton,,TP,Tennis Player,aces,,14.5,14.5
Ben Shelton,,TP,Tennis Player,aces,,13.5,13.5
Elena Rybakina,,TP,Tennis Player,aces,,6.5,6.5
Elena Rybakina,,TP,Tennis Player,aces,,8.5,8.5
Ben Shelton,,TP,Tennis Player,aces,,12.5,12.5
Elena Rybakina,,TP,Tennis Player,period_1_games_played,,9.5,9.5
Ben Shelton,,TP,Tennis Player,double_faults,,4.5,4.5
Elena Rybakina,,TP,Tennis Player,period_1_games_won,,5.5,5.5
Ben Shelton,,TP,Tennis Player,period_1_games_won,,5.5,5.5
Ben Shelton,,TP,Tennis Player,sets_won,,1.5,1.5
Elena Rybakina,,TP,Tennis Player,sets_won,,0.5,0.5
Elena Rybakina,,TP,Tennis Player,sets_played,,2.5,2.5
Ben Shelton,,TP,Tennis Player,breakpoints_won,,1.5,1.5
Elena Rybakina,,TP,Tennis Player,breakpoints_won,,0.5,0.5
Elena Rybakina,,TP,Tennis Player,tie_breakers_played,,0.5,0.5
Ben Shelton,,TP,Tennis Player,period_1_aces,,2.5,2.5
Ben Shelton,,TP,Tennis Player,points_won,,110.5,110.5
Frances Tiafoe,,TP,Tennis Player,games_played,,37.5,37.5
Frances Tiafoe,,TP,Tennis Player,games_played,,39.5,39.5
Frances Tiafoe,,TP,Tennis Player,games_played,,41.5,41.5
Frances Tiafoe,,TP,Tennis Player,games_won,,20.5,20.5
Frances Tiafoe,,TP,Tennis Player,aces,,10.5,10.5
Frances Tiafoe,,TP,Tennis Player,aces,,6.5,6.5
Frances Tiafoe,,TP,Tennis Player,aces,,9.5,9.5
Frances Tiafoe,,TP,Tennis Player,aces,,8.5,8.5
Frances Tiafoe,,TP,Tennis Player,double_faults,,2.5,2.5
Frances Tiafoe,,TP,Tennis Player,period_1_games_played,,9.5,9.5
Frances Tiafoe,,TP,Tennis Player,period_1_games_won,,5.5,5.5
Frances Tiafoe,,TP,Tennis Player,sets_won,,1.5,1.5
Frances Tiafoe,,TP,Tennis Player,sets_played,,3.5,3.5
Frances Tiafoe,,TP,Tennis Player,breakpoints_won,,0.5,0.5
Frances Tiafoe,,TP,Tennis Player,tie_breakers_played,,0.5,0.5
Frances Tiafoe,,TP,Tennis Player,period_1_aces,,2.5,2.5
Frances Tiafoe,,TP,Tennis Player,points_won,,122.5,122.5
Emma Navarro,,TP,Tennis Player,games_won,,9.5,9.5
Naomi Osaka,,TP,Tennis Player,games_won,,12.5,12.5
Karen Khachanov,,TP,Tennis Player,games_won,,19.5,19.5
Karen Khachanov,,TP,Tennis Player,aces,,14.5,14.5
Naomi Osaka,,TP,Tennis Player,aces,,8.5,8.5
Karen Khachanov,,TP,Tennis Player,aces,,12.5,12.5
Naomi Osaka,,TP,Tennis Player,aces,,6.5,6.5
Emma Navarro,,TP,Tennis Player,aces,,2.5,2.5
Emma Navarro,,TP,Tennis Player,aces,,4.5,4.5
Emma Navarro,,TP,Tennis Player,double_faults,,2.5,2.5
Karen Khachanov,,TP,Tennis Player,double_faults,,4.5,4.5
Emma Navarro,,TP,Tennis Player,period_1_games_won,,3.5,3.5
Naomi Osaka,,TP,Tennis Player,period_1_games_won,,5.5,5.5
Karen Khachanov,,TP,Tennis Player,period_1_games_won,,5.5,5.5
Karen Khachanov,,TP,Tennis Player,sets_won,,1.5,1.5
Naomi Osaka,,TP,Tennis Player,sets_won,,0.5,0.5
Emma Navarro,,TP,Tennis Player,sets_won,,0.5,0.5
Emma Navarro,,TP,Tennis Player,breakpoints_won,,0.5,0.5
Karen Khachanov,,TP,Tennis Player,breakpoints_won,,0.5,0.5
Naomi Osaka,,TP,Tennis Player,breakpoints_won,,0.5,0.5
Karen Khachanov,,TP,Tennis Player,period_1_aces,,2.5,2.5
Emma Navarro,,TP,Tennis Player,period_1_aces,,1.5,1.5
Emma Navarro,,TP,Tennis Player,points_won,,62.5,62.5
Karen Khachanov,,TP,Tennis Player,points_won,,116.5,116.5
Luciano Darderi,,TP,Tennis Player,games_won,,13.5,13.5
Linda Noskova,,TP,Tennis Player,games_won,,11.5,11.5
Luciano Darderi,,TP,Tennis Player,aces,,12.5,12.5
Linda Noskova,,TP,Tennis Player,aces,,4.5,4.5
Linda Noskova,,TP,Tennis Player,aces,,6.5,6.5
Luciano Darderi,,TP,Tennis Player,aces,,10.5,10.5
Luciano Darderi,,TP,Tennis Player,aces,,8.5,8.5
Luciano Darderi,,TP,Tennis Player,aces,,6.5,6.5
Luciano Darderi,,TP,Tennis Player,double_faults,,3.5,3.5
Linda Noskova,,TP,Tennis Player,double_faults,,5.5,5.5
Luciano Darderi,,TP,Tennis Player,period_1_games_won,,4.5,4.5
Linda Noskova,,TP,Tennis Player,period_1_games_won,,4.5,4.5
Luciano Darderi,,TP,Tennis Player,sets_won,,0.5,0.5
Linda Noskova,,TP,Tennis Player,sets_won,,0.5,0.5
Luciano Darderi,,TP,Tennis Player,breakpoints_won,,0.5,0.5
Linda Noskova,,TP,Tennis Player,breakpoints_won,,0.5,0.5
Luciano Darderi,,TP,Tennis Player,period_1_aces,,1.5,1.5
Linda Noskova,,TP,Tennis Player,period_1_aces,,2.5,2.5
Luciano Darderi,,TP,Tennis Player,points_won,,97.5,97.5
Linda Noskova,,TP,Tennis Player,points_won,,67.5,67.5
Alex Michelsen,,TP,Tennis Player,games_won,,19.5,19.5
Alex Michelsen,,TP,Tennis Player,aces,,9.5,9.5
Alex Michelsen,,TP,Tennis Player,aces,,12.5,12.5
Alex Michelsen,,TP,Tennis Player,aces,,13.5,13.5
Alex Michelsen,,TP,Tennis Player,aces,,10.5,10.5
Alex Michelsen,,TP,Tennis Player,aces,,14.5,14.5
Alex Michelsen,,TP,Tennis Player,double_faults,,5.5,5.5
Alex Michelsen,,TP,Tennis Player,period_1_games_won,,5.5,5.5
Alex Michelsen,,TP,Tennis Player,sets_won,,1.5,1.5
Alex Michelsen,,TP,Tennis Player,breakpoints_won,,0.5,0.5
Alex Michelsen,,TP,Tennis Player,period_1_aces,,2.5,2.5
Alex Michelsen,,TP,Tennis Player,points_won,,119.5,119.5
Dalma Galfi,,TP,Tennis Player,games_played,,20.5,20.5
Botic Van de Zandschulp,,TP,Tennis Player,games_played,,40.5,40.5
Botic Van de Zandschulp,,TP,Tennis Player,games_played,,36.5,36.5
Botic Van de Zandschulp,,TP,Tennis Player,games_played,,38.5,38.5
Botic Van de Zandschulp,,TP,Tennis Player,games_won,,20.5,20.5
Botic Van de Zandschulp,,TP,Tennis Player,aces,,10.5,10.5
Botic Van de Zandschulp,,TP,Tennis Player,aces,,12.5,12.5
Botic Van de Zandschulp,,TP,Tennis Player,aces,,8.5,8.5
Dalma Galfi,,TP,Tennis Player,aces,,7.5,7.5
Dalma Galfi,,TP,Tennis Player,aces,,5.5,5.5
Botic Van de Zandschulp,,TP,Tennis Player,period_1_games_played,,9.5,9.5
Dalma Galfi,,TP,Tennis Player,period_1_games_played,,8.5,8.5
Botic Van de Zandschulp,,TP,Tennis Player,double_faults,,6.5,6.5
Dalma Galfi,,TP,Tennis Player,period_1_games_won,,5.5,5.5
Botic Van de Zandschulp,,TP,Tennis Player,period_1_games_won,,5.5,5.5
Botic Van de Zandschulp,,TP,Tennis Player,sets_won,,1.5,1.5
Dalma Galfi,,TP,Tennis Player,sets_played,,2.5,2.5
Botic Van de Zandschulp,,TP,Tennis Player,sets_played,,3.5,3.5
Botic Van de Zandschulp,,TP,Tennis Player,breakpoints_won,,0.5,0.5
Dalma Galfi,,TP,Tennis Player,tie_breakers_played,,0.5,0.5
Botic Van de Zandschulp,,TP,Tennis Player,tie_breakers_played,,0.5,0.5
Botic Van de Zandschulp,,TP,Tennis Player,period_1_aces,,2.5,2.5
Botic Van de Zandschulp,,TP,Tennis Player,points_won,,121.5,121.5
Dusan Lajovic,,TP,Tennis Player,period_1_games_won,,5.5,5.5
Filip Misolic,,TP,Tennis Player,period_1_games_won,,5.5,5.5
Dusan Lajovic,,TP,Tennis Player,sets_won,,0.5,0.5
Filip Misolic,,TP,Tennis Player,sets_won,,0.5,0.5
Lorenzo Sonego,,TP,Tennis Player,period_1_games_won,,5.5,5.5
Lorenzo Sonego,,TP,Tennis Player,sets_won,,0.5,0.5
Learner Tien,,TP,Tennis Player,games_played,,36.5,36.5
Francesca Jones,,TP,Tennis Player,games_played,,17.5,17.5
Learner Tien,,TP,Tennis Player,games_played,,38.5,38.5
Learner Tien,,TP,Tennis Player,games_played,,40.5,40.5
Learner Tien,,TP,Tennis Player,games_won,,20.5,20.5
Francesca Jones,,TP,Tennis Player,aces,,2.5,2.5
Francesca Jones,,TP,Tennis Player,aces,,4.5,4.5
Learner Tien,,TP,Tennis Player,aces,,6.5,6.5
Learner Tien,,TP,Tennis Player,aces,,4.5,4.5
Learner Tien,,TP,Tennis Player,aces,,8.5,8.5
Francesca Jones,,TP,Tennis Player,period_1_games_played,,8.5,8.5
Learner Tien,,TP,Tennis Player,double_faults,,5.5,5.5
Learner Tien,,TP,Tennis Player,period_1_games_played,,9.5,9.5
Learner Tien,,TP,Tennis Player,period_1_games_won,,5.5,5.5
Francesca Jones,,TP,Tennis Player,period_1_games_won,,5.5,5.5
Learner Tien,,TP,Tennis Player,sets_won,,1.5,1.5
Francesca Jones,,TP,Tennis Player,sets_played,,2.5,2.5
Learner Tien,,TP,Tennis Player,sets_played,,3.5,3.5
Learner Tien,,TP,Tennis Player,breakpoints_won,,0.5,0.5
Learner Tien,,TP,Tennis Player,tie_breakers_played,,0.5,0.5
Learner Tien,,TP,Tennis Player,period_1_aces,,1.5,1.5
Learner Tien,,TP,Tennis Player,points_won,,121.5,121.5
Rebeka Masarova,,TP,Tennis Player,aces,,5.5,5.5
Rebeka Masarova,,TP,Tennis Player,aces,,3.5,3.5
Rebeka Masarova,,TP,Tennis Player,period_1_games_won,,5.5,5.5
Rebeka Masarova,,TP,Tennis Player,sets_won,,0.5,0.5
Ilia Simakin,,TP,Tennis Player,games_played,,20.5,20.5
Ilia Simakin,,TP,Tennis Player,period_1_games_played,,8.5,8.5
Ilia Simakin,,TP,Tennis Player,period_1_games_won,,5.5,5.5
Ilia Simakin,,TP,Tennis Player,sets_played,,2.5,2.5
Ilia Simakin,,TP,Tennis Player,tie_breakers_played,,0.5,0.5
Sebastian Ofner,,TP,Tennis Player,period_1_games_won,,5.5,5.5
Juan Pablo Ficovich,,TP,Tennis Player,period_1_games_won,,4.5,4.5
Maria Carle,,TP,Tennis Player,aces,,2.5,2.5
Maria Carle,,TP,Tennis Player,aces,,4.5,4.5
Maria Carle,,TP,Tennis Player,period_1_games_played,,8.5,8.5
Hugo Dellien,,TP,Tennis Player,period_1_games_won,,5.5,5.5
Maria Carle,,TP,Tennis Player,period_1_games_won,,5.5,5.5
Maria Carle,,TP,Tennis Player,sets_played,,2.5,2.5
Maria Carle,,TP,Tennis Player,tie_breakers_played,,0.5,0.5
Chun Hsin Tseng,,TP,Tennis Player,period_1_games_won,,5.5,5.5
Nicolai Budkov Kjaer,,TP,Tennis Player,period_1_games_won,,5.5,5.5
Nicolai Budkov Kjaer,,TP,Tennis Player,sets_won,,0.5,0.5
Chun Hsin Tseng,,TP,Tennis Player,tie_breakers_played,,0.5,0.5
Thiago Monteiro,,TP,Tennis Player,period_1_games_won,,5.5,5.5
Thiago Monteiro,,TP,Tennis Player,sets_won,,0.5,0.5
Arthur Gea,,TP,Tennis Player,games_won,,19.5,19.5
Arthur Gea,,TP,Tennis Player,aces,,6.5,6.5
Arthur Gea,,TP,Tennis Player,aces,,8.5,8.5
Arthur Gea,,TP,Tennis Player,double_faults,,5.5,5.5
Arthur Gea,,TP,Tennis Player,period_1_games_won,,5.5,5.5
Arthur Gea,,TP,Tennis Player,sets_won,,1.5,1.5
Arthur Gea,,TP,Tennis Player,breakpoints_won,,0.5,0.5
Arthur Gea,,TP,Tennis Player,period_1_aces,,1.5,1.5
Arthur Gea,,TP,Tennis Player,points_won,,118.5,118.5
Francesco Passaro,,TP,Tennis Player,period_1_games_won,,5.5,5.5
Francesco Passaro,,TP,Tennis Player,sets_won,,0.5,0.5
Yu Hsiou Hsu,,TP,Tennis Player,games_played,,22.5,22.5
Yu Hsiou Hsu,,TP,Tennis Player,period_1_games_played,,10.5,10.5
Yu Hsiou Hsu,,TP,Tennis Player,period_1_games_won,,5.5,5.5
Yu Hsiou Hsu,,TP,Tennis Player,sets_won,,0.5,0.5
Yu Hsiou Hsu,,TP,Tennis Player,sets_played,,2.5,2.5
Yu Hsiou Hsu,,TP,Tennis Player,tie_breakers_played,,0.5,0.5
Yuta Shimizu,,TP,Tennis Player,period_1_games_won,,5.5,5.5
Yuta Shimizu,,TP,Tennis Player,sets_played,,2.5,2.5
Yuta Shimizu,,TP,Tennis Player,tie_breakers_played,,0.5,0.5
Khumoyun Sultanov,,TP,Tennis Player,games_played,,21.5,21.5
Khumoyun Sultanov,,TP,Tennis Player,period_1_games_won,,5.5,5.5
Carlos Taberner,,TP,Tennis Player,period_1_games_won,,4.5,4.5
Carlos Taberner,,TP,Tennis Player,sets_won,,0.5,0.5
Khumoyun Sultanov,,TP,Tennis Player,sets_played,,2.5,2.5
Khumoyun Sultanov,,TP,Tennis Player,tie_breakers_played,,0.5,0.5
Simona Waltert,,TP,Tennis Player,aces,,3.5,3.5
Simona Waltert,,TP,Tennis Player,aces,,1.5,1.5
Simona Waltert,,TP,Tennis Player,period_1_games_played,,8.5,8.5
Simona Waltert,,TP,Tennis Player,period_1_games_won,,5.5,5.5
Simona Waltert,,TP,Tennis Player,sets_won,,0.5,0.5
Simona Waltert,,TP,Tennis Player,sets_played,,2.5,2.5
Simona Waltert,,TP,Tennis Player,tie_breakers_played,,0.5,0.5
Joao Lucas Reis Da Silva,,TP,Tennis Player,period_1_games_won,,3.5,3.5
Joao Lucas Reis Da Silva,,TP,Tennis Player,sets_won,,0.5,0.5
Lucrezia Stefanini,,TP,Tennis Player,games_played,,20.5,20.5
Lucrezia Stefanini,,TP,Tennis Player,aces,,1.5,1.5
Lucrezia Stefanini,,TP,Tennis Player,aces,,3.5,3.5
Lucrezia Stefanini,,TP,Tennis Player,period_1_games_played,,9.5,9.5
Lucrezia Stefanini,,TP,Tennis Player,period_1_games_won,,5.5,5.5
Lucrezia Stefanini,,TP,Tennis Player,sets_won,,0.5,0.5
Lucrezia Stefanini,,TP,Tennis Player,sets_played,,2.5,2.5
Lucrezia Stefanini,,TP,Tennis Player,tie_breakers_played,,0.5,0.5
Kasidit Samrej,,TP,Tennis Player,games_played,,21.5,21.5
Kasidit Samrej,,TP,Tennis Player,period_1_games_played,,8.5,8.5
Kimmer Coppejans,,TP,Tennis Player,period_1_games_won,,4.5,4.5
Kasidit Samrej,,TP,Tennis Player,period_1_games_won,,5.5,5.5
Kimmer Coppejans,,TP,Tennis Player,sets_won,,0.5,0.5
Kasidit Samrej,,TP,Tennis Player,sets_played,,2.5,2.5
Kasidit Samrej,,TP,Tennis Player,tie_breakers_played,,0.5,0.5
Vitaliy Sachko,,TP,Tennis Player,games_played,,21.5,21.5
Vitaliy Sachko,,TP,Tennis Player,period_1_games_played,,8.5,8.5
Vitaliy Sachko,,TP,Tennis Player,period_1_games_won,,5.5,5.5
Vitaliy Sachko,,TP,Tennis Player,sets_played,,2.5,2.5
Vitaliy Sachko,,TP,Tennis Player,tie_breakers_played,,0.5,0.5
Bernard Tomic,,TP,Tennis Player,games_played,,21.5,21.5
Bernard Tomic,,TP,Tennis Player,period_1_games_played,,10.5,10.5
Bernard Tomic,,TP,Tennis Player,period_1_games_won,,5.5,5.5
Bernard Tomic,,TP,Tennis Player,sets_played,,2.5,2.5
Elias Ymer,,TP,Tennis Player,games_played,,22.5,22.5
Elias Ymer,,TP,Tennis Player,period_1_games_played,,10.5,10.5
Elias Ymer,,TP,Tennis Player,period_1_games_won,,5.5,5.5
Elias Ymer,,TP,Tennis Player,sets_won,,0.5,0.5
Elias Ymer,,TP,Tennis Player,sets_played,,2.5,2.5
Elias Ymer,,TP,Tennis Player,tie_breakers_played,,0.5,0.5
Sascha Gueymard Wayenburg,,TP,Tennis Player,games_played,,20.5,20.5
Sascha Gueymard Wayenburg,,TP,Tennis Player,period_1_games_played,,8.5,8.5
Sascha Gueymard Wayenburg,,TP,Tennis Player,period_1_games_won,,5.5,5.5
Henri Squire,,TP,Tennis Player,period_1_games_won,,5.5,5.5
Henri Squire,,TP,Tennis Player,sets_won,,0.5,0.5
Sascha Gueymard Wayenburg,,TP,Tennis Player,sets_played,,2.5,2.5
Sascha Gueymard Wayenburg,,TP,Tennis Player,tie_breakers_played,,0.5,0.5
Jie Cui,,TP,Tennis Player,period_1_games_won,,5.5,5.5
Stefano Travaglia,,TP,Tennis Player,period_1_games_won,,5.5,5.5
Stefano Travaglia,,TP,Tennis Player,sets_won,,0.5,0.5
Jie Cui,,TP,Tennis Player,sets_won,,0.5,0.5
Martin Landaluce,,TP,Tennis Player,period_1_games_won,,5.5,5.5
Martin Landaluce,,TP,Tennis Player,sets_won,,0.5,0.5
Iva Jovic,,TP,Tennis Player,games_won,,10.5,10.5
Iva Jovic,,TP,Tennis Player,aces,,2.5,2.5
Iva Jovic,,TP,Tennis Player,double_faults,,2.5,2.5
Iva Jovic,,TP,Tennis Player,period_1_games_won,,4.5,4.5
Iva Jovic,,TP,Tennis Player,sets_won,,0.5,0.5
Iva Jovic,,TP,Tennis Player,breakpoints_won,,3.5,3.5
Iva Jovic,,TP,Tennis Player,period_1_aces,,0.5,0.5
Iva Jovic,,TP,Tennis Player,points_won,,64.5,64.5
Florent Bax,,TP,Tennis Player,games_played,,22.5,22.5
Florent Bax,,TP,Tennis Player,period_1_games_played,,10.5,10.5
Florent Bax,,TP,Tennis Player,period_1_games_won,,5.5,5.5
Florent Bax,,TP,Tennis Player,sets_won,,0.5,0.5
Florent Bax,,TP,Tennis Player,sets_played,,2.5,2.5
Florent Bax,,TP,Tennis Player,tie_breakers_played,,0.5,0.5
Henrique Rocha,,TP,Tennis Player,period_1_games_won,,5.5,5.5
Francesco Maestrelli,,TP,Tennis Player,period_1_games_won,,5.5,5.5
Maximus Jones,,TP,Tennis Player,period_1_games_won,,5.5,5.5
Maximus Jones,,TP,Tennis Player,sets_won,,0.5,0.5
Alex Molcan,,TP,Tennis Player,period_1_games_won,,5.5,5.5
Matej Dodig,,TP,Tennis Player,period_1_games_won,,5.5,5.5
Fajing Sun,,TP,Tennis Player,period_1_games_won,,5.5,5.5
Zdenek Kolar,,TP,Tennis Player,period_1_games_won,,5.5,5.5
Zdenek Kolar,,TP,Tennis Player,sets_won,,0.5,0.5
Fajing Sun,,TP,Tennis Player,tie_breakers_played,,0.5,0.5
Gauthier Onclin,,TP,Tennis Player,period_1_games_won,,5.5,5.5
Yanki Erel,,TP,Tennis Player,sets_won,,0.5,0.5
Elena Pridankina,,TP,Tennis Player,games_played,,20.5,20.5
Elena Pridankina,,TP,Tennis Player,aces,,2.5,2.5
Elena Pridankina,,TP,Tennis Player,aces,,4.5,4.5
Elena Pridankina,,TP,Tennis Player,period_1_games_played,,8.5,8.5
Elena Pridankina,,TP,Tennis Player,period_1_games_won,,5.5,5.5
Ilya Ivashka,,TP,Tennis Player,period_1_games_won,,5.5,5.5
Ilya Ivashka,,TP,Tennis Player,sets_won,,0.5,0.5
Elena Pridankina,,TP,Tennis Player,sets_won,,0.5,0.5
Elena Pridankina,,TP,Tennis Player,sets_played,,2.5,2.5
Elena Pridankina,,TP,Tennis Player,tie_breakers_played,,0.5,0.5
Hynek Barton,,TP,Tennis Player,period_1_games_won,,5.5,5.5
Ugo Blanchet,,TP,Tennis Player,games_played,,22.5,22.5
Ugo Blanchet,,TP,Tennis Player,period_1_games_played,,10.5,10.5
Ugo Blanchet,,TP,Tennis Player,period_1_games_won,,5.5,5.5
Ugo Blanchet,,TP,Tennis Player,sets_played,,2.5,2.5
Ugo Blanchet,,TP,Tennis Player,tie_breakers_played,,0.5,0.5
Claire Liu,,TP,Tennis Player,aces,,4.5,4.5
Claire Liu,,TP,Tennis Player,aces,,6.5,6.5
Claire Liu,,TP,Tennis Player,period_1_games_played,,8.5,8.5
Claire Liu,,TP,Tennis Player,period_1_games_won,,5.5,5.5
Claire Liu,,TP,Tennis Player,tie_breakers_played,,0.5,0.5
Pablo Llamas Ruiz,,TP,Tennis Player,period_1_games_won,,5.5,5.5
Dominika Salkova,,TP,Tennis Player,aces,,3.5,3.5
Dominika Salkova,,TP,Tennis Player,aces,,1.5,1.5
Dominika Salkova,,TP,Tennis Player,period_1_games_won,,5.5,5.5
Rodrigo Pacheco Mendez,,TP,Tennis Player,period_1_games_won,,5.5,5.5
Rodrigo Pacheco Mendez,,TP,Tennis Player,sets_won,,0.5,0.5
Dominika Salkova,,TP,Tennis Player,tie_breakers_played,,0.5,0.5
Felipe Meligeni Alves,,TP,Tennis Player,period_1_games_won,,4.5,4.5
Felipe Meligeni Alves,,TP,Tennis Player,sets_won,,0.5,0.5
Moerani Bouzige,,TP,Tennis Player,period_1_games_won,,4.5,4.5
Moerani Bouzige,,TP,Tennis Player,sets_won,,0.5,0.5
Olle Wallin,,TP,Tennis Player,games_played,,21.5,21.5
Olle Wallin,,TP,Tennis Player,period_1_games_played,,8.5,8.5
Olle Wallin,,TP,Tennis Player,period_1_games_won,,5.5,5.5
Olle Wallin,,TP,Tennis Player,sets_won,,0.5,0.5
Olle Wallin,,TP,Tennis Player,sets_played,,2.5,2.5
Olle Wallin,,TP,Tennis Player,tie_breakers_played,,0.5,0.5
Miriam Bianca Bulgaru,,TP,Tennis Player,aces,,2.5,2.5
Miriam Bianca Bulgaru,,TP,Tennis Player,aces,,4.5,4.5
Miriam Bianca Bulgaru,,TP,Tennis Player,period_1_games_won,,3.5,3.5
Yi Zhou,,TP,Tennis Player,period_1_games_won,,5.5,5.5
Miriam Bianca Bulgaru,,TP,Tennis Player,sets_won,,0.5,0.5
Dan Added,,TP,Tennis Player,games_played,,22.5,22.5
Dan Added,,TP,Tennis Player,period_1_games_played,,10.5,10.5
Dan Added,,TP,Tennis Player,period_1_games_won,,5.5,5.5
Dan Added,,TP,Tennis Player,sets_won,,0.5,0.5
Dan Added,,TP,Tennis Player,sets_played,,2.5,2.5
Dan Added,,TP,Tennis Player,tie_breakers_played,,0.5,0.5
Franco Agamenone,,TP,Tennis Player,period_1_games_won,,3.5,3.5
Franco Agamenone,,TP,Tennis Player,sets_won,,0.5,0.5
Julia Riera,,TP,Tennis Player,aces,,6.5,6.5
Julia Riera,,TP,Tennis Player,aces,,4.5,4.5
Julia Riera,,TP,Tennis Player,period_1_games_won,,4.5,4.5
Pavel Kotov,,TP,Tennis Player,period_1_games_won,,5.5,5.5
Julia Riera,,TP,Tennis Player,sets_won,,0.5,0.5
Pavel Kotov,,TP,Tennis Player,sets_won,,0.5,0.5
Yasmine Kabbaj,,TP,Tennis Player,games_played,,19.5,19.5
Katarzyna Kawa,,TP,Tennis Player,games_played,,19.5,19.5
Samira de Stefano,,TP,Tennis Player,games_played,,20.5,20.5
Nao Hibino,,TP,Tennis Player,games_played,,16.5,16.5
Marina Bassols Ribera,,TP,Tennis Player,games_played,,21.5,21.5
Lola Radivojevic,,TP,Tennis Player,games_played,,21.5,21.5
Max Purcell,,TP,Tennis Player,games_played,,22.5,22.5
Timofei Derepasko,,TP,Tennis Player,games_played,,21.5,21.5
Barbora Palicova,,TP,Tennis Player,games_played,,21.5,21.5
Andrea Lazaro Garcia,,TP,Tennis Player,games_played,,21.5,21.5
Tai Leonard Sach,,TP,Tennis Player,games_played,,17.5,17.5
Moise Kouame,,TP,Tennis Player,games_played,,21.5,21.5
Carol Young Suh Lee,,TP,Tennis Player,games_played,,20.5,20.5
Federica Urgesi,,TP,Tennis Player,games_played,,20.5,20.5
Philip Sekulic,,TP,Tennis Player,games_played,,21.5,21.5
Alevtina Ibragimova,,TP,Tennis Player,games_played,,20.5,20.5
Fiona Ferro,,TP,Tennis Player,games_played,,20.5,20.5
Guiomar Maristany Zuleta de Reales,,TP,Tennis Player,aces,,4.5,4.5
Carol Young Suh Lee,,TP,Tennis Player,aces,,3.5,3.5
Marina Bassols Ribera,,TP,Tennis Player,aces,,4.5,4.5
Sara Sorribes Tormo,,TP,Tennis Player,aces,,1.5,1.5
Lucie Havlickova,,TP,Tennis Player,aces,,4.5,4.5
Julieta Pareja,,TP,Tennis Player,aces,,2.5,2.5
Vendula Valdmannova,,TP,Tennis Player,aces,,3.5,3.5
Lucie Nguyen Tan,,TP,Tennis Player,aces,,1.5,1.5
Cagla Buyukakcay,,TP,Tennis Player,aces,,3.5,3.5
Martina Trevisan,,TP,Tennis Player,aces,,3.5,3.5
Andrea Lazaro Garcia,,TP,Tennis Player,aces,,2.5,2.5
Jennifer Ruggeri,,TP,Tennis Player,aces,,3.5,3.5
Marina Bassols Ribera,,TP,Tennis Player,aces,,2.5,2.5
Barbora Palicova,,TP,Tennis Player,aces,,4.5,4.5
Carol Young Suh Lee,,TP,Tennis Player,aces,,5.5,5.5
Julie Struplova,,TP,Tennis Player,aces,,4.5,4.5
Martina Trevisan,,TP,Tennis Player,aces,,1.5,1.5
Julieta Pareja,,TP,Tennis Player,aces,,4.5,4.5
Guiomar Maristany Zuleta de Reales,,TP,Tennis Player,aces,,2.5,2.5
Eva Vedder,,TP,Tennis Player,aces,,2.5,2.5
Eva Bennemann,,TP,Tennis Player,aces,,3.5,3.5
Lucie Havlickova,,TP,Tennis Player,aces,,6.5,6.5
Cagla Buyukakcay,,TP,Tennis Player,aces,,1.5,1.5
Vendula Valdmannova,,TP,Tennis Player,aces,,1.5,1.5
Ane Mintegi Del Olmo,,TP,Tennis Player,aces,,2.5,2.5
Federica Urgesi,,TP,Tennis Player,aces,,2.5,2.5
Katarzyna Kawa,,TP,Tennis Player,aces,,3.5,3.5
Fiona Ferro,,TP,Tennis Player,aces,,4.5,4.5
Mona Barthel,,TP,Tennis Player,aces,,4.5,4.5
Lina Gjorcheska,,TP,Tennis Player,aces,,5.5,5.5
Eva Bennemann,,TP,Tennis Player,aces,,1.5,1.5
Alina Granwehr,,TP,Tennis Player,aces,,6.5,6.5
Angela Fita Boluda,,TP,Tennis Player,aces,,2.5,2.5
Gina Feistel,,TP,Tennis Player,aces,,1.5,1.5
Yasmine Kabbaj,,TP,Tennis Player,aces,,1.5,1.5
Mona Barthel,,TP,Tennis Player,aces,,6.5,6.5
Cadence Brace,,TP,Tennis Player,aces,,2.5,2.5
Jennifer Ruggeri,,TP,Tennis Player,aces,,1.5,1.5
Valentina Ryser,,TP,Tennis Player,aces,,3.5,3.5
Aurora Zantedeschi,,TP,Tennis Player,aces,,2.5,2.5
Barbora Palicova,,TP,Tennis Player,aces,,2.5,2.5
Lola Radivojevic,,TP,Tennis Player,aces,,7.5,7.5
Valentina Ryser,,TP,Tennis Player,aces,,5.5,5.5
Eva Vedder,,TP,Tennis Player,aces,,4.5,4.5
Katarzyna Kawa,,TP,Tennis Player,aces,,1.5,1.5
Angela Fita Boluda,,TP,Tennis Player,aces,,4.5,4.5
Andrea Lazaro Garcia,,TP,Tennis Player,aces,,4.5,4.5
Alevtina Ibragimova,,TP,Tennis Player,aces,,2.5,2.5
Alice Tubello,,TP,Tennis Player,aces,,3.5,3.5
Lucie Nguyen Tan,,TP,Tennis Player,aces,,3.5,3.5
Alevtina Ibragimova,,TP,Tennis Player,aces,,4.5,4.5
Sara Sorribes Tormo,,TP,Tennis Player,aces,,3.5,3.5
Lina Gjorcheska,,TP,Tennis Player,aces,,3.5,3.5
Lola Radivojevic,,TP,Tennis Player,aces,,5.5,5.5
Julie Struplova,,TP,Tennis Player,aces,,2.5,2.5
Yasmine Kabbaj,,TP,Tennis Player,aces,,3.5,3.5
Alina Granwehr,,TP,Tennis Player,aces,,4.5,4.5
Alice Tubello,,TP,Tennis Player,aces,,5.5,5.5
Gina Feistel,,TP,Tennis Player,aces,,3.5,3.5
Aurora Zantedeschi,,TP,Tennis Player,aces,,4.5,4.5
Fiona Ferro,,TP,Tennis Player,aces,,2.5,2.5
Federica Urgesi,,TP,Tennis Player,aces,,4.5,4.5
Yasmine Kabbaj,,TP,Tennis Player,period_1_games_played,,8.5,8.5
Barbora Palicova,,TP,Tennis Player,period_1_games_played,,8.5,8.5
Federica Urgesi,,TP,Tennis Player,period_1_games_played,,8.5,8.5
Lola Radivojevic,,TP,Tennis Player,period_1_games_played,,8.5,8.5
Fiona Ferro,,TP,Tennis Player,period_1_games_played,,8.5,8.5
Alevtina Ibragimova,,TP,Tennis Player,period_1_games_played,,8.5,8.5
Philip Sekulic,,TP,Tennis Player,period_1_games_played,,8.5,8.5
Marina Bassols Ribera,,TP,Tennis Player,period_1_games_played,,8.5,8.5
Alina Granwehr,,TP,Tennis Player,period_1_games_played,,9.5,9.5
Katarzyna Kawa,,TP,Tennis Player,period_1_games_played,,8.5,8.5
Samira de Stefano,,TP,Tennis Player,period_1_games_played,,8.5,8.5
Nastasja Schunk,,TP,Tennis Player,period_1_games_played,,8.5,8.5
Nao Hibino,,TP,Tennis Player,period_1_games_played,,8.5,8.5
Carol Young Suh Lee,,TP,Tennis Player,period_1_games_played,,8.5,8.5
Aurora Zantedeschi,,TP,Tennis Player,period_1_games_played,,9.5,9.5
Timofei Derepasko,,TP,Tennis Player,period_1_games_played,,8.5,8.5
Jay Friend,,TP,Tennis Player,period_1_games_played,,8.5,8.5
Andrea Lazaro Garcia,,TP,Tennis Player,period_1_games_played,,8.5,8.5
Max Purcell,,TP,Tennis Player,period_1_games_played,,10.5,10.5
Tai Leonard Sach,,TP,Tennis Player,period_1_games_played,,8.5,8.5
Martina Trevisan,,TP,Tennis Player,period_1_games_played,,8.5,8.5
Moise Kouame,,TP,Tennis Player,period_1_games_played,,8.5,8.5
Laurent Lokoli,,TP,Tennis Player,period_1_games_won,,5.5,5.5
Felix Gill,,TP,Tennis Player,period_1_games_won,,5.5,5.5
Koki Matsuda,,TP,Tennis Player,period_1_games_won,,5.5,5.5
Julieta Pareja,,TP,Tennis Player,period_1_games_won,,5.5,5.5
Federica Urgesi,,TP,Tennis Player,period_1_games_won,,5.5,5.5
Sara Sorribes Tormo,,TP,Tennis Player,period_1_games_won,,5.5,5.5
Filip Cristian Jianu,,TP,Tennis Player,period_1_games_won,,5.5,5.5
Raul Brancaccio,,TP,Tennis Player,period_1_games_won,,5.5,5.5
Mona Barthel,,TP,Tennis Player,period_1_games_won,,3.5,3.5
Aurora Zantedeschi,,TP,Tennis Player,period_1_games_won,,5.5,5.5
Daniel Masur,,TP,Tennis Player,period_1_games_won,,5.5,5.5
Martina Trevisan,,TP,Tennis Player,period_1_games_won,,5.5,5.5
Guiomar Maristany Zuleta de Reales,,TP,Tennis Player,period_1_games_won,,5.5,5.5
Gustavo Heide,,TP,Tennis Player,period_1_games_won,,5.5,5.5
Xiaodi You,,TP,Tennis Player,period_1_games_won,,3.5,3.5
Lina Gjorcheska,,TP,Tennis Player,period_1_games_won,,5.5,5.5
Marina Bassols Ribera,,TP,Tennis Player,period_1_games_won,,5.5,5.5
Enrico Dalla Valle,,TP,Tennis Player,period_1_games_won,,5.5,5.5
Vendula Valdmannova,,TP,Tennis Player,period_1_games_won,,5.5,5.5
Andrea Lazaro Garcia,,TP,Tennis Player,period_1_games_won,,5.5,5.5
Sergey Fomin,,TP,Tennis Player,period_1_games_won,,4.5,4.5
Gabriele Crivellaro,,TP,Tennis Player,period_1_games_won,,3.5,3.5
Jennifer Ruggeri,,TP,Tennis Player,period_1_games_won,,3.5,3.5
Yasmine Kabbaj,,TP,Tennis Player,period_1_games_won,,5.5,5.5
Angela Fita Boluda,,TP,Tennis Player,period_1_games_won,,4.5,4.5
Jay Friend,,TP,Tennis Player,period_1_games_won,,5.5,5.5
Valentina Ryser,,TP,Tennis Player,period_1_games_won,,4.5,4.5
Juan Manuel La Serna,,TP,Tennis Player,period_1_games_won,,5.5,5.5
Gianluca Cadenasso,,TP,Tennis Player,period_1_games_won,,5.5,5.5
Eva Bennemann,,TP,Tennis Player,period_1_games_won,,4.5,4.5
Akira Santillan,,TP,Tennis Player,period_1_games_won,,4.5,4.5
Tai Leonard Sach,,TP,Tennis Player,period_1_games_won,,5.5,5.5
Mae Malige,,TP,Tennis Player,period_1_games_won,,4.5,4.5
Alice Tubello,,TP,Tennis Player,period_1_games_won,,4.5,4.5
Raphael Perot,,TP,Tennis Player,period_1_games_won,,4.5,4.5
Lola Radivojevic,,TP,Tennis Player,period_1_games_won,,5.5,5.5
Tiago Torres,,TP,Tennis Player,period_1_games_won,,5.5,5.5
Eva Vedder,,TP,Tennis Player,period_1_games_won,,4.5,4.5
Julie Struplova,,TP,Tennis Player,period_1_games_won,,4.5,4.5
Filip Peliwo,,TP,Tennis Player,period_1_games_won,,5.5,5.5
Fiona Ferro,,TP,Tennis Player,period_1_games_won,,5.5,5.5
Barbora Palicova,,TP,Tennis Player,period_1_games_won,,5.5,5.5
Mert Alkaya,,TP,Tennis Player,period_1_games_won,,5.5,5.5
Stefano Napolitano,,TP,Tennis Player,period_1_games_won,,5.5,5.5
Sergio Callejon Hernando,,TP,Tennis Player,period_1_games_won,,3.5,3.5
Sean Cuenin,,TP,Tennis Player,period_1_games_won,,5.5,5.5
Maria Camila Torres Murcia,,TP,Tennis Player,period_1_games_won,,2.5,2.5
Max Hans Rehberg,,TP,Tennis Player,period_1_games_won,,5.5,5.5
Nao Hibino,,TP,Tennis Player,period_1_games_won,,5.5,5.5
Inaki Montes-de la Torre,,TP,Tennis Player,period_1_games_won,,5.5,5.5
Ane Mintegi Del Olmo,,TP,Tennis Player,period_1_games_won,,4.5,4.5
Grigoriy Lomakin,,TP,Tennis Player,period_1_games_won,,3.5,3.5
Michele Ribecai,,TP,Tennis Player,period_1_games_won,,5.5,5.5
Max Purcell,,TP,Tennis Player,period_1_games_won,,5.5,5.5
Thanh Minh Truong,,TP,Tennis Player,period_1_games_won,,2.5,2.5
Nico Hipfl,,TP,Tennis Player,period_1_games_won,,3.5,3.5
Blake Ellis,,TP,Tennis Player,period_1_games_won,,5.5,5.5
Lucie Nguyen Tan,,TP,Tennis Player,period_1_games_won,,4.5,4.5
Alevtina Ibragimova,,TP,Tennis Player,period_1_games_won,,5.5,5.5
Alina Granwehr,,TP,Tennis Player,period_1_games_won,,5.5,5.5
Philip Sekulic,,TP,Tennis Player,period_1_games_won,,5.5,5.5
Kenta (2004) Miyoshi,,TP,Tennis Player,period_1_games_won,,4.5,4.5
Carol Young Suh Lee,,TP,Tennis Player,period_1_games_won,,5.5,5.5
Timofei Derepasko,,TP,Tennis Player,period_1_games_won,,5.5,5.5
Moise Kouame,,TP,Tennis Player,period_1_games_won,,5.5,5.5
Martin Borisiouk,,TP,Tennis Player,period_1_games_won,,5.5,5.5
Katarzyna Kawa,,TP,Tennis Player,period_1_games_won,,5.5,5.5
Aditya Vishal Balsekar,,TP,Tennis Player,period_1_games_won,,3.5,3.5
Cagla Buyukakcay,,TP,Tennis Player,period_1_games_won,,3.5,3.5
Lucie Havlickova,,TP,Tennis Player,period_1_games_won,,5.5,5.5
Sidharth Rawat,,TP,Tennis Player,period_1_games_won,,4.5,4.5
Gina Feistel,,TP,Tennis Player,period_1_games_won,,5.5,5.5
Luca Castelnuovo,,TP,Tennis Player,period_1_games_won,,3.5,3.5
Benjamin O'Connell,,TP,Tennis Player,period_1_games_won,,4.5,4.5
Sam Ryan Ziegann,,TP,Tennis Player,period_1_games_won,,4.5,4.5
Daniel Siniakov,,TP,Tennis Player,period_1_games_won,,5.5,5.5
Cadence Brace,,TP,Tennis Player,period_1_games_won,,4.5,4.5
Samira de Stefano,,TP,Tennis Player,period_1_games_won,,5.5,5.5
Felix Balshaw,,TP,Tennis Player,period_1_games_won,,5.5,5.5
Juan Cruz Martin Manzano,,TP,Tennis Player,period_1_games_won,,5.5,5.5
Enzo Aguiard,,TP,Tennis Player,period_1_games_won,,5.5,5.5
Raphael Perot,,TP,Tennis Player,sets_won,,0.5,0.5
Max Hans Rehberg,,TP,Tennis Player,sets_won,,0.5,0.5
Gabriele Crivellaro,,TP,Tennis Player,sets_won,,0.5,0.5
Marina Bassols Ribera,,TP,Tennis Player,sets_won,,0.5,0.5
Cagla Buyukakcay,,TP,Tennis Player,sets_won,,0.5,0.5
Julie Struplova,,TP,Tennis Player,sets_won,,0.5,0.5
Max Purcell,,TP,Tennis Player,sets_won,,0.5,0.5
Thanh Minh Truong,,TP,Tennis Player,sets_won,,0.5,0.5
Laurent Lokoli,,TP,Tennis Player,sets_won,,0.5,0.5
Carol Young Suh Lee,,TP,Tennis Player,sets_won,,0.5,0.5
Daniel Masur,,TP,Tennis Player,sets_won,,0.5,0.5
Aurora Zantedeschi,,TP,Tennis Player,sets_won,,0.5,0.5
Sergey Fomin,,TP,Tennis Player,sets_won,,0.5,0.5
Akira Santillan,,TP,Tennis Player,sets_won,,0.5,0.5
Valentina Ryser,,TP,Tennis Player,sets_won,,0.5,0.5
Angela Fita Boluda,,TP,Tennis Player,sets_won,,0.5,0.5
Gina Feistel,,TP,Tennis Player,sets_won,,0.5,0.5
Sam Ryan Ziegann,,TP,Tennis Player,sets_won,,0.5,0.5
Sergio Callejon Hernando,,TP,Tennis Player,sets_won,,0.5,0.5
Lucie Havlickova,,TP,Tennis Player,sets_won,,0.5,0.5
Kenta (2004) Miyoshi,,TP,Tennis Player,sets_won,,0.5,0.5
Koray Kirci,,TP,Tennis Player,sets_won,,0.5,0.5
Xiaodi You,,TP,Tennis Player,sets_won,,0.5,0.5
Lucie Nguyen Tan,,TP,Tennis Player,sets_won,,0.5,0.5
Filip Cristian Jianu,,TP,Tennis Player,sets_won,,0.5,0.5
Luca Castelnuovo,,TP,Tennis Player,sets_won,,0.5,0.5
Eva Bennemann,,TP,Tennis Player,sets_won,,0.5,0.5
Stefano Napolitano,,TP,Tennis Player,sets_won,,0.5,0.5
Mae Malige,,TP,Tennis Player,sets_won,,0.5,0.5
Aditya Vishal Balsekar,,TP,Tennis Player,sets_won,,0.5,0.5
Nico Hipfl,,TP,Tennis Player,sets_won,,0.5,0.5
Ane Mintegi Del Olmo,,TP,Tennis Player,sets_won,,0.5,0.5
Michele Ribecai,,TP,Tennis Player,sets_won,,0.5,0.5
Sean Cuenin,,TP,Tennis Player,sets_won,,0.5,0.5
Jennifer Ruggeri,,TP,Tennis Player,sets_won,,0.5,0.5
Alicia Herrero Linana,,TP,Tennis Player,sets_won,,0.5,0.5
Daniel Siniakov,,TP,Tennis Player,sets_won,,0.5,0.5
Gianluca Cadenasso,,TP,Tennis Player,sets_won,,0.5,0.5
Guiomar Maristany Zuleta de Reales,,TP,Tennis Player,sets_won,,0.5,0.5
Felix Gill,,TP,Tennis Player,sets_won,,0.5,0.5
Vendula Valdmannova,,TP,Tennis Player,sets_won,,0.5,0.5
Julieta Pareja,,TP,Tennis Player,sets_won,,0.5,0.5
Tiago Torres,,TP,Tennis Player,sets_won,,0.5,0.5
Mona Barthel,,TP,Tennis Player,sets_won,,0.5,0.5
Sidharth Rawat,,TP,Tennis Player,sets_won,,0.5,0.5
Eva Vedder,,TP,Tennis Player,sets_won,,0.5,0.5
Lina Gjorcheska,,TP,Tennis Player,sets_won,,0.5,0.5
Juan Manuel La Serna,,TP,Tennis Player,sets_won,,0.5,0.5
Alice Tubello,,TP,Tennis Player,sets_won,,0.5,0.5
Lola Radivojevic,,TP,Tennis Player,sets_won,,0.5,0.5
Juan Cruz Martin Manzano,,TP,Tennis Player,sets_won,,0.5,0.5
Maria Camila Torres Murcia,,TP,Tennis Player,sets_won,,0.5,0.5
Cadence Brace,,TP,Tennis Player,sets_won,,0.5,0.5
Samira de Stefano,,TP,Tennis Player,sets_played,,2.5,2.5
Yasmine Kabbaj,,TP,Tennis Player,sets_played,,2.5,2.5
Lola Radivojevic,,TP,Tennis Player,sets_played,,2.5,2.5
Federica Urgesi,,TP,Tennis Player,sets_played,,2.5,2.5
Marina Bassols Ribera,,TP,Tennis Player,sets_played,,2.5,2.5
Carol Young Suh Lee,,TP,Tennis Player,sets_played,,2.5,2.5
Jay Friend,,TP,Tennis Player,sets_played,,2.5,2.5
Andrea Lazaro Garcia,,TP,Tennis Player,sets_played,,2.5,2.5
Katarzyna Kawa,,TP,Tennis Player,sets_played,,2.5,2.5
Max Purcell,,TP,Tennis Player,sets_played,,2.5,2.5
Barbora Palicova,,TP,Tennis Player,sets_played,,2.5,2.5
Nastasja Schunk,,TP,Tennis Player,sets_played,,2.5,2.5
Philip Sekulic,,TP,Tennis Player,sets_played,,2.5,2.5
Nao Hibino,,TP,Tennis Player,sets_played,,2.5,2.5
Moise Kouame,,TP,Tennis Player,sets_played,,2.5,2.5
Alevtina Ibragimova,,TP,Tennis Player,sets_played,,2.5,2.5
Fiona Ferro,,TP,Tennis Player,sets_played,,2.5,2.5
Timofei Derepasko,,TP,Tennis Player,sets_played,,2.5,2.5
Martina Trevisan,,TP,Tennis Player,tie_breakers_played,,0.5,0.5
Federica Urgesi,,TP,Tennis Player,tie_breakers_played,,0.5,0.5
Moise Kouame,,TP,Tennis Player,tie_breakers_played,,0.5,0.5
Barbora Palicova,,TP,Tennis Player,tie_breakers_played,,0.5,0.5
Alevtina Ibragimova,,TP,Tennis Player,tie_breakers_played,,0.5,0.5
Sara Sorribes Tormo,,TP,Tennis Player,tie_breakers_played,,0.5,0.5
Samira de Stefano,,TP,Tennis Player,tie_breakers_played,,0.5,0.5
Tai Leonard Sach,,TP,Tennis Player,tie_breakers_played,,0.5,0.5
Timofei Derepasko,,TP,Tennis Player,tie_breakers_played,,0.5,0.5
Aurora Zantedeschi,,TP,Tennis Player,tie_breakers_played,,0.5,0.5
Alina Granwehr,,TP,Tennis Player,tie_breakers_played,,0.5,0.5
Fiona Ferro,,TP,Tennis Player,tie_breakers_played,,0.5,0.5
Jay Friend,,TP,Tennis Player,tie_breakers_played,,0.5,0.5
Philip Sekulic,,TP,Tennis Player,tie_breakers_played,,0.5,0.5
Lola Radivojevic,,TP,Tennis Player,tie_breakers_played,,0.5,0.5
Carol Young Suh Lee,,TP,Tennis Player,tie_breakers_played,,0.5,0.5
Yasmine Kabbaj,,TP,Tennis Player,tie_breakers_played,,0.5,0.5
Max Purcell,,TP,Tennis Player,tie_breakers_played,,0.5,0.5
Marina Bassols Ribera,,TP,Tennis Player,tie_breakers_played,,0.5,0.5
Andrea Lazaro Garcia,,TP,Tennis Player,tie_breakers_played,,0.5,0.5
Katarzyna Kawa,,TP,Tennis Player,tie_breakers_played,,0.5,0.5
Shohei Ohtani,5a5a4e8a-d364-4fba-9b76-add9ed5d9ad7,DH,Designated Hitter,hits_runs_rbis,,1.5,1.5
Shohei Ohtani,5a5a4e8a-d364-4fba-9b76-add9ed5d9ad7,DH,Designated Hitter,home_runs,,0.5,0.5
Shohei Ohtani,5a5a4e8a-d364-4fba-9b76-add9ed5d9ad7,DH,Designated Hitter,total_bases,,1.5,1.5
Shohei Ohtani,5a5a4e8a-d364-4fba-9b76-add9ed5d9ad7,DH,Designated Hitter,fantasy_points,,9.5,9.5
Shohei Ohtani,5a5a4e8a-d364-4fba-9b76-add9ed5d9ad7,DH,Designated Hitter,fantasy_points,,7.5,7.5
Shohei Ohtani,5a5a4e8a-d364-4fba-9b76-add9ed5d9ad7,DH,Designated Hitter,fantasy_points,,14.5,14.5
Shohei Ohtani,5a5a4e8a-d364-4fba-9b76-add9ed5d9ad7,DH,Designated Hitter,hits,HIT,0.5,0.5
Shohei Ohtani,5a5a4e8a-d364-4fba-9b76-add9ed5d9ad7,DH,Designated Hitter,runs,,0.5,0.5
Shohei Ohtani,5a5a4e8a-d364-4fba-9b76-add9ed5d9ad7,DH,Designated Hitter,singles,,0.5,0.5
Shohei Ohtani,5a5a4e8a-d364-4fba-9b76-add9ed5d9ad7,DH,Designated Hitter,batter_strikeouts,,1.5,1.5
Shohei Ohtani,5a5a4e8a-d364-4fba-9b76-add9ed5d9ad7,DH,Designated Hitter,rbis,,0.5,0.5
Shohei Ohtani,5a5a4e8a-d364-4fba-9b76-add9ed5d9ad7,DH,Designated Hitter,walks,,0.5,0.5
Shohei Ohtani,5a5a4e8a-d364-4fba-9b76-add9ed5d9ad7,DH,Designated Hitter,stolen_bases,,0.5,0.5
Shohei Ohtani,5a5a4e8a-d364-4fba-9b76-add9ed5d9ad7,DH,Designated Hitter,doubles,,0.5,0.5
Mookie Betts,5a5a4e8a-d364-4fba-9b76-add9ed5d9ad7,SS,Shortstop,hits_runs_rbis,,1.5,1.5
Fernando Tatis,898ed118-c7ab-4e09-bff4-2a2a7af29053,RF,Right Field,hits_runs_rbis,,2.5,2.5
Elly De La Cruz,1748a711-2091-499b-9d33-dbd35ef8a62c,SS,Shortstop,hits_runs_rbis,,1.5,1.5
Freddie Freeman,5a5a4e8a-d364-4fba-9b76-add9ed5d9ad7,1B,First Baseman,hits_runs_rbis,,1.5,1.5
Freddie Freeman,5a5a4e8a-d364-4fba-9b76-add9ed5d9ad7,1B,First Baseman,home_runs,,0.5,0.5
Elly De La Cruz,1748a711-2091-499b-9d33-dbd35ef8a62c,SS,Shortstop,home_runs,,0.5,0.5
Fernando Tatis,898ed118-c7ab-4e09-bff4-2a2a7af29053,RF,Right Field,home_runs,,0.5,0.5
Freddie Freeman,5a5a4e8a-d364-4fba-9b76-add9ed5d9ad7,1B,First Baseman,total_bases,,1.5,1.5
Fernando Tatis,898ed118-c7ab-4e09-bff4-2a2a7af29053,RF,Right Field,total_bases,,1.5,1.5
Elly De La Cruz,1748a711-2091-499b-9d33-dbd35ef8a62c,SS,Shortstop,total_bases,,1.5,1.5
Fernando Tatis,898ed118-c7ab-4e09-bff4-2a2a7af29053,RF,Right Field,fantasy_points,,9.5,9.5
Freddie Freeman,5a5a4e8a-d364-4fba-9b76-add9ed5d9ad7,1B,First Baseman,fantasy_points,,6.5,6.5
Freddie Freeman,5a5a4e8a-d364-4fba-9b76-add9ed5d9ad7,1B,First Baseman,fantasy_points,,14.5,14.5
Elly De La Cruz,1748a711-2091-499b-9d33-dbd35ef8a62c,SS,Shortstop,fantasy_points,,9.5,9.5
Freddie Freeman,5a5a4e8a-d364-4fba-9b76-add9ed5d9ad7,1B,First Baseman,fantasy_points,,9.5,9.5
Mookie Betts,5a5a4e8a-d364-4fba-9b76-add9ed5d9ad7,SS,Shortstop,fantasy_points,,7.5,7.5
Fernando Tatis,898ed118-c7ab-4e09-bff4-2a2a7af29053,RF,Right Field,fantasy_points,,14.5,14.5
Fernando Tatis,898ed118-c7ab-4e09-bff4-2a2a7af29053,RF,Right Field,fantasy_points,,7.5,7.5
Elly De La Cruz,1748a711-2091-499b-9d33-dbd35ef8a62c,SS,Shortstop,fantasy_points,,5.5,5.5
Elly De La Cruz,1748a711-2091-499b-9d33-dbd35ef8a62c,SS,Shortstop,fantasy_points,,14.5,14.5
Fernando Tatis,898ed118-c7ab-4e09-bff4-2a2a7af29053,RF,Right Field,hits,HIT,1.5,1.5
Elly De La Cruz,1748a711-2091-499b-9d33-dbd35ef8a62c,SS,Shortstop,hits,HIT,0.5,0.5
Freddie Freeman,5a5a4e8a-d364-4fba-9b76-add9ed5d9ad7,1B,First Baseman,hits,HIT,0.5,0.5
Mookie Betts,5a5a4e8a-d364-4fba-9b76-add9ed5d9ad7,SS,Shortstop,hits,HIT,0.5,0.5
Fernando Tatis,898ed118-c7ab-4e09-bff4-2a2a7af29053,RF,Right Field,runs,,0.5,0.5
Freddie Freeman,5a5a4e8a-d364-4fba-9b76-add9ed5d9ad7,1B,First Baseman,runs,,0.5,0.5
Elly De La Cruz,1748a711-2091-499b-9d33-dbd35ef8a62c,SS,Shortstop,runs,,0.5,0.5
Mookie Betts,5a5a4e8a-d364-4fba-9b76-add9ed5d9ad7,SS,Shortstop,runs,,0.5,0.5
Elly De La Cruz,1748a711-2091-499b-9d33-dbd35ef8a62c,SS,Shortstop,singles,,0.5,0.5
Fernando Tatis,898ed118-c7ab-4e09-bff4-2a2a7af29053,RF,Right Field,singles,,0.5,0.5
Freddie Freeman,5a5a4e8a-d364-4fba-9b76-add9ed5d9ad7,1B,First Baseman,singles,,0.5,0.5
Mookie Betts,5a5a4e8a-d364-4fba-9b76-add9ed5d9ad7,SS,Shortstop,rbis,,0.5,0.5
Elly De La Cruz,1748a711-2091-499b-9d33-dbd35ef8a62c,SS,Shortstop,rbis,,0.5,0.5
Mookie Betts,5a5a4e8a-d364-4fba-9b76-add9ed5d9ad7,SS,Shortstop,batter_strikeouts,,0.5,0.5
Elly De La Cruz,1748a711-2091-499b-9d33-dbd35ef8a62c,SS,Shortstop,batter_strikeouts,,1.5,1.5
Fernando Tatis,898ed118-c7ab-4e09-bff4-2a2a7af29053,RF,Right Field,rbis,,0.5,0.5
Freddie Freeman,5a5a4e8a-d364-4fba-9b76-add9ed5d9ad7,1B,First Baseman,batter_strikeouts,,0.5,0.5
Freddie Freeman,5a5a4e8a-d364-4fba-9b76-add9ed5d9ad7,1B,First Baseman,rbis,,0.5,0.5
Fernando Tatis,898ed118-c7ab-4e09-bff4-2a2a7af29053,RF,Right Field,batter_strikeouts,,0.5,0.5
Fernando Tatis,898ed118-c7ab-4e09-bff4-2a2a7af29053,RF,Right Field,walks,,0.5,0.5
Freddie Freeman,5a5a4e8a-d364-4fba-9b76-add9ed5d9ad7,1B,First Baseman,walks,,0.5,0.5
Elly De La Cruz,1748a711-2091-499b-9d33-dbd35ef8a62c,SS,Shortstop,walks,,0.5,0.5
Fernando Tatis,898ed118-c7ab-4e09-bff4-2a2a7af29053,RF,Right Field,stolen_bases,,0.5,0.5
Elly De La Cruz,1748a711-2091-499b-9d33-dbd35ef8a62c,SS,Shortstop,stolen_bases,,0.5,0.5
Freddie Freeman,5a5a4e8a-d364-4fba-9b76-add9ed5d9ad7,1B,First Baseman,doubles,,0.5,0.5
Fernando Tatis,898ed118-c7ab-4e09-bff4-2a2a7af29053,RF,Right Field,doubles,,0.5,0.5
Elly De La Cruz,1748a711-2091-499b-9d33-dbd35ef8a62c,SS,Shortstop,doubles,,0.5,0.5
Logan Webb,f6696cd3-afca-4145-a3c5-25abe16dd193,SP,Starting Pitcher,strikeouts,K,5.5,5.5
Rafael Devers,f6696cd3-afca-4145-a3c5-25abe16dd193,1B,First Baseman,hits_runs_rbis,,1.5,1.5
Vladimir Guerrero,4d5e7fe3-d039-43fc-8084-b7f16219c9be,1B,First Baseman,hits_runs_rbis,,1.5,1.5
Manny Machado,898ed118-c7ab-4e09-bff4-2a2a7af29053,3B,Third Baseman,hits_runs_rbis,,1.5,1.5
James Wood,30a238e0-4b7b-4bbb-a471-6b1b7a184a22,RF,Right Field,hits_runs_rbis,,1.5,1.5
Rafael Devers,f6696cd3-afca-4145-a3c5-25abe16dd193,1B,First Baseman,hits_runs_rbis,,0.5,0.5
Kyle Tucker,5a5a4e8a-d364-4fba-9b76-add9ed5d9ad7,RF,Right Field,hits_runs_rbis,,1.5,1.5
Rafael Devers,f6696cd3-afca-4145-a3c5-25abe16dd193,1B,First Baseman,home_runs,,0.5,0.5
Manny Machado,898ed118-c7ab-4e09-bff4-2a2a7af29053,3B,Third Baseman,home_runs,,0.5,0.5
James Wood,30a238e0-4b7b-4bbb-a471-6b1b7a184a22,RF,Right Field,home_runs,,0.5,0.5
Vladimir Guerrero,4d5e7fe3-d039-43fc-8084-b7f16219c9be,1B,First Baseman,home_runs,,0.5,0.5
Kyle Tucker,5a5a4e8a-d364-4fba-9b76-add9ed5d9ad7,RF,Right Field,home_runs,,0.5,0.5
James Wood,30a238e0-4b7b-4bbb-a471-6b1b7a184a22,RF,Right Field,total_bases,,0.5,0.5
Kyle Tucker,5a5a4e8a-d364-4fba-9b76-add9ed5d9ad7,RF,Right Field,total_bases,,0.5,0.5
Manny Machado,898ed118-c7ab-4e09-bff4-2a2a7af29053,3B,Third Baseman,total_bases,,1.5,1.5
Vladimir Guerrero,4d5e7fe3-d039-43fc-8084-b7f16219c9be,1B,First Baseman,total_bases,,1.5,1.5
Rafael Devers,f6696cd3-afca-4145-a3c5-25abe16dd193,1B,First Baseman,total_bases,,1.5,1.5
Kyle Tucker,5a5a4e8a-d364-4fba-9b76-add9ed5d9ad7,RF,Right Field,fantasy_points,,14.5,14.5
James Wood,30a238e0-4b7b-4bbb-a471-6b1b7a184a22,RF,Right Field,fantasy_points,,9.5,9.5
James Wood,30a238e0-4b7b-4bbb-a471-6b1b7a184a22,RF,Right Field,fantasy_points,,14.5,14.5
Rafael Devers,f6696cd3-afca-4145-a3c5-25abe16dd193,1B,First Baseman,fantasy_points,,14.5,14.5
Vladimir Guerrero,4d5e7fe3-d039-43fc-8084-b7f16219c9be,1B,First Baseman,fantasy_points,,14.5,14.5
Kyle Tucker,5a5a4e8a-d364-4fba-9b76-add9ed5d9ad7,RF,Right Field,fantasy_points,,9.5,9.5
Rafael Devers,f6696cd3-afca-4145-a3c5-25abe16dd193,1B,First Baseman,fantasy_points,,9.5,9.5
Logan Webb,f6696cd3-afca-4145-a3c5-25abe16dd193,SP,Starting Pitcher,fantasy_points,,32.5,32.5
James Wood,30a238e0-4b7b-4bbb-a471-6b1b7a184a22,RF,Right Field,fantasy_points,,7.5,7.5
Manny Machado,898ed118-c7ab-4e09-bff4-2a2a7af29053,3B,Third Baseman,fantasy_points,,9.5,9.5
Vladimir Guerrero,4d5e7fe3-d039-43fc-8084-b7f16219c9be,1B,First Baseman,fantasy_points,,7.5,7.5
Manny Machado,898ed118-c7ab-4e09-bff4-2a2a7af29053,3B,Third Baseman,fantasy_points,,14.5,14.5
Rafael Devers,f6696cd3-afca-4145-a3c5-25abe16dd193,1B,First Baseman,fantasy_points,,8.5,8.5
Manny Machado,898ed118-c7ab-4e09-bff4-2a2a7af29053,3B,Third Baseman,fantasy_points,,6.5,6.5
Vladimir Guerrero,4d5e7fe3-d039-43fc-8084-b7f16219c9be,1B,First Baseman,fantasy_points,,9.5,9.5
Logan Webb,f6696cd3-afca-4145-a3c5-25abe16dd193,SP,Starting Pitcher,pitch_outs,,17.5,17.5
Logan Webb,f6696cd3-afca-4145-a3c5-25abe16dd193,SP,Starting Pitcher,hits_allowed,,5.5,5.5
Logan Webb,f6696cd3-afca-4145-a3c5-25abe16dd193,SP,Starting Pitcher,runs_allowed,,2.5,2.5
Logan Webb,f6696cd3-afca-4145-a3c5-25abe16dd193,SP,Starting Pitcher,walks_allowed,,1.5,1.5
Manny Machado,898ed118-c7ab-4e09-bff4-2a2a7af29053,3B,Third Baseman,hits,HIT,0.5,0.5
James Wood,30a238e0-4b7b-4bbb-a471-6b1b7a184a22,RF,Right Field,hits,HIT,0.5,0.5
Kyle Tucker,5a5a4e8a-d364-4fba-9b76-add9ed5d9ad7,RF,Right Field,hits,HIT,0.5,0.5
Rafael Devers,f6696cd3-afca-4145-a3c5-25abe16dd193,1B,First Baseman,hits,HIT,0.5,0.5
Vladimir Guerrero,4d5e7fe3-d039-43fc-8084-b7f16219c9be,1B,First Baseman,hits,HIT,1.5,1.5
Rafael Devers,f6696cd3-afca-4145-a3c5-25abe16dd193,1B,First Baseman,runs,,0.5,0.5
James Wood,30a238e0-4b7b-4bbb-a471-6b1b7a184a22,RF,Right Field,runs,,0.5,0.5
Manny Machado,898ed118-c7ab-4e09-bff4-2a2a7af29053,3B,Third Baseman,runs,,0.5,0.5
Vladimir Guerrero,4d5e7fe3-d039-43fc-8084-b7f16219c9be,1B,First Baseman,runs,,0.5,0.5
Kyle Tucker,5a5a4e8a-d364-4fba-9b76-add9ed5d9ad7,RF,Right Field,runs,,0.5,0.5
Manny Machado,898ed118-c7ab-4e09-bff4-2a2a7af29053,3B,Third Baseman,singles,,0.5,0.5
James Wood,30a238e0-4b7b-4bbb-a471-6b1b7a184a22,RF,Right Field,singles,,0.5,0.5
Rafael Devers,f6696cd3-afca-4145-a3c5-25abe16dd193,1B,First Baseman,singles,,0.5,0.5
Vladimir Guerrero,4d5e7fe3-d039-43fc-8084-b7f16219c9be,1B,First Baseman,singles,,0.5,0.5
Kyle Tucker,5a5a4e8a-d364-4fba-9b76-add9ed5d9ad7,RF,Right Field,singles,,0.5,0.5
James Wood,30a238e0-4b7b-4bbb-a471-6b1b7a184a22,RF,Right Field,batter_strikeouts,,1.5,1.5
James Wood,30a238e0-4b7b-4bbb-a471-6b1b7a184a22,RF,Right Field,rbis,,0.5,0.5
Manny Machado,898ed118-c7ab-4e09-bff4-2a2a7af29053,3B,Third Baseman,batter_strikeouts,,0.5,0.5
Kyle Tucker,5a5a4e8a-d364-4fba-9b76-add9ed5d9ad7,RF,Right Field,rbis,,0.5,0.5
Rafael Devers,f6696cd3-afca-4145-a3c5-25abe16dd193,1B,First Baseman,rbis,,0.5,0.5
Manny Machado,898ed118-c7ab-4e09-bff4-2a2a7af29053,3B,Third Baseman,rbis,,0.5,0.5
Kyle Tucker,5a5a4e8a-d364-4fba-9b76-add9ed5d9ad7,RF,Right Field,batter_strikeouts,,0.5,0.5
Vladimir Guerrero,4d5e7fe3-d039-43fc-8084-b7f16219c9be,1B,First Baseman,rbis,,0.5,0.5
Rafael Devers,f6696cd3-afca-4145-a3c5-25abe16dd193,1B,First Baseman,batter_strikeouts,,0.5,0.5
Vladimir Guerrero,4d5e7fe3-d039-43fc-8084-b7f16219c9be,1B,First Baseman,batter_strikeouts,,0.5,0.5
James Wood,30a238e0-4b7b-4bbb-a471-6b1b7a184a22,RF,Right Field,walks,,0.5,0.5
Kyle Tucker,5a5a4e8a-d364-4fba-9b76-add9ed5d9ad7,RF,Right Field,stolen_bases,,0.5,0.5
James Wood,30a238e0-4b7b-4bbb-a471-6b1b7a184a22,RF,Right Field,stolen_bases,,0.5,0.5
Manny Machado,898ed118-c7ab-4e09-bff4-2a2a7af29053,3B,Third Baseman,walks,,0.5,0.5
Vladimir Guerrero,4d5e7fe3-d039-43fc-8084-b7f16219c9be,1B,First Baseman,stolen_bases,,0.5,0.5
Vladimir Guerrero,4d5e7fe3-d039-43fc-8084-b7f16219c9be,1B,First Baseman,walks,,0.5,0.5
Rafael Devers,f6696cd3-afca-4145-a3c5-25abe16dd193,1B,First Baseman,walks,,0.5,0.5
Kyle Tucker,5a5a4e8a-d364-4fba-9b76-add9ed5d9ad7,RF,Right Field,walks,,0.5,0.5
Logan Webb,f6696cd3-afca-4145-a3c5-25abe16dd193,SP,Starting Pitcher,period_1_strikeouts,,2.5,2.5
Logan Webb,f6696cd3-afca-4145-a3c5-25abe16dd193,SP,Starting Pitcher,period_1_strikeouts,,0.5,0.5
Logan Webb,f6696cd3-afca-4145-a3c5-25abe16dd193,SP,Starting Pitcher,period_1_strikeouts,,1.5,1.5
Logan Webb,f6696cd3-afca-4145-a3c5-25abe16dd193,SP,Starting Pitcher,period_1_total_runs_allowed,,2.5,2.5
Logan Webb,f6696cd3-afca-4145-a3c5-25abe16dd193,SP,Starting Pitcher,period_1_total_runs_allowed,,0.5,0.5
Logan Webb,f6696cd3-afca-4145-a3c5-25abe16dd193,SP,Starting Pitcher,period_1_total_runs_allowed,,1.5,1.5
Logan Webb,f6696cd3-afca-4145-a3c5-25abe16dd193,SP,Starting Pitcher,period_1_pitch_count,,14.5,14.5
Logan Webb,f6696cd3-afca-4145-a3c5-25abe16dd193,SP,Starting Pitcher,period_1_pitch_count,,19.5,19.5
Logan Webb,f6696cd3-afca-4145-a3c5-25abe16dd193,SP,Starting Pitcher,period_1_pitch_count,,24.5,24.5
Logan Webb,f6696cd3-afca-4145-a3c5-25abe16dd193,SP,Starting Pitcher,period_1_batters_faced,,3.5,3.5
Logan Webb,f6696cd3-afca-4145-a3c5-25abe16dd193,SP,Starting Pitcher,period_1_batters_faced,,6.5,6.5
Logan Webb,f6696cd3-afca-4145-a3c5-25abe16dd193,SP,Starting Pitcher,period_1_batters_faced,,4.5,4.5
Logan Webb,f6696cd3-afca-4145-a3c5-25abe16dd193,SP,Starting Pitcher,period_1_batters_faced,,5.5,5.5
Logan Webb,f6696cd3-afca-4145-a3c5-25abe16dd193,SP,Starting Pitcher,period_1_hits_allowed,,0.5,0.5
Logan Webb,f6696cd3-afca-4145-a3c5-25abe16dd193,SP,Starting Pitcher,period_1_hits_allowed,,1.5,1.5
Logan Webb,f6696cd3-afca-4145-a3c5-25abe16dd193,SP,Starting Pitcher,period_1_hits_allowed,,2.5,2.5
Logan Webb,f6696cd3-afca-4145-a3c5-25abe16dd193,SP,Starting Pitcher,period_1_hits_allowed,,3.5,3.5
Vladimir Guerrero,4d5e7fe3-d039-43fc-8084-b7f16219c9be,1B,First Baseman,doubles,,0.5,0.5
James Wood,30a238e0-4b7b-4bbb-a471-6b1b7a184a22,RF,Right Field,doubles,,0.5,0.5
Kyle Tucker,5a5a4e8a-d364-4fba-9b76-add9ed5d9ad7,RF,Right Field,doubles,,0.5,0.5
Rafael Devers,f6696cd3-afca-4145-a3c5-25abe16dd193,1B,First Baseman,doubles,,0.5,0.5
Manny Machado,898ed118-c7ab-4e09-bff4-2a2a7af29053,3B,Third Baseman,doubles,,0.5,0.5
Dylan Cease,4d5e7fe3-d039-43fc-8084-b7f16219c9be,SP,Starting Pitcher,strikeouts,K,7.5,7.5
Dylan Cease,4d5e7fe3-d039-43fc-8084-b7f16219c9be,SP,Starting Pitcher,fantasy_points,,42.5,42.5
Dylan Cease,4d5e7fe3-d039-43fc-8084-b7f16219c9be,SP,Starting Pitcher,pitch_outs,,17.5,17.5
Dylan Cease,4d5e7fe3-d039-43fc-8084-b7f16219c9be,SP,Starting Pitcher,hits_allowed,,4.5,4.5
Dylan Cease,4d5e7fe3-d039-43fc-8084-b7f16219c9be,SP,Starting Pitcher,runs_allowed,,1.5,1.5
Dylan Cease,4d5e7fe3-d039-43fc-8084-b7f16219c9be,SP,Starting Pitcher,walks_allowed,,1.5,1.5
Dylan Cease,4d5e7fe3-d039-43fc-8084-b7f16219c9be,SP,Starting Pitcher,period_1_strikeouts,,1.5,1.5
Dylan Cease,4d5e7fe3-d039-43fc-8084-b7f16219c9be,SP,Starting Pitcher,period_1_strikeouts,,2.5,2.5
Dylan Cease,4d5e7fe3-d039-43fc-8084-b7f16219c9be,SP,Starting Pitcher,period_1_strikeouts,,0.5,0.5
Dylan Cease,4d5e7fe3-d039-43fc-8084-b7f16219c9be,SP,Starting Pitcher,period_1_total_runs_allowed,,0.5,0.5
Dylan Cease,4d5e7fe3-d039-43fc-8084-b7f16219c9be,SP,Starting Pitcher,period_1_total_runs_allowed,,1.5,1.5
Dylan Cease,4d5e7fe3-d039-43fc-8084-b7f16219c9be,SP,Starting Pitcher,period_1_total_runs_allowed,,2.5,2.5
Dylan Cease,4d5e7fe3-d039-43fc-8084-b7f16219c9be,SP,Starting Pitcher,period_1_pitch_count,,14.5,14.5
Dylan Cease,4d5e7fe3-d039-43fc-8084-b7f16219c9be,SP,Starting Pitcher,period_1_pitch_count,,24.5,24.5
Dylan Cease,4d5e7fe3-d039-43fc-8084-b7f16219c9be,SP,Starting Pitcher,period_1_pitch_count,,19.5,19.5
Dylan Cease,4d5e7fe3-d039-43fc-8084-b7f16219c9be,SP,Starting Pitcher,period_1_batters_faced,,6.5,6.5
Dylan Cease,4d5e7fe3-d039-43fc-8084-b7f16219c9be,SP,Starting Pitcher,period_1_batters_faced,,5.5,5.5
Dylan Cease,4d5e7fe3-d039-43fc-8084-b7f16219c9be,SP,Starting Pitcher,period_1_batters_faced,,3.5,3.5
Dylan Cease,4d5e7fe3-d039-43fc-8084-b7f16219c9be,SP,Starting Pitcher,period_1_batters_faced,,4.5,4.5
Dylan Cease,4d5e7fe3-d039-43fc-8084-b7f16219c9be,SP,Starting Pitcher,period_1_hits_allowed,,1.5,1.5
Dylan Cease,4d5e7fe3-d039-43fc-8084-b7f16219c9be,SP,Starting Pitcher,period_1_hits_allowed,,2.5,2.5
Dylan Cease,4d5e7fe3-d039-43fc-8084-b7f16219c9be,SP,Starting Pitcher,period_1_hits_allowed,,3.5,3.5
Dylan Cease,4d5e7fe3-d039-43fc-8084-b7f16219c9be,SP,Starting Pitcher,period_1_hits_allowed,,0.5,0.5
Sal Stewart,1748a711-2091-499b-9d33-dbd35ef8a62c,1B,First Baseman,hits_runs_rbis,,1.5,1.5
Sal Stewart,1748a711-2091-499b-9d33-dbd35ef8a62c,1B,First Baseman,home_runs,,0.5,0.5
Sal Stewart,1748a711-2091-499b-9d33-dbd35ef8a62c,1B,First Baseman,total_bases,,1.5,1.5
Sal Stewart,1748a711-2091-499b-9d33-dbd35ef8a62c,1B,First Baseman,fantasy_points,,5.5,5.5
Sal Stewart,1748a711-2091-499b-9d33-dbd35ef8a62c,1B,First Baseman,hits,HIT,0.5,0.5
Sal Stewart,1748a711-2091-499b-9d33-dbd35ef8a62c,1B,First Baseman,runs,,0.5,0.5
Sal Stewart,1748a711-2091-499b-9d33-dbd35ef8a62c,1B,First Baseman,rbis,,0.5,0.5
Sal Stewart,1748a711-2091-499b-9d33-dbd35ef8a62c,1B,First Baseman,stolen_bases,,0.5,0.5
Sal Stewart,1748a711-2091-499b-9d33-dbd35ef8a62c,1B,First Baseman,walks,,0.5,0.5
Nick Pivetta,898ed118-c7ab-4e09-bff4-2a2a7af29053,SP,Starting Pitcher,strikeouts,K,4.5,4.5
Teoscar Hernández,5a5a4e8a-d364-4fba-9b76-add9ed5d9ad7,LF,Left Field,hits_runs_rbis,,1.5,1.5
Eugenio Suárez,1748a711-2091-499b-9d33-dbd35ef8a62c,DH,Designated Hitter,hits_runs_rbis,,0.5,0.5
Teoscar Hernández,5a5a4e8a-d364-4fba-9b76-add9ed5d9ad7,LF,Left Field,home_runs,,0.5,0.5
Eugenio Suárez,1748a711-2091-499b-9d33-dbd35ef8a62c,DH,Designated Hitter,home_runs,,0.5,0.5
Eugenio Suárez,1748a711-2091-499b-9d33-dbd35ef8a62c,DH,Designated Hitter,total_bases,,0.5,0.5
Teoscar Hernández,5a5a4e8a-d364-4fba-9b76-add9ed5d9ad7,LF,Left Field,total_bases,,0.5,0.5
Nick Pivetta,898ed118-c7ab-4e09-bff4-2a2a7af29053,SP,Starting Pitcher,pitch_outs,,13.5,13.5
Nick Pivetta,898ed118-c7ab-4e09-bff4-2a2a7af29053,SP,Starting Pitcher,hits_allowed,,3.5,3.5
Nick Pivetta,898ed118-c7ab-4e09-bff4-2a2a7af29053,SP,Starting Pitcher,runs_allowed,,1.5,1.5
Nick Pivetta,898ed118-c7ab-4e09-bff4-2a2a7af29053,SP,Starting Pitcher,walks_allowed,,1.5,1.5
Eugenio Suárez,1748a711-2091-499b-9d33-dbd35ef8a62c,DH,Designated Hitter,hits,HIT,0.5,0.5
Teoscar Hernández,5a5a4e8a-d364-4fba-9b76-add9ed5d9ad7,LF,Left Field,hits,HIT,0.5,0.5
Teoscar Hernández,5a5a4e8a-d364-4fba-9b76-add9ed5d9ad7,LF,Left Field,runs,,0.5,0.5
Eugenio Suárez,1748a711-2091-499b-9d33-dbd35ef8a62c,DH,Designated Hitter,runs,,0.5,0.5
Teoscar Hernández,5a5a4e8a-d364-4fba-9b76-add9ed5d9ad7,LF,Left Field,singles,,0.5,0.5
Eugenio Suárez,1748a711-2091-499b-9d33-dbd35ef8a62c,DH,Designated Hitter,singles,,0.5,0.5
Teoscar Hernández,5a5a4e8a-d364-4fba-9b76-add9ed5d9ad7,LF,Left Field,batter_strikeouts,,1.5,1.5
Eugenio Suárez,1748a711-2091-499b-9d33-dbd35ef8a62c,DH,Designated Hitter,batter_strikeouts,,1.5,1.5
Teoscar Hernández,5a5a4e8a-d364-4fba-9b76-add9ed5d9ad7,LF,Left Field,rbis,,0.5,0.5
Eugenio Suárez,1748a711-2091-499b-9d33-dbd35ef8a62c,DH,Designated Hitter,rbis,,0.5,0.5
Teoscar Hernández,5a5a4e8a-d364-4fba-9b76-add9ed5d9ad7,LF,Left Field,walks,,0.5,0.5
Eugenio Suárez,1748a711-2091-499b-9d33-dbd35ef8a62c,DH,Designated Hitter,walks,,0.5,0.5
Nick Pivetta,898ed118-c7ab-4e09-bff4-2a2a7af29053,SP,Starting Pitcher,period_1_strikeouts,,1.5,1.5
Nick Pivetta,898ed118-c7ab-4e09-bff4-2a2a7af29053,SP,Starting Pitcher,period_1_strikeouts,,2.5,2.5
Nick Pivetta,898ed118-c7ab-4e09-bff4-2a2a7af29053,SP,Starting Pitcher,period_1_strikeouts,,0.5,0.5
Nick Pivetta,898ed118-c7ab-4e09-bff4-2a2a7af29053,SP,Starting Pitcher,period_1_total_runs_allowed,,1.5,1.5
Nick Pivetta,898ed118-c7ab-4e09-bff4-2a2a7af29053,SP,Starting Pitcher,period_1_total_runs_allowed,,2.5,2.5
Nick Pivetta,898ed118-c7ab-4e09-bff4-2a2a7af29053,SP,Starting Pitcher,period_1_total_runs_allowed,,0.5,0.5
Nick Pivetta,898ed118-c7ab-4e09-bff4-2a2a7af29053,SP,Starting Pitcher,period_1_pitch_count,,14.5,14.5
Nick Pivetta,898ed118-c7ab-4e09-bff4-2a2a7af29053,SP,Starting Pitcher,period_1_pitch_count,,24.5,24.5
Nick Pivetta,898ed118-c7ab-4e09-bff4-2a2a7af29053,SP,Starting Pitcher,period_1_pitch_count,,19.5,19.5
Nick Pivetta,898ed118-c7ab-4e09-bff4-2a2a7af29053,SP,Starting Pitcher,period_1_batters_faced,,6.5,6.5
Nick Pivetta,898ed118-c7ab-4e09-bff4-2a2a7af29053,SP,Starting Pitcher,period_1_batters_faced,,3.5,3.5
Nick Pivetta,898ed118-c7ab-4e09-bff4-2a2a7af29053,SP,Starting Pitcher,period_1_batters_faced,,5.5,5.5
Nick Pivetta,898ed118-c7ab-4e09-bff4-2a2a7af29053,SP,Starting Pitcher,period_1_batters_faced,,4.5,4.5
Nick Pivetta,898ed118-c7ab-4e09-bff4-2a2a7af29053,SP,Starting Pitcher,period_1_hits_allowed,,0.5,0.5
Nick Pivetta,898ed118-c7ab-4e09-bff4-2a2a7af29053,SP,Starting Pitcher,period_1_hits_allowed,,3.5,3.5
Nick Pivetta,898ed118-c7ab-4e09-bff4-2a2a7af29053,SP,Starting Pitcher,period_1_hits_allowed,,1.5,1.5
Nick Pivetta,898ed118-c7ab-4e09-bff4-2a2a7af29053,SP,Starting Pitcher,period_1_hits_allowed,,2.5,2.5
Teoscar Hernández,5a5a4e8a-d364-4fba-9b76-add9ed5d9ad7,LF,Left Field,doubles,,0.5,0.5
Eugenio Suárez,1748a711-2091-499b-9d33-dbd35ef8a62c,DH,Designated Hitter,doubles,,0.5,0.5
Lawrence Butler,a20ed566-669e-4757-b2e6-d74ce1a6f170,RF,Right Field,hits_runs_rbis,,1.5,1.5
Jung Hoo Lee,f6696cd3-afca-4145-a3c5-25abe16dd193,RF,Right Field,hits_runs_rbis,,1.5,1.5
Jung Hoo Lee,f6696cd3-afca-4145-a3c5-25abe16dd193,RF,Right Field,home_runs,,0.5,0.5
Lawrence Butler,a20ed566-669e-4757-b2e6-d74ce1a6f170,RF,Right Field,home_runs,,0.5,0.5
Jung Hoo Lee,f6696cd3-afca-4145-a3c5-25abe16dd193,RF,Right Field,total_bases,,1.5,1.5
Lawrence Butler,a20ed566-669e-4757-b2e6-d74ce1a6f170,RF,Right Field,total_bases,,0.5,0.5
Jung Hoo Lee,f6696cd3-afca-4145-a3c5-25abe16dd193,RF,Right Field,fantasy_points,,6.5,6.5
Jung Hoo Lee,f6696cd3-afca-4145-a3c5-25abe16dd193,RF,Right Field,fantasy_points,,14.5,14.5
Lawrence Butler,a20ed566-669e-4757-b2e6-d74ce1a6f170,RF,Right Field,fantasy_points,,5.5,5.5
Jung Hoo Lee,f6696cd3-afca-4145-a3c5-25abe16dd193,RF,Right Field,fantasy_points,,9.5,9.5
Jung Hoo Lee,f6696cd3-afca-4145-a3c5-25abe16dd193,RF,Right Field,hits,HIT,1.5,1.5
Lawrence Butler,a20ed566-669e-4757-b2e6-d74ce1a6f170,RF,Right Field,hits,HIT,0.5,0.5
Lawrence Butler,a20ed566-669e-4757-b2e6-d74ce1a6f170,RF,Right Field,runs,,0.5,0.5
Jung Hoo Lee,f6696cd3-afca-4145-a3c5-25abe16dd193,RF,Right Field,runs,,0.5,0.5
Lawrence Butler,a20ed566-669e-4757-b2e6-d74ce1a6f170,RF,Right Field,singles,,0.5,0.5
Jung Hoo Lee,f6696cd3-afca-4145-a3c5-25abe16dd193,RF,Right Field,singles,,0.5,0.5
Lawrence Butler,a20ed566-669e-4757-b2e6-d74ce1a6f170,RF,Right Field,batter_strikeouts,,1.5,1.5
Lawrence Butler,a20ed566-669e-4757-b2e6-d74ce1a6f170,RF,Right Field,rbis,,0.5,0.5
Jung Hoo Lee,f6696cd3-afca-4145-a3c5-25abe16dd193,RF,Right Field,batter_strikeouts,,0.5,0.5
Jung Hoo Lee,f6696cd3-afca-4145-a3c5-25abe16dd193,RF,Right Field,rbis,,0.5,0.5
Jung Hoo Lee,f6696cd3-afca-4145-a3c5-25abe16dd193,RF,Right Field,walks,,0.5,0.5
Lawrence Butler,a20ed566-669e-4757-b2e6-d74ce1a6f170,RF,Right Field,walks,,0.5,0.5
Lawrence Butler,a20ed566-669e-4757-b2e6-d74ce1a6f170,RF,Right Field,stolen_bases,,0.5,0.5
Jung Hoo Lee,f6696cd3-afca-4145-a3c5-25abe16dd193,RF,Right Field,stolen_bases,,0.5,0.5
Jung Hoo Lee,f6696cd3-afca-4145-a3c5-25abe16dd193,RF,Right Field,doubles,,0.5,0.5
Lawrence Butler,a20ed566-669e-4757-b2e6-d74ce1a6f170,RF,Right Field,doubles,,0.5,0.5
CJ Abrams,30a238e0-4b7b-4bbb-a471-6b1b7a184a22,SS,Shortstop,hits_runs_rbis,,1.5,1.5
CJ Abrams,30a238e0-4b7b-4bbb-a471-6b1b7a184a22,SS,Shortstop,home_runs,,0.5,0.5
CJ Abrams,30a238e0-4b7b-4bbb-a471-6b1b7a184a22,SS,Shortstop,total_bases,,0.5,0.5
CJ Abrams,30a238e0-4b7b-4bbb-a471-6b1b7a184a22,SS,Shortstop,fantasy_points,,5.5,5.5
CJ Abrams,30a238e0-4b7b-4bbb-a471-6b1b7a184a22,SS,Shortstop,hits,HIT,0.5,0.5
CJ Abrams,30a238e0-4b7b-4bbb-a471-6b1b7a184a22,SS,Shortstop,runs,,0.5,0.5
CJ Abrams,30a238e0-4b7b-4bbb-a471-6b1b7a184a22,SS,Shortstop,singles,,0.5,0.5
CJ Abrams,30a238e0-4b7b-4bbb-a471-6b1b7a184a22,SS,Shortstop,batter_strikeouts,,1.5,1.5
CJ Abrams,30a238e0-4b7b-4bbb-a471-6b1b7a184a22,SS,Shortstop,rbis,,0.5,0.5
CJ Abrams,30a238e0-4b7b-4bbb-a471-6b1b7a184a22,SS,Shortstop,walks,,0.5,0.5
CJ Abrams,30a238e0-4b7b-4bbb-a471-6b1b7a184a22,SS,Shortstop,stolen_bases,,0.5,0.5
CJ Abrams,30a238e0-4b7b-4bbb-a471-6b1b7a184a22,SS,Shortstop,doubles,,0.5,0.5
Chase Burns,1748a711-2091-499b-9d33-dbd35ef8a62c,SP,Starting Pitcher,strikeouts,K,4.5,4.5
Jackson Merrill,898ed118-c7ab-4e09-bff4-2a2a7af29053,CF,Center Field,hits_runs_rbis,,1.5,1.5
Jackson Merrill,898ed118-c7ab-4e09-bff4-2a2a7af29053,CF,Center Field,home_runs,,0.5,0.5
Jackson Merrill,898ed118-c7ab-4e09-bff4-2a2a7af29053,CF,Center Field,total_bases,,1.5,1.5
Jackson Merrill,898ed118-c7ab-4e09-bff4-2a2a7af29053,CF,Center Field,fantasy_points,,9.5,9.5
Jackson Merrill,898ed118-c7ab-4e09-bff4-2a2a7af29053,CF,Center Field,fantasy_points,,6.5,6.5
Jackson Merrill,898ed118-c7ab-4e09-bff4-2a2a7af29053,CF,Center Field,fantasy_points,,14.5,14.5
Chase Burns,1748a711-2091-499b-9d33-dbd35ef8a62c,SP,Starting Pitcher,pitch_outs,,11.5,11.5
Chase Burns,1748a711-2091-499b-9d33-dbd35ef8a62c,SP,Starting Pitcher,hits_allowed,,3.5,3.5
Chase Burns,1748a711-2091-499b-9d33-dbd35ef8a62c,SP,Starting Pitcher,runs_allowed,,1.5,1.5
Chase Burns,1748a711-2091-499b-9d33-dbd35ef8a62c,SP,Starting Pitcher,walks_allowed,,1.5,1.5
Jackson Merrill,898ed118-c7ab-4e09-bff4-2a2a7af29053,CF,Center Field,hits,HIT,0.5,0.5
Jackson Merrill,898ed118-c7ab-4e09-bff4-2a2a7af29053,CF,Center Field,runs,,0.5,0.5
Jackson Merrill,898ed118-c7ab-4e09-bff4-2a2a7af29053,CF,Center Field,singles,,0.5,0.5
Jackson Merrill,898ed118-c7ab-4e09-bff4-2a2a7af29053,CF,Center Field,rbis,,0.5,0.5
Jackson Merrill,898ed118-c7ab-4e09-bff4-2a2a7af29053,CF,Center Field,batter_strikeouts,,0.5,0.5
Jackson Merrill,898ed118-c7ab-4e09-bff4-2a2a7af29053,CF,Center Field,stolen_bases,,0.5,0.5
Jackson Merrill,898ed118-c7ab-4e09-bff4-2a2a7af29053,CF,Center Field,walks,,0.5,0.5
Chase Burns,1748a711-2091-499b-9d33-dbd35ef8a62c,SP,Starting Pitcher,period_1_strikeouts,,1.5,1.5
Chase Burns,1748a711-2091-499b-9d33-dbd35ef8a62c,SP,Starting Pitcher,period_1_strikeouts,,2.5,2.5
Chase Burns,1748a711-2091-499b-9d33-dbd35ef8a62c,SP,Starting Pitcher,period_1_strikeouts,,0.5,0.5
Chase Burns,1748a711-2091-499b-9d33-dbd35ef8a62c,SP,Starting Pitcher,period_1_total_runs_allowed,,1.5,1.5
Chase Burns,1748a711-2091-499b-9d33-dbd35ef8a62c,SP,Starting Pitcher,period_1_total_runs_allowed,,0.5,0.5
Chase Burns,1748a711-2091-499b-9d33-dbd35ef8a62c,SP,Starting Pitcher,period_1_total_runs_allowed,,2.5,2.5
Chase Burns,1748a711-2091-499b-9d33-dbd35ef8a62c,SP,Starting Pitcher,period_1_pitch_count,,19.5,19.5
Chase Burns,1748a711-2091-499b-9d33-dbd35ef8a62c,SP,Starting Pitcher,period_1_pitch_count,,24.5,24.5
Chase Burns,1748a711-2091-499b-9d33-dbd35ef8a62c,SP,Starting Pitcher,period_1_pitch_count,,14.5,14.5
Chase Burns,1748a711-2091-499b-9d33-dbd35ef8a62c,SP,Starting Pitcher,period_1_batters_faced,,3.5,3.5
Chase Burns,1748a711-2091-499b-9d33-dbd35ef8a62c,SP,Starting Pitcher,period_1_batters_faced,,6.5,6.5
Chase Burns,1748a711-2091-499b-9d33-dbd35ef8a62c,SP,Starting Pitcher,period_1_batters_faced,,4.5,4.5
Chase Burns,1748a711-2091-499b-9d33-dbd35ef8a62c,SP,Starting Pitcher,period_1_batters_faced,,5.5,5.5
Chase Burns,1748a711-2091-499b-9d33-dbd35ef8a62c,SP,Starting Pitcher,period_1_hits_allowed,,0.5,0.5
Chase Burns,1748a711-2091-499b-9d33-dbd35ef8a62c,SP,Starting Pitcher,period_1_hits_allowed,,1.5,1.5
Chase Burns,1748a711-2091-499b-9d33-dbd35ef8a62c,SP,Starting Pitcher,period_1_hits_allowed,,3.5,3.5
Chase Burns,1748a711-2091-499b-9d33-dbd35ef8a62c,SP,Starting Pitcher,period_1_hits_allowed,,2.5,2.5
Jackson Merrill,898ed118-c7ab-4e09-bff4-2a2a7af29053,CF,Center Field,doubles,,0.5,0.5
Will Smith,5a5a4e8a-d364-4fba-9b76-add9ed5d9ad7,C,Catcher,hits_runs_rbis,,1.5,1.5
Will Smith,5a5a4e8a-d364-4fba-9b76-add9ed5d9ad7,C,Catcher,fantasy_points,,5.5,5.5
Will Smith,5a5a4e8a-d364-4fba-9b76-add9ed5d9ad7,C,Catcher,hits,HIT,0.5,0.5
Will Smith,5a5a4e8a-d364-4fba-9b76-add9ed5d9ad7,C,Catcher,runs,,0.5,0.5
Will Smith,5a5a4e8a-d364-4fba-9b76-add9ed5d9ad7,C,Catcher,singles,,0.5,0.5
Will Smith,5a5a4e8a-d364-4fba-9b76-add9ed5d9ad7,C,Catcher,rbis,,0.5,0.5
Will Smith,5a5a4e8a-d364-4fba-9b76-add9ed5d9ad7,C,Catcher,batter_strikeouts,,0.5,0.5
Will Smith,5a5a4e8a-d364-4fba-9b76-add9ed5d9ad7,C,Catcher,doubles,,0.5,0.5
Jake Irvin,30a238e0-4b7b-4bbb-a471-6b1b7a184a22,SP,Starting Pitcher,strikeouts,K,4.5,4.5
Jake Irvin,30a238e0-4b7b-4bbb-a471-6b1b7a184a22,SP,Starting Pitcher,pitch_outs,,15.5,15.5
Jake Irvin,30a238e0-4b7b-4bbb-a471-6b1b7a184a22,SP,Starting Pitcher,hits_allowed,,4.5,4.5
Jake Irvin,30a238e0-4b7b-4bbb-a471-6b1b7a184a22,SP,Starting Pitcher,runs_allowed,,2.5,2.5
Jake Irvin,30a238e0-4b7b-4bbb-a471-6b1b7a184a22,SP,Starting Pitcher,walks_allowed,,1.5,1.5
Jake Irvin,30a238e0-4b7b-4bbb-a471-6b1b7a184a22,SP,Starting Pitcher,period_1_strikeouts,,2.5,2.5
Jake Irvin,30a238e0-4b7b-4bbb-a471-6b1b7a184a22,SP,Starting Pitcher,period_1_strikeouts,,0.5,0.5
Jake Irvin,30a238e0-4b7b-4bbb-a471-6b1b7a184a22,SP,Starting Pitcher,period_1_strikeouts,,1.5,1.5
Jake Irvin,30a238e0-4b7b-4bbb-a471-6b1b7a184a22,SP,Starting Pitcher,period_1_total_runs_allowed,,2.5,2.5
Jake Irvin,30a238e0-4b7b-4bbb-a471-6b1b7a184a22,SP,Starting Pitcher,period_1_total_runs_allowed,,1.5,1.5
Jake Irvin,30a238e0-4b7b-4bbb-a471-6b1b7a184a22,SP,Starting Pitcher,period_1_total_runs_allowed,,0.5,0.5
Jake Irvin,30a238e0-4b7b-4bbb-a471-6b1b7a184a22,SP,Starting Pitcher,period_1_pitch_count,,19.5,19.5
Jake Irvin,30a238e0-4b7b-4bbb-a471-6b1b7a184a22,SP,Starting Pitcher,period_1_pitch_count,,24.5,24.5
Jake Irvin,30a238e0-4b7b-4bbb-a471-6b1b7a184a22,SP,Starting Pitcher,period_1_pitch_count,,14.5,14.5
Jake Irvin,30a238e0-4b7b-4bbb-a471-6b1b7a184a22,SP,Starting Pitcher,period_1_batters_faced,,6.5,6.5
Jake Irvin,30a238e0-4b7b-4bbb-a471-6b1b7a184a22,SP,Starting Pitcher,period_1_batters_faced,,5.5,5.5
Jake Irvin,30a238e0-4b7b-4bbb-a471-6b1b7a184a22,SP,Starting Pitcher,period_1_batters_faced,,4.5,4.5
Jake Irvin,30a238e0-4b7b-4bbb-a471-6b1b7a184a22,SP,Starting Pitcher,period_1_batters_faced,,3.5,3.5
Jake Irvin,30a238e0-4b7b-4bbb-a471-6b1b7a184a22,SP,Starting Pitcher,period_1_hits_allowed,,2.5,2.5
Jake Irvin,30a238e0-4b7b-4bbb-a471-6b1b7a184a22,SP,Starting Pitcher,period_1_hits_allowed,,0.5,0.5
Jake Irvin,30a238e0-4b7b-4bbb-a471-6b1b7a184a22,SP,Starting Pitcher,period_1_hits_allowed,,3.5,3.5
Jake Irvin,30a238e0-4b7b-4bbb-a471-6b1b7a184a22,SP,Starting Pitcher,period_1_hits_allowed,,1.5,1.5
Jacob Lopez,a20ed566-669e-4757-b2e6-d74ce1a6f170,SP,Starting Pitcher,strikeouts,K,4.5,4.5
Max Muncy,5a5a4e8a-d364-4fba-9b76-add9ed5d9ad7,3B,Third Baseman,hits_runs_rbis,,1.5,1.5
George Springer,4d5e7fe3-d039-43fc-8084-b7f16219c9be,DH,Designated Hitter,hits_runs_rbis,,1.5,1.5
Max Muncy,a20ed566-669e-4757-b2e6-d74ce1a6f170,3B,Third Baseman,hits_runs_rbis,,0.5,0.5
George Springer,4d5e7fe3-d039-43fc-8084-b7f16219c9be,DH,Designated Hitter,home_runs,,0.5,0.5
Max Muncy,5a5a4e8a-d364-4fba-9b76-add9ed5d9ad7,3B,Third Baseman,home_runs,,0.5,0.5
Max Muncy,a20ed566-669e-4757-b2e6-d74ce1a6f170,3B,Third Baseman,home_runs,,0.5,0.5
Max Muncy,5a5a4e8a-d364-4fba-9b76-add9ed5d9ad7,3B,Third Baseman,total_bases,,0.5,0.5
George Springer,4d5e7fe3-d039-43fc-8084-b7f16219c9be,DH,Designated Hitter,total_bases,,1.5,1.5
Max Muncy,a20ed566-669e-4757-b2e6-d74ce1a6f170,3B,Third Baseman,total_bases,,0.5,0.5
George Springer,4d5e7fe3-d039-43fc-8084-b7f16219c9be,DH,Designated Hitter,fantasy_points,,6.5,6.5
George Springer,4d5e7fe3-d039-43fc-8084-b7f16219c9be,DH,Designated Hitter,fantasy_points,,14.5,14.5
George Springer,4d5e7fe3-d039-43fc-8084-b7f16219c9be,DH,Designated Hitter,fantasy_points,,9.5,9.5
Jacob Lopez,a20ed566-669e-4757-b2e6-d74ce1a6f170,SP,Starting Pitcher,pitch_outs,,15.5,15.5
Jacob Lopez,a20ed566-669e-4757-b2e6-d74ce1a6f170,SP,Starting Pitcher,hits_allowed,,5.5,5.5
Jacob Lopez,a20ed566-669e-4757-b2e6-d74ce1a6f170,SP,Starting Pitcher,runs_allowed,,2.5,2.5
Jacob Lopez,a20ed566-669e-4757-b2e6-d74ce1a6f170,SP,Starting Pitcher,walks_allowed,,2.5,2.5
Max Muncy,5a5a4e8a-d364-4fba-9b76-add9ed5d9ad7,3B,Third Baseman,hits,HIT,0.5,0.5
Max Muncy,a20ed566-669e-4757-b2e6-d74ce1a6f170,3B,Third Baseman,hits,HIT,0.5,0.5
George Springer,4d5e7fe3-d039-43fc-8084-b7f16219c9be,DH,Designated Hitter,hits,HIT,1.5,1.5
George Springer,4d5e7fe3-d039-43fc-8084-b7f16219c9be,DH,Designated Hitter,runs,,0.5,0.5
Max Muncy,5a5a4e8a-d364-4fba-9b76-add9ed5d9ad7,3B,Third Baseman,runs,,0.5,0.5
Max Muncy,a20ed566-669e-4757-b2e6-d74ce1a6f170,3B,Third Baseman,runs,,0.5,0.5
Max Muncy,5a5a4e8a-d364-4fba-9b76-add9ed5d9ad7,3B,Third Baseman,singles,,0.5,0.5
Max Muncy,a20ed566-669e-4757-b2e6-d74ce1a6f170,3B,Third Baseman,singles,,0.5,0.5
Max Muncy,a20ed566-669e-4757-b2e6-d74ce1a6f170,3B,Third Baseman,rbis,,0.5,0.5
Max Muncy,5a5a4e8a-d364-4fba-9b76-add9ed5d9ad7,3B,Third Baseman,batter_strikeouts,,1.5,1.5
George Springer,4d5e7fe3-d039-43fc-8084-b7f16219c9be,DH,Designated Hitter,rbis,,0.5,0.5
Max Muncy,5a5a4e8a-d364-4fba-9b76-add9ed5d9ad7,3B,Third Baseman,rbis,,0.5,0.5
Max Muncy,a20ed566-669e-4757-b2e6-d74ce1a6f170,3B,Third Baseman,batter_strikeouts,,1.5,1.5
George Springer,4d5e7fe3-d039-43fc-8084-b7f16219c9be,DH,Designated Hitter,stolen_bases,,0.5,0.5
Max Muncy,5a5a4e8a-d364-4fba-9b76-add9ed5d9ad7,3B,Third Baseman,walks,,0.5,0.5
Max Muncy,a20ed566-669e-4757-b2e6-d74ce1a6f170,3B,Third Baseman,walks,,0.5,0.5
George Springer,4d5e7fe3-d039-43fc-8084-b7f16219c9be,DH,Designated Hitter,walks,,0.5,0.5
Jacob Lopez,a20ed566-669e-4757-b2e6-d74ce1a6f170,SP,Starting Pitcher,period_1_strikeouts,,2.5,2.5
Jacob Lopez,a20ed566-669e-4757-b2e6-d74ce1a6f170,SP,Starting Pitcher,period_1_strikeouts,,0.5,0.5
Jacob Lopez,a20ed566-669e-4757-b2e6-d74ce1a6f170,SP,Starting Pitcher,period_1_strikeouts,,1.5,1.5
Jacob Lopez,a20ed566-669e-4757-b2e6-d74ce1a6f170,SP,Starting Pitcher,period_1_total_runs_allowed,,1.5,1.5
Jacob Lopez,a20ed566-669e-4757-b2e6-d74ce1a6f170,SP,Starting Pitcher,period_1_total_runs_allowed,,0.5,0.5
Jacob Lopez,a20ed566-669e-4757-b2e6-d74ce1a6f170,SP,Starting Pitcher,period_1_total_runs_allowed,,2.5,2.5
Jacob Lopez,a20ed566-669e-4757-b2e6-d74ce1a6f170,SP,Starting Pitcher,period_1_pitch_count,,14.5,14.5
Jacob Lopez,a20ed566-669e-4757-b2e6-d74ce1a6f170,SP,Starting Pitcher,period_1_pitch_count,,19.5,19.5
Jacob Lopez,a20ed566-669e-4757-b2e6-d74ce1a6f170,SP,Starting Pitcher,period_1_pitch_count,,24.5,24.5
Jacob Lopez,a20ed566-669e-4757-b2e6-d74ce1a6f170,SP,Starting Pitcher,period_1_batters_faced,,6.5,6.5
Jacob Lopez,a20ed566-669e-4757-b2e6-d74ce1a6f170,SP,Starting Pitcher,period_1_batters_faced,,4.5,4.5
Jacob Lopez,a20ed566-669e-4757-b2e6-d74ce1a6f170,SP,Starting Pitcher,period_1_batters_faced,,5.5,5.5
Jacob Lopez,a20ed566-669e-4757-b2e6-d74ce1a6f170,SP,Starting Pitcher,period_1_batters_faced,,3.5,3.5
Jacob Lopez,a20ed566-669e-4757-b2e6-d74ce1a6f170,SP,Starting Pitcher,period_1_hits_allowed,,2.5,2.5
Jacob Lopez,a20ed566-669e-4757-b2e6-d74ce1a6f170,SP,Starting Pitcher,period_1_hits_allowed,,1.5,1.5
Jacob Lopez,a20ed566-669e-4757-b2e6-d74ce1a6f170,SP,Starting Pitcher,period_1_hits_allowed,,0.5,0.5
Jacob Lopez,a20ed566-669e-4757-b2e6-d74ce1a6f170,SP,Starting Pitcher,period_1_hits_allowed,,3.5,3.5
Max Muncy,5a5a4e8a-d364-4fba-9b76-add9ed5d9ad7,3B,Third Baseman,doubles,,0.5,0.5
Max Muncy,a20ed566-669e-4757-b2e6-d74ce1a6f170,3B,Third Baseman,doubles,,0.5,0.5
Bryce Eldridge,f6696cd3-afca-4145-a3c5-25abe16dd193,DH,Designated Hitter,hits_runs_rbis,,1.5,1.5
Bryce Eldridge,f6696cd3-afca-4145-a3c5-25abe16dd193,DH,Designated Hitter,home_runs,,0.5,0.5
Bryce Eldridge,f6696cd3-afca-4145-a3c5-25abe16dd193,DH,Designated Hitter,total_bases,,1.5,1.5
Bryce Eldridge,f6696cd3-afca-4145-a3c5-25abe16dd193,DH,Designated Hitter,fantasy_points,,14.5,14.5
Bryce Eldridge,f6696cd3-afca-4145-a3c5-25abe16dd193,DH,Designated Hitter,fantasy_points,,9.5,9.5
Bryce Eldridge,f6696cd3-afca-4145-a3c5-25abe16dd193,DH,Designated Hitter,fantasy_points,,6.5,6.5
Bryce Eldridge,f6696cd3-afca-4145-a3c5-25abe16dd193,DH,Designated Hitter,hits,HIT,0.5,0.5
Bryce Eldridge,f6696cd3-afca-4145-a3c5-25abe16dd193,DH,Designated Hitter,runs,,0.5,0.5
Bryce Eldridge,f6696cd3-afca-4145-a3c5-25abe16dd193,DH,Designated Hitter,rbis,,0.5,0.5
Bryce Eldridge,f6696cd3-afca-4145-a3c5-25abe16dd193,DH,Designated Hitter,walks,,0.5,0.5
Tommy Edman,5a5a4e8a-d364-4fba-9b76-add9ed5d9ad7,2B,Second Baseman,hits_runs_rbis,,1.5,1.5
Tommy Edman,5a5a4e8a-d364-4fba-9b76-add9ed5d9ad7,2B,Second Baseman,home_runs,,0.5,0.5
Tommy Edman,5a5a4e8a-d364-4fba-9b76-add9ed5d9ad7,2B,Second Baseman,total_bases,,1.5,1.5
Tommy Edman,5a5a4e8a-d364-4fba-9b76-add9ed5d9ad7,2B,Second Baseman,fantasy_points,,9.5,9.5
Tommy Edman,5a5a4e8a-d364-4fba-9b76-add9ed5d9ad7,2B,Second Baseman,fantasy_points,,5.5,5.5
Tommy Edman,5a5a4e8a-d364-4fba-9b76-add9ed5d9ad7,2B,Second Baseman,fantasy_points,,14.5,14.5
Tommy Edman,5a5a4e8a-d364-4fba-9b76-add9ed5d9ad7,2B,Second Baseman,hits,HIT,0.5,0.5
Tommy Edman,5a5a4e8a-d364-4fba-9b76-add9ed5d9ad7,2B,Second Baseman,runs,,0.5,0.5
Tommy Edman,5a5a4e8a-d364-4fba-9b76-add9ed5d9ad7,2B,Second Baseman,singles,,0.5,0.5
Tommy Edman,5a5a4e8a-d364-4fba-9b76-add9ed5d9ad7,2B,Second Baseman,rbis,,0.5,0.5
Tommy Edman,5a5a4e8a-d364-4fba-9b76-add9ed5d9ad7,2B,Second Baseman,batter_strikeouts,,0.5,0.5
Tommy Edman,5a5a4e8a-d364-4fba-9b76-add9ed5d9ad7,2B,Second Baseman,walks,,0.5,0.5
Tommy Edman,5a5a4e8a-d364-4fba-9b76-add9ed5d9ad7,2B,Second Baseman,stolen_bases,,0.5,0.5
Tommy Edman,5a5a4e8a-d364-4fba-9b76-add9ed5d9ad7,2B,Second Baseman,doubles,,0.5,0.5
Xander Bogaerts,898ed118-c7ab-4e09-bff4-2a2a7af29053,SS,Shortstop,hits_runs_rbis,,1.5,1.5
Xander Bogaerts,898ed118-c7ab-4e09-bff4-2a2a7af29053,SS,Shortstop,home_runs,,0.5,0.5
Xander Bogaerts,898ed118-c7ab-4e09-bff4-2a2a7af29053,SS,Shortstop,total_bases,,0.5,0.5
Xander Bogaerts,898ed118-c7ab-4e09-bff4-2a2a7af29053,SS,Shortstop,fantasy_points,,6.5,6.5
Xander Bogaerts,898ed118-c7ab-4e09-bff4-2a2a7af29053,SS,Shortstop,hits,HIT,0.5,0.5
Xander Bogaerts,898ed118-c7ab-4e09-bff4-2a2a7af29053,SS,Shortstop,runs,,0.5,0.5
Xander Bogaerts,898ed118-c7ab-4e09-bff4-2a2a7af29053,SS,Shortstop,rbis,,0.5,0.5
Xander Bogaerts,898ed118-c7ab-4e09-bff4-2a2a7af29053,SS,Shortstop,stolen_bases,,0.5,0.5
Xander Bogaerts,898ed118-c7ab-4e09-bff4-2a2a7af29053,SS,Shortstop,walks,,0.5,0.5
Alec Burleson,e83a3a19-0890-46d9-967f-f7b29d7d9ca6,1B,First Baseman,hits_runs_rbis,,1.5,1.5
Alec Burleson,e83a3a19-0890-46d9-967f-f7b29d7d9ca6,1B,First Baseman,home_runs,,0.5,0.5
Alec Burleson,e83a3a19-0890-46d9-967f-f7b29d7d9ca6,1B,First Baseman,total_bases,,1.5,1.5
Alec Burleson,e83a3a19-0890-46d9-967f-f7b29d7d9ca6,1B,First Baseman,fantasy_points,,7.5,7.5
Alec Burleson,e83a3a19-0890-46d9-967f-f7b29d7d9ca6,1B,First Baseman,fantasy_points,,14.5,14.5
Alec Burleson,e83a3a19-0890-46d9-967f-f7b29d7d9ca6,1B,First Baseman,fantasy_points,,9.5,9.5
Alec Burleson,e83a3a19-0890-46d9-967f-f7b29d7d9ca6,1B,First Baseman,hits,HIT,1.5,1.5
Alec Burleson,e83a3a19-0890-46d9-967f-f7b29d7d9ca6,1B,First Baseman,runs,,0.5,0.5
Alec Burleson,e83a3a19-0890-46d9-967f-f7b29d7d9ca6,1B,First Baseman,rbis,,0.5,0.5
Alec Burleson,e83a3a19-0890-46d9-967f-f7b29d7d9ca6,1B,First Baseman,walks,,0.5,0.5
Matt McLain,1748a711-2091-499b-9d33-dbd35ef8a62c,2B,Second Baseman,hits_runs_rbis,,0.5,0.5
Matt McLain,1748a711-2091-499b-9d33-dbd35ef8a62c,2B,Second Baseman,home_runs,,0.5,0.5
Matt McLain,1748a711-2091-499b-9d33-dbd35ef8a62c,2B,Second Baseman,total_bases,,0.5,0.5
Matt McLain,1748a711-2091-499b-9d33-dbd35ef8a62c,2B,Second Baseman,hits,HIT,0.5,0.5
Matt McLain,1748a711-2091-499b-9d33-dbd35ef8a62c,2B,Second Baseman,runs,,0.5,0.5
Matt McLain,1748a711-2091-499b-9d33-dbd35ef8a62c,2B,Second Baseman,rbis,,0.5,0.5
Matt McLain,1748a711-2091-499b-9d33-dbd35ef8a62c,2B,Second Baseman,walks,,0.5,0.5
Matt McLain,1748a711-2091-499b-9d33-dbd35ef8a62c,2B,Second Baseman,stolen_bases,,0.5,0.5
Ty France,898ed118-c7ab-4e09-bff4-2a2a7af29053,1B,First Baseman,hits_runs_rbis,,1.5,1.5
Ivan Herrera,e83a3a19-0890-46d9-967f-f7b29d7d9ca6,DH,Designated Hitter,hits_runs_rbis,,1.5,1.5
Ty France,898ed118-c7ab-4e09-bff4-2a2a7af29053,1B,First Baseman,home_runs,,0.5,0.5
Ivan Herrera,e83a3a19-0890-46d9-967f-f7b29d7d9ca6,DH,Designated Hitter,home_runs,,0.5,0.5
Ivan Herrera,e83a3a19-0890-46d9-967f-f7b29d7d9ca6,DH,Designated Hitter,total_bases,,1.5,1.5
Ty France,898ed118-c7ab-4e09-bff4-2a2a7af29053,1B,First Baseman,total_bases,,1.5,1.5
Ty France,898ed118-c7ab-4e09-bff4-2a2a7af29053,1B,First Baseman,fantasy_points,,6.5,6.5
Ivan Herrera,e83a3a19-0890-46d9-967f-f7b29d7d9ca6,DH,Designated Hitter,fantasy_points,,4.5,4.5
Ivan Herrera,e83a3a19-0890-46d9-967f-f7b29d7d9ca6,DH,Designated Hitter,hits,HIT,0.5,0.5
Ty France,898ed118-c7ab-4e09-bff4-2a2a7af29053,1B,First Baseman,hits,HIT,0.5,0.5
Ivan Herrera,e83a3a19-0890-46d9-967f-f7b29d7d9ca6,DH,Designated Hitter,runs,,0.5,0.5
Ty France,898ed118-c7ab-4e09-bff4-2a2a7af29053,1B,First Baseman,runs,,0.5,0.5
Ivan Herrera,e83a3a19-0890-46d9-967f-f7b29d7d9ca6,DH,Designated Hitter,singles,,0.5,0.5
Ty France,898ed118-c7ab-4e09-bff4-2a2a7af29053,1B,First Baseman,rbis,,0.5,0.5
Ivan Herrera,e83a3a19-0890-46d9-967f-f7b29d7d9ca6,DH,Designated Hitter,batter_strikeouts,,0.5,0.5
Ivan Herrera,e83a3a19-0890-46d9-967f-f7b29d7d9ca6,DH,Designated Hitter,rbis,,0.5,0.5
Ty France,898ed118-c7ab-4e09-bff4-2a2a7af29053,1B,First Baseman,walks,,0.5,0.5
Ivan Herrera,e83a3a19-0890-46d9-967f-f7b29d7d9ca6,DH,Designated Hitter,walks,,0.5,0.5
Ivan Herrera,e83a3a19-0890-46d9-967f-f7b29d7d9ca6,DH,Designated Hitter,stolen_bases,,0.5,0.5
Ivan Herrera,e83a3a19-0890-46d9-967f-f7b29d7d9ca6,DH,Designated Hitter,doubles,,0.5,0.5
Alejandro Kirk,4d5e7fe3-d039-43fc-8084-b7f16219c9be,C,Catcher,hits_runs_rbis,,1.5,1.5
Alejandro Kirk,4d5e7fe3-d039-43fc-8084-b7f16219c9be,C,Catcher,home_runs,,0.5,0.5
Alejandro Kirk,4d5e7fe3-d039-43fc-8084-b7f16219c9be,C,Catcher,total_bases,,1.5,1.5
Alejandro Kirk,4d5e7fe3-d039-43fc-8084-b7f16219c9be,C,Catcher,fantasy_points,,9.5,9.5
Alejandro Kirk,4d5e7fe3-d039-43fc-8084-b7f16219c9be,C,Catcher,fantasy_points,,6.5,6.5
Alejandro Kirk,4d5e7fe3-d039-43fc-8084-b7f16219c9be,C,Catcher,fantasy_points,,14.5,14.5
Alejandro Kirk,4d5e7fe3-d039-43fc-8084-b7f16219c9be,C,Catcher,hits,HIT,0.5,0.5
Alejandro Kirk,4d5e7fe3-d039-43fc-8084-b7f16219c9be,C,Catcher,runs,,0.5,0.5
Alejandro Kirk,4d5e7fe3-d039-43fc-8084-b7f16219c9be,C,Catcher,rbis,,0.5,0.5
Alejandro Kirk,4d5e7fe3-d039-43fc-8084-b7f16219c9be,C,Catcher,walks,,0.5,0.5
Emmet Sheehan,5a5a4e8a-d364-4fba-9b76-add9ed5d9ad7,SP,Starting Pitcher,strikeouts,K,6.5,6.5
Ernie Clement,4d5e7fe3-d039-43fc-8084-b7f16219c9be,2B,Second Baseman,hits_runs_rbis,,1.5,1.5
Ernie Clement,4d5e7fe3-d039-43fc-8084-b7f16219c9be,2B,Second Baseman,home_runs,,0.5,0.5
Ernie Clement,4d5e7fe3-d039-43fc-8084-b7f16219c9be,2B,Second Baseman,total_bases,,1.5,1.5
Ernie Clement,4d5e7fe3-d039-43fc-8084-b7f16219c9be,2B,Second Baseman,fantasy_points,,4.5,4.5
Emmet Sheehan,5a5a4e8a-d364-4fba-9b76-add9ed5d9ad7,SP,Starting Pitcher,pitch_outs,,14.5,14.5
Emmet Sheehan,5a5a4e8a-d364-4fba-9b76-add9ed5d9ad7,SP,Starting Pitcher,hits_allowed,,3.5,3.5
Emmet Sheehan,5a5a4e8a-d364-4fba-9b76-add9ed5d9ad7,SP,Starting Pitcher,runs_allowed,,1.5,1.5
Emmet Sheehan,5a5a4e8a-d364-4fba-9b76-add9ed5d9ad7,SP,Starting Pitcher,walks_allowed,,1.5,1.5
Ernie Clement,4d5e7fe3-d039-43fc-8084-b7f16219c9be,2B,Second Baseman,hits,HIT,1.5,1.5
Ernie Clement,4d5e7fe3-d039-43fc-8084-b7f16219c9be,2B,Second Baseman,runs,,0.5,0.5
Ernie Clement,4d5e7fe3-d039-43fc-8084-b7f16219c9be,2B,Second Baseman,rbis,,0.5,0.5
Ernie Clement,4d5e7fe3-d039-43fc-8084-b7f16219c9be,2B,Second Baseman,stolen_bases,,0.5,0.5
Jake Cronenworth,898ed118-c7ab-4e09-bff4-2a2a7af29053,2B,Second Baseman,hits_runs_rbis,,1.5,1.5
Jake Cronenworth,898ed118-c7ab-4e09-bff4-2a2a7af29053,2B,Second Baseman,home_runs,,0.5,0.5
Jake Cronenworth,898ed118-c7ab-4e09-bff4-2a2a7af29053,2B,Second Baseman,total_bases,,0.5,0.5
Jake Cronenworth,898ed118-c7ab-4e09-bff4-2a2a7af29053,2B,Second Baseman,fantasy_points,,5.5,5.5
Jake Cronenworth,898ed118-c7ab-4e09-bff4-2a2a7af29053,2B,Second Baseman,hits,HIT,0.5,0.5
Jake Cronenworth,898ed118-c7ab-4e09-bff4-2a2a7af29053,2B,Second Baseman,runs,,0.5,0.5
Jake Cronenworth,898ed118-c7ab-4e09-bff4-2a2a7af29053,2B,Second Baseman,rbis,,0.5,0.5
Jake Cronenworth,898ed118-c7ab-4e09-bff4-2a2a7af29053,2B,Second Baseman,stolen_bases,,0.5,0.5
Jake Cronenworth,898ed118-c7ab-4e09-bff4-2a2a7af29053,2B,Second Baseman,walks,,0.5,0.5
Michael McGreevy,e83a3a19-0890-46d9-967f-f7b29d7d9ca6,SP,Starting Pitcher,strikeouts,K,3.5,3.5
Jordan Walker,e83a3a19-0890-46d9-967f-f7b29d7d9ca6,RF,Right Field,hits_runs_rbis,,1.5,1.5
Jordan Walker,e83a3a19-0890-46d9-967f-f7b29d7d9ca6,RF,Right Field,home_runs,,0.5,0.5
Jordan Walker,e83a3a19-0890-46d9-967f-f7b29d7d9ca6,RF,Right Field,total_bases,,1.5,1.5
Jordan Walker,e83a3a19-0890-46d9-967f-f7b29d7d9ca6,RF,Right Field,fantasy_points,,6.5,6.5
Michael McGreevy,e83a3a19-0890-46d9-967f-f7b29d7d9ca6,SP,Starting Pitcher,pitch_outs,,16.5,16.5
Michael McGreevy,e83a3a19-0890-46d9-967f-f7b29d7d9ca6,SP,Starting Pitcher,hits_allowed,,5.5,5.5
Michael McGreevy,e83a3a19-0890-46d9-967f-f7b29d7d9ca6,SP,Starting Pitcher,runs_allowed,,2.5,2.5
Michael McGreevy,e83a3a19-0890-46d9-967f-f7b29d7d9ca6,SP,Starting Pitcher,walks_allowed,,1.5,1.5
Jordan Walker,e83a3a19-0890-46d9-967f-f7b29d7d9ca6,RF,Right Field,hits,HIT,0.5,0.5
Jordan Walker,e83a3a19-0890-46d9-967f-f7b29d7d9ca6,RF,Right Field,runs,,0.5,0.5
Jordan Walker,e83a3a19-0890-46d9-967f-f7b29d7d9ca6,RF,Right Field,rbis,,0.5,0.5
Jordan Walker,e83a3a19-0890-46d9-967f-f7b29d7d9ca6,RF,Right Field,stolen_bases,,0.5,0.5
Jordan Walker,e83a3a19-0890-46d9-967f-f7b29d7d9ca6,RF,Right Field,walks,,0.5,0.5
Michael McGreevy,e83a3a19-0890-46d9-967f-f7b29d7d9ca6,SP,Starting Pitcher,period_1_strikeouts,,2.5,2.5
Michael McGreevy,e83a3a19-0890-46d9-967f-f7b29d7d9ca6,SP,Starting Pitcher,period_1_strikeouts,,1.5,1.5
Michael McGreevy,e83a3a19-0890-46d9-967f-f7b29d7d9ca6,SP,Starting Pitcher,period_1_strikeouts,,0.5,0.5
Michael McGreevy,e83a3a19-0890-46d9-967f-f7b29d7d9ca6,SP,Starting Pitcher,period_1_total_runs_allowed,,1.5,1.5
Michael McGreevy,e83a3a19-0890-46d9-967f-f7b29d7d9ca6,SP,Starting Pitcher,period_1_total_runs_allowed,,2.5,2.5
Michael McGreevy,e83a3a19-0890-46d9-967f-f7b29d7d9ca6,SP,Starting Pitcher,period_1_total_runs_allowed,,0.5,0.5
Michael McGreevy,e83a3a19-0890-46d9-967f-f7b29d7d9ca6,SP,Starting Pitcher,period_1_pitch_count,,14.5,14.5
Michael McGreevy,e83a3a19-0890-46d9-967f-f7b29d7d9ca6,SP,Starting Pitcher,period_1_pitch_count,,24.5,24.5
Michael McGreevy,e83a3a19-0890-46d9-967f-f7b29d7d9ca6,SP,Starting Pitcher,period_1_pitch_count,,19.5,19.5
Michael McGreevy,e83a3a19-0890-46d9-967f-f7b29d7d9ca6,SP,Starting Pitcher,period_1_batters_faced,,5.5,5.5
Michael McGreevy,e83a3a19-0890-46d9-967f-f7b29d7d9ca6,SP,Starting Pitcher,period_1_batters_faced,,4.5,4.5
Michael McGreevy,e83a3a19-0890-46d9-967f-f7b29d7d9ca6,SP,Starting Pitcher,period_1_batters_faced,,3.5,3.5
Michael McGreevy,e83a3a19-0890-46d9-967f-f7b29d7d9ca6,SP,Starting Pitcher,period_1_batters_faced,,6.5,6.5
Michael McGreevy,e83a3a19-0890-46d9-967f-f7b29d7d9ca6,SP,Starting Pitcher,period_1_hits_allowed,,1.5,1.5
Michael McGreevy,e83a3a19-0890-46d9-967f-f7b29d7d9ca6,SP,Starting Pitcher,period_1_hits_allowed,,0.5,0.5
Michael McGreevy,e83a3a19-0890-46d9-967f-f7b29d7d9ca6,SP,Starting Pitcher,period_1_hits_allowed,,2.5,2.5
Michael McGreevy,e83a3a19-0890-46d9-967f-f7b29d7d9ca6,SP,Starting Pitcher,period_1_hits_allowed,,3.5,3.5
Nolan Gorman,e83a3a19-0890-46d9-967f-f7b29d7d9ca6,3B,Third Baseman,hits_runs_rbis,,1.5,1.5
Keibert Ruiz,30a238e0-4b7b-4bbb-a471-6b1b7a184a22,C,Catcher,hits_runs_rbis,,0.5,0.5
Jeff McNeil,a20ed566-669e-4757-b2e6-d74ce1a6f170,2B,Second Baseman,hits_runs_rbis,,1.5,1.5
Jeff McNeil,a20ed566-669e-4757-b2e6-d74ce1a6f170,2B,Second Baseman,home_runs,,0.5,0.5
Keibert Ruiz,30a238e0-4b7b-4bbb-a471-6b1b7a184a22,C,Catcher,home_runs,,0.5,0.5
Nolan Gorman,e83a3a19-0890-46d9-967f-f7b29d7d9ca6,3B,Third Baseman,home_runs,,0.5,0.5
Nolan Gorman,e83a3a19-0890-46d9-967f-f7b29d7d9ca6,3B,Third Baseman,total_bases,,0.5,0.5
Keibert Ruiz,30a238e0-4b7b-4bbb-a471-6b1b7a184a22,C,Catcher,total_bases,,0.5,0.5
Jeff McNeil,a20ed566-669e-4757-b2e6-d74ce1a6f170,2B,Second Baseman,total_bases,,1.5,1.5
Jeff McNeil,a20ed566-669e-4757-b2e6-d74ce1a6f170,2B,Second Baseman,fantasy_points,,5.5,5.5
Nolan Gorman,e83a3a19-0890-46d9-967f-f7b29d7d9ca6,3B,Third Baseman,hits,HIT,0.5,0.5
Jeff McNeil,a20ed566-669e-4757-b2e6-d74ce1a6f170,2B,Second Baseman,hits,HIT,0.5,0.5
Keibert Ruiz,30a238e0-4b7b-4bbb-a471-6b1b7a184a22,C,Catcher,hits,HIT,0.5,0.5
Jeff McNeil,a20ed566-669e-4757-b2e6-d74ce1a6f170,2B,Second Baseman,runs,,0.5,0.5
Keibert Ruiz,30a238e0-4b7b-4bbb-a471-6b1b7a184a22,C,Catcher,runs,,0.5,0.5
Nolan Gorman,e83a3a19-0890-46d9-967f-f7b29d7d9ca6,3B,Third Baseman,runs,,0.5,0.5
Keibert Ruiz,30a238e0-4b7b-4bbb-a471-6b1b7a184a22,C,Catcher,rbis,,0.5,0.5
Jeff McNeil,a20ed566-669e-4757-b2e6-d74ce1a6f170,2B,Second Baseman,rbis,,0.5,0.5
Nolan Gorman,e83a3a19-0890-46d9-967f-f7b29d7d9ca6,3B,Third Baseman,rbis,,0.5,0.5
Jeff McNeil,a20ed566-669e-4757-b2e6-d74ce1a6f170,2B,Second Baseman,stolen_bases,,0.5,0.5
Jeff McNeil,a20ed566-669e-4757-b2e6-d74ce1a6f170,2B,Second Baseman,walks,,0.5,0.5
Nolan Gorman,e83a3a19-0890-46d9-967f-f7b29d7d9ca6,3B,Third Baseman,walks,,0.5,0.5
Dylan Crews,30a238e0-4b7b-4bbb-a471-6b1b7a184a22,RF,Right Field,hits_runs_rbis,,0.5,0.5
Jonah Heim,a20ed566-669e-4757-b2e6-d74ce1a6f170,C,Catcher,hits_runs_rbis,,1.5,1.5
Tyler Stephenson,1748a711-2091-499b-9d33-dbd35ef8a62c,C,Catcher,hits_runs_rbis,,1.5,1.5
Tyler Stephenson,1748a711-2091-499b-9d33-dbd35ef8a62c,C,Catcher,home_runs,,0.5,0.5
Dylan Crews,30a238e0-4b7b-4bbb-a471-6b1b7a184a22,RF,Right Field,home_runs,,0.5,0.5
Jonah Heim,a20ed566-669e-4757-b2e6-d74ce1a6f170,C,Catcher,home_runs,,0.5,0.5
Jonah Heim,a20ed566-669e-4757-b2e6-d74ce1a6f170,C,Catcher,total_bases,,0.5,0.5
Tyler Stephenson,1748a711-2091-499b-9d33-dbd35ef8a62c,C,Catcher,total_bases,,0.5,0.5
Dylan Crews,30a238e0-4b7b-4bbb-a471-6b1b7a184a22,RF,Right Field,total_bases,,0.5,0.5
Tyler Stephenson,1748a711-2091-499b-9d33-dbd35ef8a62c,C,Catcher,hits,HIT,0.5,0.5
Jonah Heim,a20ed566-669e-4757-b2e6-d74ce1a6f170,C,Catcher,hits,HIT,0.5,0.5
Dylan Crews,30a238e0-4b7b-4bbb-a471-6b1b7a184a22,RF,Right Field,hits,HIT,0.5,0.5
Jonah Heim,a20ed566-669e-4757-b2e6-d74ce1a6f170,C,Catcher,runs,,0.5,0.5
Dylan Crews,30a238e0-4b7b-4bbb-a471-6b1b7a184a22,RF,Right Field,runs,,0.5,0.5
Tyler Stephenson,1748a711-2091-499b-9d33-dbd35ef8a62c,C,Catcher,runs,,0.5,0.5
Jonah Heim,a20ed566-669e-4757-b2e6-d74ce1a6f170,C,Catcher,rbis,,0.5,0.5
Dylan Crews,30a238e0-4b7b-4bbb-a471-6b1b7a184a22,RF,Right Field,rbis,,0.5,0.5
Tyler Stephenson,1748a711-2091-499b-9d33-dbd35ef8a62c,C,Catcher,rbis,,0.5,0.5
Dylan Crews,30a238e0-4b7b-4bbb-a471-6b1b7a184a22,RF,Right Field,stolen_bases,,0.5,0.5
Tyler Stephenson,1748a711-2091-499b-9d33-dbd35ef8a62c,C,Catcher,walks,,0.5,0.5
Jonah Heim,a20ed566-669e-4757-b2e6-d74ce1a6f170,C,Catcher,walks,,0.5,0.5
Dylan Crews,30a238e0-4b7b-4bbb-a471-6b1b7a184a22,RF,Right Field,walks,,0.5,0.5
JJ Bleday,1748a711-2091-499b-9d33-dbd35ef8a62c,LF,Left Field,hits_runs_rbis,,1.5,1.5
Miguel Rojas,5a5a4e8a-d364-4fba-9b76-add9ed5d9ad7,2B,Second Baseman,hits_runs_rbis,,0.5,0.5
Miguel Rojas,5a5a4e8a-d364-4fba-9b76-add9ed5d9ad7,2B,Second Baseman,home_runs,,0.5,0.5
JJ Bleday,1748a711-2091-499b-9d33-dbd35ef8a62c,LF,Left Field,home_runs,,0.5,0.5
Miguel Rojas,5a5a4e8a-d364-4fba-9b76-add9ed5d9ad7,2B,Second Baseman,total_bases,,0.5,0.5
JJ Bleday,1748a711-2091-499b-9d33-dbd35ef8a62c,LF,Left Field,total_bases,,0.5,0.5
Miguel Rojas,5a5a4e8a-d364-4fba-9b76-add9ed5d9ad7,2B,Second Baseman,hits,HIT,0.5,0.5
JJ Bleday,1748a711-2091-499b-9d33-dbd35ef8a62c,LF,Left Field,hits,HIT,0.5,0.5
Miguel Rojas,5a5a4e8a-d364-4fba-9b76-add9ed5d9ad7,2B,Second Baseman,runs,,0.5,0.5
JJ Bleday,1748a711-2091-499b-9d33-dbd35ef8a62c,LF,Left Field,runs,,0.5,0.5
Miguel Rojas,5a5a4e8a-d364-4fba-9b76-add9ed5d9ad7,2B,Second Baseman,rbis,,0.5,0.5
JJ Bleday,1748a711-2091-499b-9d33-dbd35ef8a62c,LF,Left Field,rbis,,0.5,0.5
Miguel Rojas,5a5a4e8a-d364-4fba-9b76-add9ed5d9ad7,2B,Second Baseman,walks,,0.5,0.5
JJ Bleday,1748a711-2091-499b-9d33-dbd35ef8a62c,LF,Left Field,walks,,0.5,0.5
Nathan Lukes,4d5e7fe3-d039-43fc-8084-b7f16219c9be,RF,Right Field,hits_runs_rbis,,1.5,1.5
Nathan Lukes,4d5e7fe3-d039-43fc-8084-b7f16219c9be,RF,Right Field,home_runs,,0.5,0.5
Nathan Lukes,4d5e7fe3-d039-43fc-8084-b7f16219c9be,RF,Right Field,total_bases,,0.5,0.5
Nathan Lukes,4d5e7fe3-d039-43fc-8084-b7f16219c9be,RF,Right Field,hits,HIT,0.5,0.5
Nathan Lukes,4d5e7fe3-d039-43fc-8084-b7f16219c9be,RF,Right Field,runs,,0.5,0.5
Nathan Lukes,4d5e7fe3-d039-43fc-8084-b7f16219c9be,RF,Right Field,rbis,,0.5,0.5
Nathan Lukes,4d5e7fe3-d039-43fc-8084-b7f16219c9be,RF,Right Field,walks,,0.5,0.5
Thomas Saggese,e83a3a19-0890-46d9-967f-f7b29d7d9ca6,LF,Left Field,hits_runs_rbis,,1.5,1.5
Thomas Saggese,e83a3a19-0890-46d9-967f-f7b29d7d9ca6,LF,Left Field,home_runs,,0.5,0.5
Thomas Saggese,e83a3a19-0890-46d9-967f-f7b29d7d9ca6,LF,Left Field,total_bases,,0.5,0.5
Thomas Saggese,e83a3a19-0890-46d9-967f-f7b29d7d9ca6,LF,Left Field,hits,HIT,0.5,0.5
Thomas Saggese,e83a3a19-0890-46d9-967f-f7b29d7d9ca6,LF,Left Field,runs,,0.5,0.5
Thomas Saggese,e83a3a19-0890-46d9-967f-f7b29d7d9ca6,LF,Left Field,rbis,,0.5,0.5
Thomas Saggese,e83a3a19-0890-46d9-967f-f7b29d7d9ca6,LF,Left Field,stolen_bases,,0.5,0.5
Thomas Saggese,e83a3a19-0890-46d9-967f-f7b29d7d9ca6,LF,Left Field,walks,,0.5,0.5
Daylen Lile,30a238e0-4b7b-4bbb-a471-6b1b7a184a22,LF,Left Field,hits_runs_rbis,,1.5,1.5
Jacob Young,30a238e0-4b7b-4bbb-a471-6b1b7a184a22,CF,Center Field,hits_runs_rbis,,0.5,0.5
Daylen Lile,30a238e0-4b7b-4bbb-a471-6b1b7a184a22,LF,Left Field,home_runs,,0.5,0.5
Jacob Young,30a238e0-4b7b-4bbb-a471-6b1b7a184a22,CF,Center Field,home_runs,,0.5,0.5
Jacob Young,30a238e0-4b7b-4bbb-a471-6b1b7a184a22,CF,Center Field,total_bases,,0.5,0.5
Daylen Lile,30a238e0-4b7b-4bbb-a471-6b1b7a184a22,LF,Left Field,total_bases,,1.5,1.5
Daylen Lile,30a238e0-4b7b-4bbb-a471-6b1b7a184a22,LF,Left Field,fantasy_points,,5.5,5.5
Daylen Lile,30a238e0-4b7b-4bbb-a471-6b1b7a184a22,LF,Left Field,hits,HIT,0.5,0.5
Jacob Young,30a238e0-4b7b-4bbb-a471-6b1b7a184a22,CF,Center Field,hits,HIT,0.5,0.5
Jacob Young,30a238e0-4b7b-4bbb-a471-6b1b7a184a22,CF,Center Field,runs,,0.5,0.5
Daylen Lile,30a238e0-4b7b-4bbb-a471-6b1b7a184a22,LF,Left Field,runs,,0.5,0.5
Daylen Lile,30a238e0-4b7b-4bbb-a471-6b1b7a184a22,LF,Left Field,rbis,,0.5,0.5
Jacob Young,30a238e0-4b7b-4bbb-a471-6b1b7a184a22,CF,Center Field,rbis,,0.5,0.5
Jacob Young,30a238e0-4b7b-4bbb-a471-6b1b7a184a22,CF,Center Field,walks,,0.5,0.5
Daylen Lile,30a238e0-4b7b-4bbb-a471-6b1b7a184a22,LF,Left Field,stolen_bases,,0.5,0.5
Jacob Young,30a238e0-4b7b-4bbb-a471-6b1b7a184a22,CF,Center Field,stolen_bases,,0.5,0.5
Daylen Lile,30a238e0-4b7b-4bbb-a471-6b1b7a184a22,LF,Left Field,walks,,0.5,0.5
Brady House,30a238e0-4b7b-4bbb-a471-6b1b7a184a22,3B,Third Baseman,hits_runs_rbis,,1.5,1.5
Brady House,30a238e0-4b7b-4bbb-a471-6b1b7a184a22,3B,Third Baseman,home_runs,,0.5,0.5
Brady House,30a238e0-4b7b-4bbb-a471-6b1b7a184a22,3B,Third Baseman,total_bases,,0.5,0.5
Brady House,30a238e0-4b7b-4bbb-a471-6b1b7a184a22,3B,Third Baseman,hits,HIT,0.5,0.5
Brady House,30a238e0-4b7b-4bbb-a471-6b1b7a184a22,3B,Third Baseman,runs,,0.5,0.5
Brady House,30a238e0-4b7b-4bbb-a471-6b1b7a184a22,3B,Third Baseman,rbis,,0.5,0.5
Brady House,30a238e0-4b7b-4bbb-a471-6b1b7a184a22,3B,Third Baseman,walks,,0.5,0.5
Myles Straw,4d5e7fe3-d039-43fc-8084-b7f16219c9be,CF,Center Field,hits_runs_rbis,,1.5,1.5
Myles Straw,4d5e7fe3-d039-43fc-8084-b7f16219c9be,CF,Center Field,home_runs,,0.5,0.5
Myles Straw,4d5e7fe3-d039-43fc-8084-b7f16219c9be,CF,Center Field,total_bases,,0.5,0.5
Myles Straw,4d5e7fe3-d039-43fc-8084-b7f16219c9be,CF,Center Field,fantasy_points,,5.5,5.5
Myles Straw,4d5e7fe3-d039-43fc-8084-b7f16219c9be,CF,Center Field,runs,,0.5,0.5
Myles Straw,4d5e7fe3-d039-43fc-8084-b7f16219c9be,CF,Center Field,stolen_bases,,0.5,0.5
Christian Koss,f6696cd3-afca-4145-a3c5-25abe16dd193,3B,Third Baseman,hits_runs_rbis,,0.5,0.5
Christian Koss,f6696cd3-afca-4145-a3c5-25abe16dd193,3B,Third Baseman,home_runs,,0.5,0.5
Christian Koss,f6696cd3-afca-4145-a3c5-25abe16dd193,3B,Third Baseman,total_bases,,0.5,0.5
Christian Koss,f6696cd3-afca-4145-a3c5-25abe16dd193,3B,Third Baseman,hits,HIT,0.5,0.5
Christian Koss,f6696cd3-afca-4145-a3c5-25abe16dd193,3B,Third Baseman,runs,,0.5,0.5
Christian Koss,f6696cd3-afca-4145-a3c5-25abe16dd193,3B,Third Baseman,rbis,,0.5,0.5
Alex Freeland,5a5a4e8a-d364-4fba-9b76-add9ed5d9ad7,2B,Second Baseman,hits_runs_rbis,,0.5,0.5
Alex Freeland,5a5a4e8a-d364-4fba-9b76-add9ed5d9ad7,2B,Second Baseman,home_runs,,0.5,0.5
Alex Freeland,5a5a4e8a-d364-4fba-9b76-add9ed5d9ad7,2B,Second Baseman,total_bases,,0.5,0.5
Alex Freeland,5a5a4e8a-d364-4fba-9b76-add9ed5d9ad7,2B,Second Baseman,hits,HIT,0.5,0.5
Alex Freeland,5a5a4e8a-d364-4fba-9b76-add9ed5d9ad7,2B,Second Baseman,runs,,0.5,0.5
Alex Freeland,5a5a4e8a-d364-4fba-9b76-add9ed5d9ad7,2B,Second Baseman,rbis,,0.5,0.5
Alex Freeland,5a5a4e8a-d364-4fba-9b76-add9ed5d9ad7,2B,Second Baseman,walks,,0.5,0.5
Zack Gelof,a20ed566-669e-4757-b2e6-d74ce1a6f170,3B,Third Baseman,hits_runs_rbis,,1.5,1.5
Zack Gelof,a20ed566-669e-4757-b2e6-d74ce1a6f170,3B,Third Baseman,home_runs,,0.5,0.5
Zack Gelof,a20ed566-669e-4757-b2e6-d74ce1a6f170,3B,Third Baseman,total_bases,,0.5,0.5
Zack Gelof,a20ed566-669e-4757-b2e6-d74ce1a6f170,3B,Third Baseman,fantasy_points,,5.5,5.5
Zack Gelof,a20ed566-669e-4757-b2e6-d74ce1a6f170,3B,Third Baseman,hits,HIT,0.5,0.5
Zack Gelof,a20ed566-669e-4757-b2e6-d74ce1a6f170,3B,Third Baseman,runs,,0.5,0.5
Zack Gelof,a20ed566-669e-4757-b2e6-d74ce1a6f170,3B,Third Baseman,rbis,,0.5,0.5
Zack Gelof,a20ed566-669e-4757-b2e6-d74ce1a6f170,3B,Third Baseman,stolen_bases,,0.5,0.5
Zack Gelof,a20ed566-669e-4757-b2e6-d74ce1a6f170,3B,Third Baseman,walks,,0.5,0.5
Dustin Harris,898ed118-c7ab-4e09-bff4-2a2a7af29053,LF,Left Field,hits_runs_rbis,,1.5,1.5
Dustin Harris,898ed118-c7ab-4e09-bff4-2a2a7af29053,LF,Left Field,home_runs,,0.5,0.5
Dustin Harris,898ed118-c7ab-4e09-bff4-2a2a7af29053,LF,Left Field,total_bases,,0.5,0.5
Dustin Harris,898ed118-c7ab-4e09-bff4-2a2a7af29053,LF,Left Field,fantasy_points,,5.5,5.5
Dustin Harris,898ed118-c7ab-4e09-bff4-2a2a7af29053,LF,Left Field,hits,HIT,0.5,0.5
Dustin Harris,898ed118-c7ab-4e09-bff4-2a2a7af29053,LF,Left Field,runs,,0.5,0.5
Dustin Harris,898ed118-c7ab-4e09-bff4-2a2a7af29053,LF,Left Field,rbis,,0.5,0.5
Dustin Harris,898ed118-c7ab-4e09-bff4-2a2a7af29053,LF,Left Field,stolen_bases,,0.5,0.5
Dustin Harris,898ed118-c7ab-4e09-bff4-2a2a7af29053,LF,Left Field,walks,,0.5,0.5
Shay Whitcomb,f6696cd3-afca-4145-a3c5-25abe16dd193,3B,Third Baseman,home_runs,,0.5,0.5
Shay Whitcomb,f6696cd3-afca-4145-a3c5-25abe16dd193,3B,Third Baseman,total_bases,,0.5,0.5
Shay Whitcomb,f6696cd3-afca-4145-a3c5-25abe16dd193,3B,Third Baseman,rbis,,0.5,0.5
Shay Whitcomb,f6696cd3-afca-4145-a3c5-25abe16dd193,3B,Third Baseman,walks,,0.5,0.5
Carlos Cortes,a20ed566-669e-4757-b2e6-d74ce1a6f170,RF,Right Field,hits_runs_rbis,,0.5,0.5
Carlos Cortes,a20ed566-669e-4757-b2e6-d74ce1a6f170,RF,Right Field,home_runs,,0.5,0.5
Carlos Cortes,a20ed566-669e-4757-b2e6-d74ce1a6f170,RF,Right Field,total_bases,,0.5,0.5
Carlos Cortes,a20ed566-669e-4757-b2e6-d74ce1a6f170,RF,Right Field,hits,HIT,0.5,0.5
Carlos Cortes,a20ed566-669e-4757-b2e6-d74ce1a6f170,RF,Right Field,runs,,0.5,0.5
Carlos Cortes,a20ed566-669e-4757-b2e6-d74ce1a6f170,RF,Right Field,rbis,,0.5,0.5
Carlos Cortes,a20ed566-669e-4757-b2e6-d74ce1a6f170,RF,Right Field,walks,,0.5,0.5
Nasim Nuñez,30a238e0-4b7b-4bbb-a471-6b1b7a184a22,2B,Second Baseman,hits_runs_rbis,,0.5,0.5
Nasim Nuñez,30a238e0-4b7b-4bbb-a471-6b1b7a184a22,2B,Second Baseman,home_runs,,0.5,0.5
Nasim Nuñez,30a238e0-4b7b-4bbb-a471-6b1b7a184a22,2B,Second Baseman,total_bases,,0.5,0.5
Nasim Nuñez,30a238e0-4b7b-4bbb-a471-6b1b7a184a22,2B,Second Baseman,hits,HIT,0.5,0.5
Nasim Nuñez,30a238e0-4b7b-4bbb-a471-6b1b7a184a22,2B,Second Baseman,runs,,0.5,0.5
Nasim Nuñez,30a238e0-4b7b-4bbb-a471-6b1b7a184a22,2B,Second Baseman,rbis,,0.5,0.5
Nasim Nuñez,30a238e0-4b7b-4bbb-a471-6b1b7a184a22,2B,Second Baseman,walks,,0.5,0.5
Nasim Nuñez,30a238e0-4b7b-4bbb-a471-6b1b7a184a22,2B,Second Baseman,stolen_bases,,0.5,0.5
Hunter Feduccia,5a5a4e8a-d364-4fba-9b76-add9ed5d9ad7,C,Catcher,hits_runs_rbis,,0.5,0.5
Hunter Feduccia,5a5a4e8a-d364-4fba-9b76-add9ed5d9ad7,C,Catcher,home_runs,,0.5,0.5
Hunter Feduccia,5a5a4e8a-d364-4fba-9b76-add9ed5d9ad7,C,Catcher,total_bases,,0.5,0.5
Hunter Feduccia,5a5a4e8a-d364-4fba-9b76-add9ed5d9ad7,C,Catcher,hits,HIT,0.5,0.5
Hunter Feduccia,5a5a4e8a-d364-4fba-9b76-add9ed5d9ad7,C,Catcher,runs,,0.5,0.5
Hunter Feduccia,5a5a4e8a-d364-4fba-9b76-add9ed5d9ad7,C,Catcher,rbis,,0.5,0.5
Hunter Feduccia,5a5a4e8a-d364-4fba-9b76-add9ed5d9ad7,C,Catcher,walks,,0.5,0.5
Alika Williams,a20ed566-669e-4757-b2e6-d74ce1a6f170,SS,Shortstop,hits_runs_rbis,,0.5,0.5
Juan Brito,1748a711-2091-499b-9d33-dbd35ef8a62c,2B,Second Baseman,hits_runs_rbis,,0.5,0.5
Bryan Torres,e83a3a19-0890-46d9-967f-f7b29d7d9ca6,LF,Left Field,hits_runs_rbis,,1.5,1.5
Ethan Salas,898ed118-c7ab-4e09-bff4-2a2a7af29053,C,Catcher,hits_runs_rbis,,1.5,1.5
Leo Bernal,e83a3a19-0890-46d9-967f-f7b29d7d9ca6,C,Catcher,hits_runs_rbis,,1.5,1.5
Drew Cavanaugh,f6696cd3-afca-4145-a3c5-25abe16dd193,C,Catcher,hits_runs_rbis,,1.5,1.5
Turner Hill,f6696cd3-afca-4145-a3c5-25abe16dd193,LF,Left Field,hits_runs_rbis,,1.5,1.5
Brett Bateman,4d5e7fe3-d039-43fc-8084-b7f16219c9be,CF,Center Field,hits_runs_rbis,,1.5,1.5
Abimelec Ortiz,30a238e0-4b7b-4bbb-a471-6b1b7a184a22,1B,First Baseman,hits_runs_rbis,,0.5,0.5
Kazuma Okamoto,4d5e7fe3-d039-43fc-8084-b7f16219c9be,3B,Third Baseman,hits_runs_rbis,,1.5,1.5
Luis Campusano,898ed118-c7ab-4e09-bff4-2a2a7af29053,C,Catcher,hits_runs_rbis,,1.5,1.5
Nate Furman,f6696cd3-afca-4145-a3c5-25abe16dd193,2B,Second Baseman,hits_runs_rbis,,1.5,1.5
Charles McAdoo,4d5e7fe3-d039-43fc-8084-b7f16219c9be,2B,Second Baseman,hits_runs_rbis,,1.5,1.5
Nathan Church,e83a3a19-0890-46d9-967f-f7b29d7d9ca6,CF,Center Field,hits_runs_rbis,,1.5,1.5
Héctor Rodríguez,1748a711-2091-499b-9d33-dbd35ef8a62c,RF,Right Field,hits_runs_rbis,,1.5,1.5
Carlos Jorge,1748a711-2091-499b-9d33-dbd35ef8a62c,CF,Center Field,hits_runs_rbis,,0.5,0.5
Drew Gilbert,f6696cd3-afca-4145-a3c5-25abe16dd193,CF,Center Field,hits_runs_rbis,,1.5,1.5
Donovan Walton,a20ed566-669e-4757-b2e6-d74ce1a6f170,2B,Second Baseman,hits_runs_rbis,,0.5,0.5
Joshua Báez,e83a3a19-0890-46d9-967f-f7b29d7d9ca6,LF,Left Field,hits_runs_rbis,,1.5,1.5
Henry Bolte,a20ed566-669e-4757-b2e6-d74ce1a6f170,CF,Center Field,hits_runs_rbis,,1.5,1.5
Nate Furman,f6696cd3-afca-4145-a3c5-25abe16dd193,2B,Second Baseman,home_runs,,0.5,0.5
Héctor Rodríguez,1748a711-2091-499b-9d33-dbd35ef8a62c,RF,Right Field,home_runs,,0.5,0.5
Brett Bateman,4d5e7fe3-d039-43fc-8084-b7f16219c9be,CF,Center Field,home_runs,,0.5,0.5
Drew Cavanaugh,f6696cd3-afca-4145-a3c5-25abe16dd193,C,Catcher,home_runs,,0.5,0.5
Carlos Jorge,1748a711-2091-499b-9d33-dbd35ef8a62c,CF,Center Field,home_runs,,0.5,0.5
Joshua Báez,e83a3a19-0890-46d9-967f-f7b29d7d9ca6,LF,Left Field,home_runs,,0.5,0.5
Bryan Torres,e83a3a19-0890-46d9-967f-f7b29d7d9ca6,LF,Left Field,home_runs,,0.5,0.5
Alika Williams,a20ed566-669e-4757-b2e6-d74ce1a6f170,SS,Shortstop,home_runs,,0.5,0.5
Turner Hill,f6696cd3-afca-4145-a3c5-25abe16dd193,LF,Left Field,home_runs,,0.5,0.5
Leo Bernal,e83a3a19-0890-46d9-967f-f7b29d7d9ca6,C,Catcher,home_runs,,0.5,0.5
Juan Brito,1748a711-2091-499b-9d33-dbd35ef8a62c,2B,Second Baseman,home_runs,,0.5,0.5
Henry Bolte,a20ed566-669e-4757-b2e6-d74ce1a6f170,CF,Center Field,home_runs,,0.5,0.5
Donovan Walton,a20ed566-669e-4757-b2e6-d74ce1a6f170,2B,Second Baseman,home_runs,,0.5,0.5
Nathan Church,e83a3a19-0890-46d9-967f-f7b29d7d9ca6,CF,Center Field,home_runs,,0.5,0.5
Luis Campusano,898ed118-c7ab-4e09-bff4-2a2a7af29053,C,Catcher,home_runs,,0.5,0.5
Abimelec Ortiz,30a238e0-4b7b-4bbb-a471-6b1b7a184a22,1B,First Baseman,home_runs,,0.5,0.5
Ethan Salas,898ed118-c7ab-4e09-bff4-2a2a7af29053,C,Catcher,home_runs,,0.5,0.5
Drew Gilbert,f6696cd3-afca-4145-a3c5-25abe16dd193,CF,Center Field,home_runs,,0.5,0.5
Charles McAdoo,4d5e7fe3-d039-43fc-8084-b7f16219c9be,2B,Second Baseman,home_runs,,0.5,0.5
Kazuma Okamoto,4d5e7fe3-d039-43fc-8084-b7f16219c9be,3B,Third Baseman,home_runs,,0.5,0.5
Drew Cavanaugh,f6696cd3-afca-4145-a3c5-25abe16dd193,C,Catcher,total_bases,,0.5,0.5
Carlos Jorge,1748a711-2091-499b-9d33-dbd35ef8a62c,CF,Center Field,total_bases,,0.5,0.5
Nathan Church,e83a3a19-0890-46d9-967f-f7b29d7d9ca6,CF,Center Field,total_bases,,0.5,0.5
Drew Gilbert,f6696cd3-afca-4145-a3c5-25abe16dd193,CF,Center Field,total_bases,,1.5,1.5
Donovan Walton,a20ed566-669e-4757-b2e6-d74ce1a6f170,2B,Second Baseman,total_bases,,0.5,0.5
Leo Bernal,e83a3a19-0890-46d9-967f-f7b29d7d9ca6,C,Catcher,total_bases,,0.5,0.5
Turner Hill,f6696cd3-afca-4145-a3c5-25abe16dd193,LF,Left Field,total_bases,,0.5,0.5
Nate Furman,f6696cd3-afca-4145-a3c5-25abe16dd193,2B,Second Baseman,total_bases,,0.5,0.5
Luis Campusano,898ed118-c7ab-4e09-bff4-2a2a7af29053,C,Catcher,total_bases,,0.5,0.5
Charles McAdoo,4d5e7fe3-d039-43fc-8084-b7f16219c9be,2B,Second Baseman,total_bases,,0.5,0.5
Bryan Torres,e83a3a19-0890-46d9-967f-f7b29d7d9ca6,LF,Left Field,total_bases,,1.5,1.5
Joshua Báez,e83a3a19-0890-46d9-967f-f7b29d7d9ca6,LF,Left Field,total_bases,,0.5,0.5
Abimelec Ortiz,30a238e0-4b7b-4bbb-a471-6b1b7a184a22,1B,First Baseman,total_bases,,0.5,0.5
Kazuma Okamoto,4d5e7fe3-d039-43fc-8084-b7f16219c9be,3B,Third Baseman,total_bases,,1.5,1.5
Henry Bolte,a20ed566-669e-4757-b2e6-d74ce1a6f170,CF,Center Field,total_bases,,0.5,0.5
Juan Brito,1748a711-2091-499b-9d33-dbd35ef8a62c,2B,Second Baseman,total_bases,,0.5,0.5
Alika Williams,a20ed566-669e-4757-b2e6-d74ce1a6f170,SS,Shortstop,total_bases,,0.5,0.5
Héctor Rodríguez,1748a711-2091-499b-9d33-dbd35ef8a62c,RF,Right Field,total_bases,,0.5,0.5
Ethan Salas,898ed118-c7ab-4e09-bff4-2a2a7af29053,C,Catcher,total_bases,,0.5,0.5
Brett Bateman,4d5e7fe3-d039-43fc-8084-b7f16219c9be,CF,Center Field,total_bases,,1.5,1.5
Kazuma Okamoto,4d5e7fe3-d039-43fc-8084-b7f16219c9be,3B,Third Baseman,fantasy_points,,14.5,14.5
Joshua Báez,e83a3a19-0890-46d9-967f-f7b29d7d9ca6,LF,Left Field,fantasy_points,,6.5,6.5
Héctor Rodríguez,1748a711-2091-499b-9d33-dbd35ef8a62c,RF,Right Field,fantasy_points,,4.5,4.5
Henry Bolte,a20ed566-669e-4757-b2e6-d74ce1a6f170,CF,Center Field,fantasy_points,,5.5,5.5
Brett Bateman,4d5e7fe3-d039-43fc-8084-b7f16219c9be,CF,Center Field,fantasy_points,,9.5,9.5
Bryan Torres,e83a3a19-0890-46d9-967f-f7b29d7d9ca6,LF,Left Field,fantasy_points,,5.5,5.5
Turner Hill,f6696cd3-afca-4145-a3c5-25abe16dd193,LF,Left Field,fantasy_points,,5.5,5.5
Brett Bateman,4d5e7fe3-d039-43fc-8084-b7f16219c9be,CF,Center Field,fantasy_points,,14.5,14.5
Kazuma Okamoto,4d5e7fe3-d039-43fc-8084-b7f16219c9be,3B,Third Baseman,fantasy_points,,6.5,6.5
Brett Bateman,4d5e7fe3-d039-43fc-8084-b7f16219c9be,CF,Center Field,fantasy_points,,6.5,6.5
Leo Bernal,e83a3a19-0890-46d9-967f-f7b29d7d9ca6,C,Catcher,fantasy_points,,5.5,5.5
Drew Gilbert,f6696cd3-afca-4145-a3c5-25abe16dd193,CF,Center Field,fantasy_points,,5.5,5.5
Kazuma Okamoto,4d5e7fe3-d039-43fc-8084-b7f16219c9be,3B,Third Baseman,fantasy_points,,9.5,9.5
Alika Williams,a20ed566-669e-4757-b2e6-d74ce1a6f170,SS,Shortstop,hits,HIT,0.5,0.5
Charles McAdoo,4d5e7fe3-d039-43fc-8084-b7f16219c9be,2B,Second Baseman,hits,HIT,0.5,0.5
Leo Bernal,e83a3a19-0890-46d9-967f-f7b29d7d9ca6,C,Catcher,hits,HIT,0.5,0.5
Nate Furman,f6696cd3-afca-4145-a3c5-25abe16dd193,2B,Second Baseman,hits,HIT,0.5,0.5
Joshua Báez,e83a3a19-0890-46d9-967f-f7b29d7d9ca6,LF,Left Field,hits,HIT,0.5,0.5
Turner Hill,f6696cd3-afca-4145-a3c5-25abe16dd193,LF,Left Field,hits,HIT,0.5,0.5
Kazuma Okamoto,4d5e7fe3-d039-43fc-8084-b7f16219c9be,3B,Third Baseman,hits,HIT,0.5,0.5
Donovan Walton,a20ed566-669e-4757-b2e6-d74ce1a6f170,2B,Second Baseman,hits,HIT,0.5,0.5
Luis Campusano,898ed118-c7ab-4e09-bff4-2a2a7af29053,C,Catcher,hits,HIT,0.5,0.5
Héctor Rodríguez,1748a711-2091-499b-9d33-dbd35ef8a62c,RF,Right Field,hits,HIT,0.5,0.5
Henry Bolte,a20ed566-669e-4757-b2e6-d74ce1a6f170,CF,Center Field,hits,HIT,0.5,0.5
Juan Brito,1748a711-2091-499b-9d33-dbd35ef8a62c,2B,Second Baseman,hits,HIT,0.5,0.5
Drew Gilbert,f6696cd3-afca-4145-a3c5-25abe16dd193,CF,Center Field,hits,HIT,0.5,0.5
Nathan Church,e83a3a19-0890-46d9-967f-f7b29d7d9ca6,CF,Center Field,hits,HIT,0.5,0.5
Abimelec Ortiz,30a238e0-4b7b-4bbb-a471-6b1b7a184a22,1B,First Baseman,hits,HIT,0.5,0.5
Ethan Salas,898ed118-c7ab-4e09-bff4-2a2a7af29053,C,Catcher,hits,HIT,0.5,0.5
Brett Bateman,4d5e7fe3-d039-43fc-8084-b7f16219c9be,CF,Center Field,hits,HIT,0.5,0.5
Ethan Salas,898ed118-c7ab-4e09-bff4-2a2a7af29053,C,Catcher,runs,,0.5,0.5
Brett Bateman,4d5e7fe3-d039-43fc-8084-b7f16219c9be,CF,Center Field,runs,,0.5,0.5
Henry Bolte,a20ed566-669e-4757-b2e6-d74ce1a6f170,CF,Center Field,runs,,0.5,0.5
Donovan Walton,a20ed566-669e-4757-b2e6-d74ce1a6f170,2B,Second Baseman,runs,,0.5,0.5
Kazuma Okamoto,4d5e7fe3-d039-43fc-8084-b7f16219c9be,3B,Third Baseman,runs,,0.5,0.5
Turner Hill,f6696cd3-afca-4145-a3c5-25abe16dd193,LF,Left Field,runs,,0.5,0.5
Joshua Báez,e83a3a19-0890-46d9-967f-f7b29d7d9ca6,LF,Left Field,runs,,0.5,0.5
Drew Gilbert,f6696cd3-afca-4145-a3c5-25abe16dd193,CF,Center Field,runs,,0.5,0.5
Nathan Church,e83a3a19-0890-46d9-967f-f7b29d7d9ca6,CF,Center Field,runs,,0.5,0.5
Juan Brito,1748a711-2091-499b-9d33-dbd35ef8a62c,2B,Second Baseman,runs,,0.5,0.5
Charles McAdoo,4d5e7fe3-d039-43fc-8084-b7f16219c9be,2B,Second Baseman,runs,,0.5,0.5
Alika Williams,a20ed566-669e-4757-b2e6-d74ce1a6f170,SS,Shortstop,runs,,0.5,0.5
Drew Cavanaugh,f6696cd3-afca-4145-a3c5-25abe16dd193,C,Catcher,runs,,0.5,0.5
Luis Campusano,898ed118-c7ab-4e09-bff4-2a2a7af29053,C,Catcher,runs,,0.5,0.5
Leo Bernal,e83a3a19-0890-46d9-967f-f7b29d7d9ca6,C,Catcher,runs,,0.5,0.5
Abimelec Ortiz,30a238e0-4b7b-4bbb-a471-6b1b7a184a22,1B,First Baseman,runs,,0.5,0.5
Carlos Jorge,1748a711-2091-499b-9d33-dbd35ef8a62c,CF,Center Field,runs,,0.5,0.5
Héctor Rodríguez,1748a711-2091-499b-9d33-dbd35ef8a62c,RF,Right Field,runs,,0.5,0.5
Nate Furman,f6696cd3-afca-4145-a3c5-25abe16dd193,2B,Second Baseman,runs,,0.5,0.5
Alika Williams,a20ed566-669e-4757-b2e6-d74ce1a6f170,SS,Shortstop,rbis,,0.5,0.5
Drew Cavanaugh,f6696cd3-afca-4145-a3c5-25abe16dd193,C,Catcher,rbis,,0.5,0.5
Charles McAdoo,4d5e7fe3-d039-43fc-8084-b7f16219c9be,2B,Second Baseman,rbis,,0.5,0.5
Henry Bolte,a20ed566-669e-4757-b2e6-d74ce1a6f170,CF,Center Field,rbis,,0.5,0.5
Brett Bateman,4d5e7fe3-d039-43fc-8084-b7f16219c9be,CF,Center Field,rbis,,0.5,0.5
Ethan Salas,898ed118-c7ab-4e09-bff4-2a2a7af29053,C,Catcher,rbis,,0.5,0.5
Donovan Walton,a20ed566-669e-4757-b2e6-d74ce1a6f170,2B,Second Baseman,rbis,,0.5,0.5
Abimelec Ortiz,30a238e0-4b7b-4bbb-a471-6b1b7a184a22,1B,First Baseman,rbis,,0.5,0.5
Carlos Jorge,1748a711-2091-499b-9d33-dbd35ef8a62c,CF,Center Field,rbis,,0.5,0.5
Nathan Church,e83a3a19-0890-46d9-967f-f7b29d7d9ca6,CF,Center Field,rbis,,0.5,0.5
Joshua Báez,e83a3a19-0890-46d9-967f-f7b29d7d9ca6,LF,Left Field,rbis,,0.5,0.5
Turner Hill,f6696cd3-afca-4145-a3c5-25abe16dd193,LF,Left Field,rbis,,0.5,0.5
Héctor Rodríguez,1748a711-2091-499b-9d33-dbd35ef8a62c,RF,Right Field,rbis,,0.5,0.5
Luis Campusano,898ed118-c7ab-4e09-bff4-2a2a7af29053,C,Catcher,rbis,,0.5,0.5
Leo Bernal,e83a3a19-0890-46d9-967f-f7b29d7d9ca6,C,Catcher,rbis,,0.5,0.5
Juan Brito,1748a711-2091-499b-9d33-dbd35ef8a62c,2B,Second Baseman,rbis,,0.5,0.5
Kazuma Okamoto,4d5e7fe3-d039-43fc-8084-b7f16219c9be,3B,Third Baseman,rbis,,0.5,0.5
Nate Furman,f6696cd3-afca-4145-a3c5-25abe16dd193,2B,Second Baseman,rbis,,0.5,0.5
Drew Gilbert,f6696cd3-afca-4145-a3c5-25abe16dd193,CF,Center Field,rbis,,0.5,0.5
Juan Brito,1748a711-2091-499b-9d33-dbd35ef8a62c,2B,Second Baseman,stolen_bases,,0.5,0.5
Charles McAdoo,4d5e7fe3-d039-43fc-8084-b7f16219c9be,2B,Second Baseman,walks,,0.5,0.5
Joshua Báez,e83a3a19-0890-46d9-967f-f7b29d7d9ca6,LF,Left Field,stolen_bases,,0.5,0.5
Juan Brito,1748a711-2091-499b-9d33-dbd35ef8a62c,2B,Second Baseman,walks,,0.5,0.5
Carlos Jorge,1748a711-2091-499b-9d33-dbd35ef8a62c,CF,Center Field,walks,,0.5,0.5
Héctor Rodríguez,1748a711-2091-499b-9d33-dbd35ef8a62c,RF,Right Field,walks,,0.5,0.5
Ethan Salas,898ed118-c7ab-4e09-bff4-2a2a7af29053,C,Catcher,walks,,0.5,0.5
Charles McAdoo,4d5e7fe3-d039-43fc-8084-b7f16219c9be,2B,Second Baseman,stolen_bases,,0.5,0.5
Donovan Walton,a20ed566-669e-4757-b2e6-d74ce1a6f170,2B,Second Baseman,walks,,0.5,0.5
Nathan Church,e83a3a19-0890-46d9-967f-f7b29d7d9ca6,CF,Center Field,stolen_bases,,0.5,0.5
Kazuma Okamoto,4d5e7fe3-d039-43fc-8084-b7f16219c9be,3B,Third Baseman,walks,,0.5,0.5
Nate Furman,f6696cd3-afca-4145-a3c5-25abe16dd193,2B,Second Baseman,walks,,0.5,0.5
Turner Hill,f6696cd3-afca-4145-a3c5-25abe16dd193,LF,Left Field,walks,,0.5,0.5
Leo Bernal,e83a3a19-0890-46d9-967f-f7b29d7d9ca6,C,Catcher,walks,,0.5,0.5
Brett Bateman,4d5e7fe3-d039-43fc-8084-b7f16219c9be,CF,Center Field,stolen_bases,,0.5,0.5
Joshua Báez,e83a3a19-0890-46d9-967f-f7b29d7d9ca6,LF,Left Field,walks,,0.5,0.5
Luis Campusano,898ed118-c7ab-4e09-bff4-2a2a7af29053,C,Catcher,walks,,0.5,0.5
Henry Bolte,a20ed566-669e-4757-b2e6-d74ce1a6f170,CF,Center Field,stolen_bases,,0.5,0.5
Brett Bateman,4d5e7fe3-d039-43fc-8084-b7f16219c9be,CF,Center Field,walks,,0.5,0.5
Drew Gilbert,f6696cd3-afca-4145-a3c5-25abe16dd193,CF,Center Field,walks,,0.5,0.5
Carlos Jorge,1748a711-2091-499b-9d33-dbd35ef8a62c,CF,Center Field,stolen_bases,,0.5,0.5
Abimelec Ortiz,30a238e0-4b7b-4bbb-a471-6b1b7a184a22,1B,First Baseman,walks,,0.5,0.5
Jalen Hurts,de7219e5-92f1-5989-804a-68479055ba42,QB,Quarterback,season_rush_yards,,424.5,424.5
De'Von Achane,9153e0a9-da83-5246-ba43-417537f1bcce,RB,Running Back,season_receiving_yards,,414.5,414.5
Laiatu Latu,f11f1cf1-9933-5203-8181-95020ee64399,DE,Defensive End,season_sacks,,6.75,6.75
Carson Beck,8459772c-695a-5890-afa1-7ec38da17201,QB,Quarterback,regular_season_games_started,,3.5,3.5
A.J. Brown,ef876de9-81ac-5e60-af6e-0ca1700f3a51,WR,Wide Receiver,rush_rec_tds,,0.5,0.5
A.J. Brown,ef876de9-81ac-5e60-af6e-0ca1700f3a51,WR,Wide Receiver,receiving_yds,,60.5,60.5
A.J. Brown,ef876de9-81ac-5e60-af6e-0ca1700f3a51,WR,Wide Receiver,receiving_rec,,4.5,4.5
A.J. Brown,ef876de9-81ac-5e60-af6e-0ca1700f3a51,WR,Wide Receiver,receiving_tgts,,7.5,7.5
A.J. Brown,ef876de9-81ac-5e60-af6e-0ca1700f3a51,WR,Wide Receiver,receiving_tgts,,8.5,8.5
A.J. Brown,ef876de9-81ac-5e60-af6e-0ca1700f3a51,WR,Wide Receiver,receiving_tgts,,10.5,10.5
A.J. Brown,ef876de9-81ac-5e60-af6e-0ca1700f3a51,WR,Wide Receiver,receiving_tgts,,12.5,12.5
A.J. Brown,ef876de9-81ac-5e60-af6e-0ca1700f3a51,WR,Wide Receiver,receiving_tgts,,11.5,11.5
A.J. Brown,ef876de9-81ac-5e60-af6e-0ca1700f3a51,WR,Wide Receiver,receiving_tgts,,9.5,9.5
A.J. Brown,ef876de9-81ac-5e60-af6e-0ca1700f3a51,WR,Wide Receiver,receiving_long,,22.5,22.5
A.J. Brown,ef876de9-81ac-5e60-af6e-0ca1700f3a51,WR,Wide Receiver,period_first_touchdown_scored,,0.5,0.5
A.J. Brown,ef876de9-81ac-5e60-af6e-0ca1700f3a51,WR,Wide Receiver,last_touchdown_scored,,0.5,0.5
A.J. Brown,ef876de9-81ac-5e60-af6e-0ca1700f3a51,WR,Wide Receiver,fantasy_points,,19.05,19.05
A.J. Brown,ef876de9-81ac-5e60-af6e-0ca1700f3a51,WR,Wide Receiver,fantasy_points,,15.05,15.05
A.J. Brown,ef876de9-81ac-5e60-af6e-0ca1700f3a51,WR,Wide Receiver,fantasy_points,,11.55,11.55
A.J. Brown,ef876de9-81ac-5e60-af6e-0ca1700f3a51,WR,Wide Receiver,period_1_rush_rec_tds,,0.5,0.5
A.J. Brown,ef876de9-81ac-5e60-af6e-0ca1700f3a51,WR,Wide Receiver,period_1_receiving_yds,,9.5,9.5
A.J. Brown,ef876de9-81ac-5e60-af6e-0ca1700f3a51,WR,Wide Receiver,period_1_receiving_rec,,0.5,0.5
A.J. Brown,ef876de9-81ac-5e60-af6e-0ca1700f3a51,WR,Wide Receiver,period_1_2_rush_rec_tds,,0.5,0.5
A.J. Brown,ef876de9-81ac-5e60-af6e-0ca1700f3a51,WR,Wide Receiver,period_1_2_receiving_yds,,28.5,28.5
A.J. Brown,ef876de9-81ac-5e60-af6e-0ca1700f3a51,WR,Wide Receiver,25_rec_yds_each_half,,0.5,0.5
A.J. Brown,ef876de9-81ac-5e60-af6e-0ca1700f3a51,WR,Wide Receiver,50_rec_yds_each_half,,0.5,0.5
A.J. Brown,ef876de9-81ac-5e60-af6e-0ca1700f3a51,WR,Wide Receiver,period_1_2_receiving_rec,,2.5,2.5
A.J. Brown,ef876de9-81ac-5e60-af6e-0ca1700f3a51,WR,Wide Receiver,game_high_receiving_yards,,0.5,0.5
A.J. Brown,ef876de9-81ac-5e60-af6e-0ca1700f3a51,WR,Wide Receiver,fumbles_lost,,0.5,0.5
Rhamondre Stevenson,ef876de9-81ac-5e60-af6e-0ca1700f3a51,RB,Running Back,rush_rec_tds,,0.5,0.5
Rhamondre Stevenson,ef876de9-81ac-5e60-af6e-0ca1700f3a51,RB,Running Back,rushing_yds,,55.5,55.5
Rhamondre Stevenson,ef876de9-81ac-5e60-af6e-0ca1700f3a51,RB,Running Back,rush_rec_yds,,85.5,85.5
Rhamondre Stevenson,ef876de9-81ac-5e60-af6e-0ca1700f3a51,RB,Running Back,receiving_yds,,23.5,23.5
Rhamondre Stevenson,ef876de9-81ac-5e60-af6e-0ca1700f3a51,RB,Running Back,receiving_rec,,3.5,3.5
Rhamondre Stevenson,ef876de9-81ac-5e60-af6e-0ca1700f3a51,RB,Running Back,rushing_att,,15.5,15.5
Rhamondre Stevenson,ef876de9-81ac-5e60-af6e-0ca1700f3a51,RB,Running Back,receiving_tgts,,7.5,7.5
Rhamondre Stevenson,ef876de9-81ac-5e60-af6e-0ca1700f3a51,RB,Running Back,receiving_tgts,,5.5,5.5
Rhamondre Stevenson,ef876de9-81ac-5e60-af6e-0ca1700f3a51,RB,Running Back,receiving_tgts,,4.5,4.5
Rhamondre Stevenson,ef876de9-81ac-5e60-af6e-0ca1700f3a51,RB,Running Back,receiving_tgts,,8.5,8.5
Rhamondre Stevenson,ef876de9-81ac-5e60-af6e-0ca1700f3a51,RB,Running Back,receiving_tgts,,3.5,3.5
Rhamondre Stevenson,ef876de9-81ac-5e60-af6e-0ca1700f3a51,RB,Running Back,receiving_tgts,,6.5,6.5
Rhamondre Stevenson,ef876de9-81ac-5e60-af6e-0ca1700f3a51,RB,Running Back,receiving_long,,11.5,11.5
Rhamondre Stevenson,ef876de9-81ac-5e60-af6e-0ca1700f3a51,RB,Running Back,rushing_long,,13.5,13.5
Rhamondre Stevenson,ef876de9-81ac-5e60-af6e-0ca1700f3a51,RB,Running Back,period_first_touchdown_scored,,0.5,0.5
Rhamondre Stevenson,ef876de9-81ac-5e60-af6e-0ca1700f3a51,RB,Running Back,last_touchdown_scored,,0.5,0.5
Rhamondre Stevenson,ef876de9-81ac-5e60-af6e-0ca1700f3a51,RB,Running Back,fantasy_points,,18.85,18.85
Rhamondre Stevenson,ef876de9-81ac-5e60-af6e-0ca1700f3a51,RB,Running Back,fantasy_points,,11.85,11.85
Rhamondre Stevenson,ef876de9-81ac-5e60-af6e-0ca1700f3a51,RB,Running Back,fantasy_points,,14.85,14.85
Rhamondre Stevenson,ef876de9-81ac-5e60-af6e-0ca1700f3a51,RB,Running Back,fumbles_lost,,0.5,0.5
TreVeyon Henderson,ef876de9-81ac-5e60-af6e-0ca1700f3a51,RB,Running Back,rushing_att,,5.5,5.5
TreVeyon Henderson,ef876de9-81ac-5e60-af6e-0ca1700f3a51,RB,Running Back,receiving_tgts,,1.5,1.5
TreVeyon Henderson,ef876de9-81ac-5e60-af6e-0ca1700f3a51,RB,Running Back,receiving_tgts,,4.5,4.5
TreVeyon Henderson,ef876de9-81ac-5e60-af6e-0ca1700f3a51,RB,Running Back,receiving_tgts,,2.5,2.5
TreVeyon Henderson,ef876de9-81ac-5e60-af6e-0ca1700f3a51,RB,Running Back,receiving_tgts,,3.5,3.5
TreVeyon Henderson,ef876de9-81ac-5e60-af6e-0ca1700f3a51,RB,Running Back,receiving_tgts,,5.5,5.5
TreVeyon Henderson,ef876de9-81ac-5e60-af6e-0ca1700f3a51,RB,Running Back,fantasy_points,,5.05,5.05
Jaxon Smith-Njigba,31631011-5902-52f6-ba01-c4c8d8eb3fd9,WR,Wide Receiver,rush_rec_tds,,0.5,0.5
Jaxon Smith-Njigba,31631011-5902-52f6-ba01-c4c8d8eb3fd9,WR,Wide Receiver,receiving_yds,,82.5,82.5
Jaxon Smith-Njigba,31631011-5902-52f6-ba01-c4c8d8eb3fd9,WR,Wide Receiver,receiving_rec,,6.5,6.5
Jaxon Smith-Njigba,31631011-5902-52f6-ba01-c4c8d8eb3fd9,WR,Wide Receiver,receiving_tgts,,13.5,13.5
Jaxon Smith-Njigba,31631011-5902-52f6-ba01-c4c8d8eb3fd9,WR,Wide Receiver,receiving_tgts,,9.5,9.5
Jaxon Smith-Njigba,31631011-5902-52f6-ba01-c4c8d8eb3fd9,WR,Wide Receiver,receiving_tgts,,12.5,12.5
Jaxon Smith-Njigba,31631011-5902-52f6-ba01-c4c8d8eb3fd9,WR,Wide Receiver,receiving_tgts,,11.5,11.5
Jaxon Smith-Njigba,31631011-5902-52f6-ba01-c4c8d8eb3fd9,WR,Wide Receiver,receiving_tgts,,8.5,8.5
Jaxon Smith-Njigba,31631011-5902-52f6-ba01-c4c8d8eb3fd9,WR,Wide Receiver,receiving_tgts,,10.5,10.5
Jaxon Smith-Njigba,31631011-5902-52f6-ba01-c4c8d8eb3fd9,WR,Wide Receiver,receiving_long,,25.5,25.5
Jaxon Smith-Njigba,31631011-5902-52f6-ba01-c4c8d8eb3fd9,WR,Wide Receiver,period_first_touchdown_scored,,0.5,0.5
Jaxon Smith-Njigba,31631011-5902-52f6-ba01-c4c8d8eb3fd9,WR,Wide Receiver,last_touchdown_scored,,0.5,0.5
Jaxon Smith-Njigba,31631011-5902-52f6-ba01-c4c8d8eb3fd9,WR,Wide Receiver,fantasy_points,,14.45,14.45
Jaxon Smith-Njigba,31631011-5902-52f6-ba01-c4c8d8eb3fd9,WR,Wide Receiver,fantasy_points,,17.45,17.45
Jaxon Smith-Njigba,31631011-5902-52f6-ba01-c4c8d8eb3fd9,WR,Wide Receiver,fantasy_points,,21.45,21.45
Jaxon Smith-Njigba,31631011-5902-52f6-ba01-c4c8d8eb3fd9,WR,Wide Receiver,period_1_rush_rec_tds,,0.5,0.5
Jaxon Smith-Njigba,31631011-5902-52f6-ba01-c4c8d8eb3fd9,WR,Wide Receiver,period_1_receiving_yds,,14.5,14.5
Jaxon Smith-Njigba,31631011-5902-52f6-ba01-c4c8d8eb3fd9,WR,Wide Receiver,period_1_receiving_rec,,1.5,1.5
Jaxon Smith-Njigba,31631011-5902-52f6-ba01-c4c8d8eb3fd9,WR,Wide Receiver,period_1_2_rush_rec_tds,,0.5,0.5
Jaxon Smith-Njigba,31631011-5902-52f6-ba01-c4c8d8eb3fd9,WR,Wide Receiver,period_1_2_receiving_yds,,39.5,39.5
Jaxon Smith-Njigba,31631011-5902-52f6-ba01-c4c8d8eb3fd9,WR,Wide Receiver,25_rec_yds_each_half,,0.5,0.5
Jaxon Smith-Njigba,31631011-5902-52f6-ba01-c4c8d8eb3fd9,WR,Wide Receiver,period_1_2_receiving_rec,,3.5,3.5
Jaxon Smith-Njigba,31631011-5902-52f6-ba01-c4c8d8eb3fd9,WR,Wide Receiver,50_rec_yds_each_half,,0.5,0.5
Jaxon Smith-Njigba,31631011-5902-52f6-ba01-c4c8d8eb3fd9,WR,Wide Receiver,game_high_receiving_yards,,0.5,0.5
Jaxon Smith-Njigba,31631011-5902-52f6-ba01-c4c8d8eb3fd9,WR,Wide Receiver,fumbles_lost,,0.5,0.5
Romeo Doubs,ef876de9-81ac-5e60-af6e-0ca1700f3a51,WR,Wide Receiver,rush_rec_tds,,0.5,0.5
Cooper Kupp,31631011-5902-52f6-ba01-c4c8d8eb3fd9,WR,Wide Receiver,rush_rec_tds,,0.5,0.5
Romeo Doubs,ef876de9-81ac-5e60-af6e-0ca1700f3a51,WR,Wide Receiver,rush_rec_yds,,37.5,37.5
Cooper Kupp,31631011-5902-52f6-ba01-c4c8d8eb3fd9,WR,Wide Receiver,receiving_yds,,30.5,30.5
Romeo Doubs,ef876de9-81ac-5e60-af6e-0ca1700f3a51,WR,Wide Receiver,receiving_yds,,38.5,38.5
Cooper Kupp,31631011-5902-52f6-ba01-c4c8d8eb3fd9,WR,Wide Receiver,rush_rec_yds,,26.5,26.5
Romeo Doubs,ef876de9-81ac-5e60-af6e-0ca1700f3a51,WR,Wide Receiver,receiving_rec,,3.5,3.5
Cooper Kupp,31631011-5902-52f6-ba01-c4c8d8eb3fd9,WR,Wide Receiver,receiving_rec,,2.5,2.5
Romeo Doubs,ef876de9-81ac-5e60-af6e-0ca1700f3a51,WR,Wide Receiver,receiving_tgts,,8.5,8.5
Cooper Kupp,31631011-5902-52f6-ba01-c4c8d8eb3fd9,WR,Wide Receiver,receiving_tgts,,4.5,4.5
Romeo Doubs,ef876de9-81ac-5e60-af6e-0ca1700f3a51,WR,Wide Receiver,receiving_tgts,,5.5,5.5
Romeo Doubs,ef876de9-81ac-5e60-af6e-0ca1700f3a51,WR,Wide Receiver,receiving_tgts,,9.5,9.5
Romeo Doubs,ef876de9-81ac-5e60-af6e-0ca1700f3a51,WR,Wide Receiver,receiving_tgts,,6.5,6.5
Romeo Doubs,ef876de9-81ac-5e60-af6e-0ca1700f3a51,WR,Wide Receiver,receiving_tgts,,4.5,4.5
Romeo Doubs,ef876de9-81ac-5e60-af6e-0ca1700f3a51,WR,Wide Receiver,receiving_tgts,,7.5,7.5
Cooper Kupp,31631011-5902-52f6-ba01-c4c8d8eb3fd9,WR,Wide Receiver,receiving_tgts,,5.5,5.5
Cooper Kupp,31631011-5902-52f6-ba01-c4c8d8eb3fd9,WR,Wide Receiver,receiving_tgts,,8.5,8.5
Cooper Kupp,31631011-5902-52f6-ba01-c4c8d8eb3fd9,WR,Wide Receiver,receiving_tgts,,7.5,7.5
Cooper Kupp,31631011-5902-52f6-ba01-c4c8d8eb3fd9,WR,Wide Receiver,receiving_tgts,,3.5,3.5
Cooper Kupp,31631011-5902-52f6-ba01-c4c8d8eb3fd9,WR,Wide Receiver,receiving_tgts,,6.5,6.5
Cooper Kupp,31631011-5902-52f6-ba01-c4c8d8eb3fd9,WR,Wide Receiver,receiving_long,,15.5,15.5
Romeo Doubs,ef876de9-81ac-5e60-af6e-0ca1700f3a51,WR,Wide Receiver,receiving_long,,18.5,18.5
Romeo Doubs,ef876de9-81ac-5e60-af6e-0ca1700f3a51,WR,Wide Receiver,period_first_touchdown_scored,,0.5,0.5
Cooper Kupp,31631011-5902-52f6-ba01-c4c8d8eb3fd9,WR,Wide Receiver,period_first_touchdown_scored,,0.5,0.5
Cooper Kupp,31631011-5902-52f6-ba01-c4c8d8eb3fd9,WR,Wide Receiver,fantasy_points,,5.15,5.15
Romeo Doubs,ef876de9-81ac-5e60-af6e-0ca1700f3a51,WR,Wide Receiver,fantasy_points,,5.95,5.95
Romeo Doubs,ef876de9-81ac-5e60-af6e-0ca1700f3a51,WR,Wide Receiver,period_1_rush_rec_tds,,0.5,0.5
Cooper Kupp,31631011-5902-52f6-ba01-c4c8d8eb3fd9,WR,Wide Receiver,period_1_rush_rec_tds,,0.5,0.5
Romeo Doubs,ef876de9-81ac-5e60-af6e-0ca1700f3a51,WR,Wide Receiver,period_1_receiving_yds,,0.5,0.5
Cooper Kupp,31631011-5902-52f6-ba01-c4c8d8eb3fd9,WR,Wide Receiver,period_1_receiving_yds,,0.5,0.5
Romeo Doubs,ef876de9-81ac-5e60-af6e-0ca1700f3a51,WR,Wide Receiver,period_1_receiving_rec,,0.5,0.5
Cooper Kupp,31631011-5902-52f6-ba01-c4c8d8eb3fd9,WR,Wide Receiver,period_1_receiving_rec,,0.5,0.5
Cooper Kupp,31631011-5902-52f6-ba01-c4c8d8eb3fd9,WR,Wide Receiver,period_1_2_rush_rec_tds,,0.5,0.5
Romeo Doubs,ef876de9-81ac-5e60-af6e-0ca1700f3a51,WR,Wide Receiver,period_1_2_rush_rec_tds,,0.5,0.5
Romeo Doubs,ef876de9-81ac-5e60-af6e-0ca1700f3a51,WR,Wide Receiver,25_rec_yds_each_half,,0.5,0.5
Romeo Doubs,ef876de9-81ac-5e60-af6e-0ca1700f3a51,WR,Wide Receiver,period_1_2_receiving_yds,,15.5,15.5
Cooper Kupp,31631011-5902-52f6-ba01-c4c8d8eb3fd9,WR,Wide Receiver,period_1_2_receiving_yds,,11.5,11.5
Cooper Kupp,31631011-5902-52f6-ba01-c4c8d8eb3fd9,WR,Wide Receiver,25_rec_yds_each_half,,0.5,0.5
Cooper Kupp,31631011-5902-52f6-ba01-c4c8d8eb3fd9,WR,Wide Receiver,period_1_2_receiving_rec,,1.5,1.5
Romeo Doubs,ef876de9-81ac-5e60-af6e-0ca1700f3a51,WR,Wide Receiver,period_1_2_receiving_rec,,1.5,1.5
Romeo Doubs,ef876de9-81ac-5e60-af6e-0ca1700f3a51,WR,Wide Receiver,game_high_receiving_yards,,0.5,0.5
Cooper Kupp,31631011-5902-52f6-ba01-c4c8d8eb3fd9,WR,Wide Receiver,game_high_receiving_yards,,0.5,0.5
Hunter Henry,ef876de9-81ac-5e60-af6e-0ca1700f3a51,TE,Tight End,rush_rec_tds,,0.5,0.5
Hunter Henry,ef876de9-81ac-5e60-af6e-0ca1700f3a51,TE,Tight End,receiving_yds,,34.5,34.5
Hunter Henry,ef876de9-81ac-5e60-af6e-0ca1700f3a51,TE,Tight End,receiving_rec,,3.5,3.5
Hunter Henry,ef876de9-81ac-5e60-af6e-0ca1700f3a51,TE,Tight End,receiving_tgts,,4.5,4.5
Hunter Henry,ef876de9-81ac-5e60-af6e-0ca1700f3a51,TE,Tight End,receiving_tgts,,7.5,7.5
Hunter Henry,ef876de9-81ac-5e60-af6e-0ca1700f3a51,TE,Tight End,receiving_tgts,,6.5,6.5
Hunter Henry,ef876de9-81ac-5e60-af6e-0ca1700f3a51,TE,Tight End,receiving_tgts,,3.5,3.5
Hunter Henry,ef876de9-81ac-5e60-af6e-0ca1700f3a51,TE,Tight End,receiving_tgts,,8.5,8.5
Hunter Henry,ef876de9-81ac-5e60-af6e-0ca1700f3a51,TE,Tight End,receiving_tgts,,5.5,5.5
Hunter Henry,ef876de9-81ac-5e60-af6e-0ca1700f3a51,TE,Tight End,receiving_long,,16.5,16.5
Hunter Henry,ef876de9-81ac-5e60-af6e-0ca1700f3a51,TE,Tight End,period_first_touchdown_scored,,0.5,0.5
Hunter Henry,ef876de9-81ac-5e60-af6e-0ca1700f3a51,TE,Tight End,fantasy_points,,5.65,5.65
Hunter Henry,ef876de9-81ac-5e60-af6e-0ca1700f3a51,TE,Tight End,period_1_rush_rec_tds,,0.5,0.5
Hunter Henry,ef876de9-81ac-5e60-af6e-0ca1700f3a51,TE,Tight End,period_1_receiving_yds,,0.5,0.5
Hunter Henry,ef876de9-81ac-5e60-af6e-0ca1700f3a51,TE,Tight End,period_1_receiving_rec,,0.5,0.5
Hunter Henry,ef876de9-81ac-5e60-af6e-0ca1700f3a51,TE,Tight End,period_1_2_rush_rec_tds,,0.5,0.5
Hunter Henry,ef876de9-81ac-5e60-af6e-0ca1700f3a51,TE,Tight End,25_rec_yds_each_half,,0.5,0.5
Hunter Henry,ef876de9-81ac-5e60-af6e-0ca1700f3a51,TE,Tight End,period_1_2_receiving_yds,,13.5,13.5
Hunter Henry,ef876de9-81ac-5e60-af6e-0ca1700f3a51,TE,Tight End,period_1_2_receiving_rec,,1.5,1.5
Hunter Henry,ef876de9-81ac-5e60-af6e-0ca1700f3a51,TE,Tight End,game_high_receiving_yards,,0.5,0.5
Drake Maye,ef876de9-81ac-5e60-af6e-0ca1700f3a51,QB,Quarterback,rush_rec_tds,,0.5,0.5
Drake Maye,ef876de9-81ac-5e60-af6e-0ca1700f3a51,QB,Quarterback,rushing_yds,,24.5,24.5
Drake Maye,ef876de9-81ac-5e60-af6e-0ca1700f3a51,QB,Quarterback,passing_yds,,229.5,229.5
Drake Maye,ef876de9-81ac-5e60-af6e-0ca1700f3a51,QB,Quarterback,passing_tds,,1.5,1.5
Drake Maye,ef876de9-81ac-5e60-af6e-0ca1700f3a51,QB,Quarterback,rushing_att,,5.5,5.5
Drake Maye,ef876de9-81ac-5e60-af6e-0ca1700f3a51,QB,Quarterback,period_1_passing_yds,,45.5,45.5
Drake Maye,ef876de9-81ac-5e60-af6e-0ca1700f3a51,QB,Quarterback,passing_and_rushing_yds,,260.5,260.5
Drake Maye,ef876de9-81ac-5e60-af6e-0ca1700f3a51,QB,Quarterback,passing_comps,,20.5,20.5
Drake Maye,ef876de9-81ac-5e60-af6e-0ca1700f3a51,QB,Quarterback,passing_att,,32.5,32.5
Drake Maye,ef876de9-81ac-5e60-af6e-0ca1700f3a51,QB,Quarterback,passing_ints,,0.5,0.5
Drake Maye,ef876de9-81ac-5e60-af6e-0ca1700f3a51,QB,Quarterback,rushing_long,,11.5,11.5
Drake Maye,ef876de9-81ac-5e60-af6e-0ca1700f3a51,QB,Quarterback,passing_long,,37.5,37.5
Drake Maye,ef876de9-81ac-5e60-af6e-0ca1700f3a51,QB,Quarterback,period_first_touchdown_scored,,0.5,0.5
Drake Maye,ef876de9-81ac-5e60-af6e-0ca1700f3a51,QB,Quarterback,fantasy_points,,17.55,17.55
Drake Maye,ef876de9-81ac-5e60-af6e-0ca1700f3a51,QB,Quarterback,fantasy_points,,25.55,25.55
Drake Maye,ef876de9-81ac-5e60-af6e-0ca1700f3a51,QB,Quarterback,fantasy_points,,21.55,21.55
Drake Maye,ef876de9-81ac-5e60-af6e-0ca1700f3a51,QB,Quarterback,period_1_rush_rec_tds,,0.5,0.5
Drake Maye,ef876de9-81ac-5e60-af6e-0ca1700f3a51,QB,Quarterback,period_1_passing_tds,,0.5,0.5
Drake Maye,ef876de9-81ac-5e60-af6e-0ca1700f3a51,QB,Quarterback,period_1_rushing_yds,,2.5,2.5
Drake Maye,ef876de9-81ac-5e60-af6e-0ca1700f3a51,QB,Quarterback,period_1_2_rush_rec_tds,,0.5,0.5
Drake Maye,ef876de9-81ac-5e60-af6e-0ca1700f3a51,QB,Quarterback,period_1_2_passing_yds,,108.5,108.5
Drake Maye,ef876de9-81ac-5e60-af6e-0ca1700f3a51,QB,Quarterback,period_1_2_rushing_yds,,9.5,9.5
Drake Maye,ef876de9-81ac-5e60-af6e-0ca1700f3a51,QB,Quarterback,period_1_2_passing_tds,,0.5,0.5
Drake Maye,ef876de9-81ac-5e60-af6e-0ca1700f3a51,QB,Quarterback,100_pass_yds_each_half,,0.5,0.5
Drake Maye,ef876de9-81ac-5e60-af6e-0ca1700f3a51,QB,Quarterback,25_pass_yds_each_quarter,,0.5,0.5
Drake Maye,ef876de9-81ac-5e60-af6e-0ca1700f3a51,QB,Quarterback,50_pass_yds_each_quarter,,0.5,0.5
Drake Maye,ef876de9-81ac-5e60-af6e-0ca1700f3a51,QB,Quarterback,150_pass_yds_each_half,,0.5,0.5
Drake Maye,ef876de9-81ac-5e60-af6e-0ca1700f3a51,QB,Quarterback,game_high_passing_yards,,0.5,0.5
Drake Maye,ef876de9-81ac-5e60-af6e-0ca1700f3a51,QB,Quarterback,game_high_rushing_yards,,0.5,0.5
Drake Maye,ef876de9-81ac-5e60-af6e-0ca1700f3a51,QB,Quarterback,fumbles_lost,,0.5,0.5
DeMario Douglas,ef876de9-81ac-5e60-af6e-0ca1700f3a51,WR,Wide Receiver,rush_rec_tds,,0.5,0.5
DeMario Douglas,ef876de9-81ac-5e60-af6e-0ca1700f3a51,WR,Wide Receiver,rush_rec_yds,,20.5,20.5
DeMario Douglas,ef876de9-81ac-5e60-af6e-0ca1700f3a51,WR,Wide Receiver,receiving_yds,,19.5,19.5
DeMario Douglas,ef876de9-81ac-5e60-af6e-0ca1700f3a51,WR,Wide Receiver,receiving_rec,,1.5,1.5
DeMario Douglas,ef876de9-81ac-5e60-af6e-0ca1700f3a51,WR,Wide Receiver,receiving_tgts,,4.5,4.5
DeMario Douglas,ef876de9-81ac-5e60-af6e-0ca1700f3a51,WR,Wide Receiver,receiving_tgts,,2.5,2.5
DeMario Douglas,ef876de9-81ac-5e60-af6e-0ca1700f3a51,WR,Wide Receiver,receiving_tgts,,7.5,7.5
DeMario Douglas,ef876de9-81ac-5e60-af6e-0ca1700f3a51,WR,Wide Receiver,receiving_tgts,,5.5,5.5
DeMario Douglas,ef876de9-81ac-5e60-af6e-0ca1700f3a51,WR,Wide Receiver,receiving_tgts,,3.5,3.5
DeMario Douglas,ef876de9-81ac-5e60-af6e-0ca1700f3a51,WR,Wide Receiver,receiving_tgts,,6.5,6.5
DeMario Douglas,ef876de9-81ac-5e60-af6e-0ca1700f3a51,WR,Wide Receiver,receiving_long,,13.5,13.5
DeMario Douglas,ef876de9-81ac-5e60-af6e-0ca1700f3a51,WR,Wide Receiver,period_1_receiving_yds,,0.5,0.5
DeMario Douglas,ef876de9-81ac-5e60-af6e-0ca1700f3a51,WR,Wide Receiver,period_1_receiving_rec,,0.5,0.5
DeMario Douglas,ef876de9-81ac-5e60-af6e-0ca1700f3a51,WR,Wide Receiver,period_1_2_rush_rec_tds,,0.5,0.5
DeMario Douglas,ef876de9-81ac-5e60-af6e-0ca1700f3a51,WR,Wide Receiver,period_1_2_receiving_yds,,5.5,5.5
DeMario Douglas,ef876de9-81ac-5e60-af6e-0ca1700f3a51,WR,Wide Receiver,period_1_2_receiving_rec,,0.5,0.5
DeMario Douglas,ef876de9-81ac-5e60-af6e-0ca1700f3a51,WR,Wide Receiver,game_high_receiving_yards,,0.5,0.5
Rashid Shaheed,31631011-5902-52f6-ba01-c4c8d8eb3fd9,WR,Wide Receiver,rush_rec_tds,,0.5,0.5
Rashid Shaheed,31631011-5902-52f6-ba01-c4c8d8eb3fd9,WR,Wide Receiver,rushing_yds,,2.5,2.5
Rashid Shaheed,31631011-5902-52f6-ba01-c4c8d8eb3fd9,WR,Wide Receiver,receiving_yds,,31.5,31.5
Rashid Shaheed,31631011-5902-52f6-ba01-c4c8d8eb3fd9,WR,Wide Receiver,rush_rec_yds,,35.5,35.5
Rashid Shaheed,31631011-5902-52f6-ba01-c4c8d8eb3fd9,WR,Wide Receiver,receiving_rec,,2.5,2.5
Rashid Shaheed,31631011-5902-52f6-ba01-c4c8d8eb3fd9,WR,Wide Receiver,rushing_att,,0.5,0.5
Rashid Shaheed,31631011-5902-52f6-ba01-c4c8d8eb3fd9,WR,Wide Receiver,receiving_tgts,,8.5,8.5
Rashid Shaheed,31631011-5902-52f6-ba01-c4c8d8eb3fd9,WR,Wide Receiver,receiving_tgts,,6.5,6.5
Rashid Shaheed,31631011-5902-52f6-ba01-c4c8d8eb3fd9,WR,Wide Receiver,receiving_tgts,,4.5,4.5
Rashid Shaheed,31631011-5902-52f6-ba01-c4c8d8eb3fd9,WR,Wide Receiver,receiving_tgts,,5.5,5.5
Rashid Shaheed,31631011-5902-52f6-ba01-c4c8d8eb3fd9,WR,Wide Receiver,receiving_tgts,,3.5,3.5
Rashid Shaheed,31631011-5902-52f6-ba01-c4c8d8eb3fd9,WR,Wide Receiver,receiving_tgts,,7.5,7.5
Rashid Shaheed,31631011-5902-52f6-ba01-c4c8d8eb3fd9,WR,Wide Receiver,receiving_long,,18.5,18.5
Rashid Shaheed,31631011-5902-52f6-ba01-c4c8d8eb3fd9,WR,Wide Receiver,period_first_touchdown_scored,,0.5,0.5
Rashid Shaheed,31631011-5902-52f6-ba01-c4c8d8eb3fd9,WR,Wide Receiver,period_1_rush_rec_tds,,0.5,0.5
Rashid Shaheed,31631011-5902-52f6-ba01-c4c8d8eb3fd9,WR,Wide Receiver,period_1_receiving_yds,,0.5,0.5
Rashid Shaheed,31631011-5902-52f6-ba01-c4c8d8eb3fd9,WR,Wide Receiver,period_1_receiving_rec,,0.5,0.5
Rashid Shaheed,31631011-5902-52f6-ba01-c4c8d8eb3fd9,WR,Wide Receiver,period_1_2_rush_rec_tds,,0.5,0.5
Rashid Shaheed,31631011-5902-52f6-ba01-c4c8d8eb3fd9,WR,Wide Receiver,period_1_2_receiving_yds,,11.5,11.5
Rashid Shaheed,31631011-5902-52f6-ba01-c4c8d8eb3fd9,WR,Wide Receiver,25_rec_yds_each_half,,0.5,0.5
Rashid Shaheed,31631011-5902-52f6-ba01-c4c8d8eb3fd9,WR,Wide Receiver,period_1_2_receiving_rec,,1.5,1.5
Rashid Shaheed,31631011-5902-52f6-ba01-c4c8d8eb3fd9,WR,Wide Receiver,game_high_receiving_yards,,0.5,0.5
Rashid Shaheed,31631011-5902-52f6-ba01-c4c8d8eb3fd9,WR,Wide Receiver,fumbles_lost,,0.5,0.5
Emanuel Wilson,31631011-5902-52f6-ba01-c4c8d8eb3fd9,RB,Running Back,rush_rec_tds,,0.5,0.5
AJ Barner,31631011-5902-52f6-ba01-c4c8d8eb3fd9,TE,Tight End,rush_rec_tds,,0.5,0.5
AJ Barner,31631011-5902-52f6-ba01-c4c8d8eb3fd9,TE,Tight End,receiving_yds,,24.5,24.5
AJ Barner,31631011-5902-52f6-ba01-c4c8d8eb3fd9,TE,Tight End,receiving_rec,,2.5,2.5
AJ Barner,31631011-5902-52f6-ba01-c4c8d8eb3fd9,TE,Tight End,receiving_tgts,,3.5,3.5
AJ Barner,31631011-5902-52f6-ba01-c4c8d8eb3fd9,TE,Tight End,receiving_tgts,,4.5,4.5
AJ Barner,31631011-5902-52f6-ba01-c4c8d8eb3fd9,TE,Tight End,receiving_tgts,,8.5,8.5
AJ Barner,31631011-5902-52f6-ba01-c4c8d8eb3fd9,TE,Tight End,receiving_tgts,,5.5,5.5
AJ Barner,31631011-5902-52f6-ba01-c4c8d8eb3fd9,TE,Tight End,receiving_tgts,,7.5,7.5
AJ Barner,31631011-5902-52f6-ba01-c4c8d8eb3fd9,TE,Tight End,receiving_tgts,,6.5,6.5
AJ Barner,31631011-5902-52f6-ba01-c4c8d8eb3fd9,TE,Tight End,receiving_long,,13.5,13.5
Emanuel Wilson,31631011-5902-52f6-ba01-c4c8d8eb3fd9,RB,Running Back,period_first_touchdown_scored,,0.5,0.5
AJ Barner,31631011-5902-52f6-ba01-c4c8d8eb3fd9,TE,Tight End,period_first_touchdown_scored,,0.5,0.5
Emanuel Wilson,31631011-5902-52f6-ba01-c4c8d8eb3fd9,RB,Running Back,period_1_rush_rec_tds,,0.5,0.5
Emanuel Wilson,31631011-5902-52f6-ba01-c4c8d8eb3fd9,RB,Running Back,period_1_2_rush_rec_tds,,0.5,0.5
Elijah Arroyo,31631011-5902-52f6-ba01-c4c8d8eb3fd9,TE,Tight End,rush_rec_tds,,0.5,0.5
Tory Horton,31631011-5902-52f6-ba01-c4c8d8eb3fd9,WR,Wide Receiver,rush_rec_tds,,0.5,0.5
Elijah Arroyo,31631011-5902-52f6-ba01-c4c8d8eb3fd9,TE,Tight End,period_first_touchdown_scored,,0.5,0.5
Tory Horton,31631011-5902-52f6-ba01-c4c8d8eb3fd9,WR,Wide Receiver,period_1_2_rush_rec_tds,,0.5,0.5
Sam Darnold,31631011-5902-52f6-ba01-c4c8d8eb3fd9,QB,Quarterback,rush_rec_tds,,0.5,0.5
Sam Darnold,31631011-5902-52f6-ba01-c4c8d8eb3fd9,QB,Quarterback,rushing_yds,,5.5,5.5
Sam Darnold,31631011-5902-52f6-ba01-c4c8d8eb3fd9,QB,Quarterback,passing_yds,,228.5,228.5
Sam Darnold,31631011-5902-52f6-ba01-c4c8d8eb3fd9,QB,Quarterback,passing_tds,,1.5,1.5
Sam Darnold,31631011-5902-52f6-ba01-c4c8d8eb3fd9,QB,Quarterback,rushing_att,,2.5,2.5
Sam Darnold,31631011-5902-52f6-ba01-c4c8d8eb3fd9,QB,Quarterback,period_1_passing_yds,,48.5,48.5
Sam Darnold,31631011-5902-52f6-ba01-c4c8d8eb3fd9,QB,Quarterback,passing_and_rushing_yds,,237.5,237.5
Sam Darnold,31631011-5902-52f6-ba01-c4c8d8eb3fd9,QB,Quarterback,passing_comps,,20.5,20.5
Sam Darnold,31631011-5902-52f6-ba01-c4c8d8eb3fd9,QB,Quarterback,passing_att,,30.5,30.5
Sam Darnold,31631011-5902-52f6-ba01-c4c8d8eb3fd9,QB,Quarterback,passing_ints,,0.5,0.5
Sam Darnold,31631011-5902-52f6-ba01-c4c8d8eb3fd9,QB,Quarterback,rushing_long,,5.5,5.5
Sam Darnold,31631011-5902-52f6-ba01-c4c8d8eb3fd9,QB,Quarterback,passing_long,,36.5,36.5
Sam Darnold,31631011-5902-52f6-ba01-c4c8d8eb3fd9,QB,Quarterback,fantasy_points,,16.55,16.55
Sam Darnold,31631011-5902-52f6-ba01-c4c8d8eb3fd9,QB,Quarterback,fantasy_points,,21.05,21.05
Sam Darnold,31631011-5902-52f6-ba01-c4c8d8eb3fd9,QB,Quarterback,fantasy_points,,25.05,25.05
Sam Darnold,31631011-5902-52f6-ba01-c4c8d8eb3fd9,QB,Quarterback,period_1_passing_tds,,0.5,0.5
Sam Darnold,31631011-5902-52f6-ba01-c4c8d8eb3fd9,QB,Quarterback,period_1_rushing_yds,,0.5,0.5
Sam Darnold,31631011-5902-52f6-ba01-c4c8d8eb3fd9,QB,Quarterback,period_1_2_rush_rec_tds,,0.5,0.5
Sam Darnold,31631011-5902-52f6-ba01-c4c8d8eb3fd9,QB,Quarterback,period_1_2_passing_yds,,114.5,114.5
Sam Darnold,31631011-5902-52f6-ba01-c4c8d8eb3fd9,QB,Quarterback,period_1_2_rushing_yds,,1.5,1.5
Sam Darnold,31631011-5902-52f6-ba01-c4c8d8eb3fd9,QB,Quarterback,period_1_2_passing_tds,,0.5,0.5
Sam Darnold,31631011-5902-52f6-ba01-c4c8d8eb3fd9,QB,Quarterback,25_pass_yds_each_quarter,,0.5,0.5
Sam Darnold,31631011-5902-52f6-ba01-c4c8d8eb3fd9,QB,Quarterback,100_pass_yds_each_half,,0.5,0.5
Sam Darnold,31631011-5902-52f6-ba01-c4c8d8eb3fd9,QB,Quarterback,50_pass_yds_each_quarter,,0.5,0.5
Sam Darnold,31631011-5902-52f6-ba01-c4c8d8eb3fd9,QB,Quarterback,150_pass_yds_each_half,,0.5,0.5
Sam Darnold,31631011-5902-52f6-ba01-c4c8d8eb3fd9,QB,Quarterback,game_high_passing_yards,,0.5,0.5
Sam Darnold,31631011-5902-52f6-ba01-c4c8d8eb3fd9,QB,Quarterback,fumbles_lost,,0.5,0.5
Hassan Haskins,ef876de9-81ac-5e60-af6e-0ca1700f3a51,RB,Running Back,rush_rec_tds,,0.5,0.5
Kyle Williams,ef876de9-81ac-5e60-af6e-0ca1700f3a51,WR,Wide Receiver,rush_rec_tds,,0.5,0.5
Kyle Williams,ef876de9-81ac-5e60-af6e-0ca1700f3a51,WR,Wide Receiver,period_1_2_rush_rec_tds,,0.5,0.5
Mack Hollins,ef876de9-81ac-5e60-af6e-0ca1700f3a51,WR,Wide Receiver,rush_rec_tds,,0.5,0.5
Mack Hollins,ef876de9-81ac-5e60-af6e-0ca1700f3a51,WR,Wide Receiver,period_1_2_rush_rec_tds,,0.5,0.5
Jake Bobo,31631011-5902-52f6-ba01-c4c8d8eb3fd9,WR,Wide Receiver,rush_rec_tds,,0.5,0.5
Efton Chism,ef876de9-81ac-5e60-af6e-0ca1700f3a51,WR,Wide Receiver,rush_rec_tds,,0.5,0.5
Brady Russell,31631011-5902-52f6-ba01-c4c8d8eb3fd9,FB,Full Back,rush_rec_tds,,0.5,0.5
Eric Saubert,31631011-5902-52f6-ba01-c4c8d8eb3fd9,TE,Tight End,rush_rec_tds,,0.5,0.5
Jadarian Price,31631011-5902-52f6-ba01-c4c8d8eb3fd9,RB,Running Back,rush_rec_tds,,0.5,0.5
Montorie Foster,31631011-5902-52f6-ba01-c4c8d8eb3fd9,WR,Wide Receiver,rush_rec_tds,,0.5,0.5
Eli Raridon,ef876de9-81ac-5e60-af6e-0ca1700f3a51,TE,Tight End,rush_rec_tds,,0.5,0.5
Corey Kiner,ef876de9-81ac-5e60-af6e-0ca1700f3a51,RB,Running Back,rush_rec_tds,,0.5,0.5
George Holani,31631011-5902-52f6-ba01-c4c8d8eb3fd9,RB,Running Back,rush_rec_tds,,0.5,0.5
George Holani,31631011-5902-52f6-ba01-c4c8d8eb3fd9,RB,Running Back,rushing_yds,,19.5,19.5
Jadarian Price,31631011-5902-52f6-ba01-c4c8d8eb3fd9,RB,Running Back,rushing_yds,,52.5,52.5
Jadarian Price,31631011-5902-52f6-ba01-c4c8d8eb3fd9,RB,Running Back,rush_rec_yds,,64.5,64.5
George Holani,31631011-5902-52f6-ba01-c4c8d8eb3fd9,RB,Running Back,receiving_yds,,10.5,10.5
Jadarian Price,31631011-5902-52f6-ba01-c4c8d8eb3fd9,RB,Running Back,receiving_yds,,8.5,8.5
George Holani,31631011-5902-52f6-ba01-c4c8d8eb3fd9,RB,Running Back,rush_rec_yds,,34.5,34.5
George Holani,31631011-5902-52f6-ba01-c4c8d8eb3fd9,RB,Running Back,receiving_rec,,1.5,1.5
Jadarian Price,31631011-5902-52f6-ba01-c4c8d8eb3fd9,RB,Running Back,receiving_rec,,1.5,1.5
Jadarian Price,31631011-5902-52f6-ba01-c4c8d8eb3fd9,RB,Running Back,rushing_att,,13.5,13.5
George Holani,31631011-5902-52f6-ba01-c4c8d8eb3fd9,RB,Running Back,receiving_tgts,,3.5,3.5
George Holani,31631011-5902-52f6-ba01-c4c8d8eb3fd9,RB,Running Back,receiving_tgts,,1.5,1.5
George Holani,31631011-5902-52f6-ba01-c4c8d8eb3fd9,RB,Running Back,receiving_tgts,,5.5,5.5
George Holani,31631011-5902-52f6-ba01-c4c8d8eb3fd9,RB,Running Back,receiving_tgts,,2.5,2.5
George Holani,31631011-5902-52f6-ba01-c4c8d8eb3fd9,RB,Running Back,receiving_tgts,,4.5,4.5
Jadarian Price,31631011-5902-52f6-ba01-c4c8d8eb3fd9,RB,Running Back,receiving_long,,5.5,5.5
George Holani,31631011-5902-52f6-ba01-c4c8d8eb3fd9,RB,Running Back,receiving_long,,7.5,7.5
George Holani,31631011-5902-52f6-ba01-c4c8d8eb3fd9,RB,Running Back,rushing_long,,8.5,8.5
Jadarian Price,31631011-5902-52f6-ba01-c4c8d8eb3fd9,RB,Running Back,rushing_long,,12.5,12.5
George Holani,31631011-5902-52f6-ba01-c4c8d8eb3fd9,RB,Running Back,period_first_touchdown_scored,,0.5,0.5
Corey Kiner,ef876de9-81ac-5e60-af6e-0ca1700f3a51,RB,Running Back,period_first_touchdown_scored,,0.5,0.5
Jadarian Price,31631011-5902-52f6-ba01-c4c8d8eb3fd9,RB,Running Back,period_first_touchdown_scored,,0.5,0.5
Jadarian Price,31631011-5902-52f6-ba01-c4c8d8eb3fd9,RB,Running Back,last_touchdown_scored,,0.5,0.5
Andy Borregales,ef876de9-81ac-5e60-af6e-0ca1700f3a51,K,Kicker,field_goals_made,,1.5,1.5
Jason Myers,31631011-5902-52f6-ba01-c4c8d8eb3fd9,K,Kicker,field_goals_made,,1.5,1.5
Andy Borregales,ef876de9-81ac-5e60-af6e-0ca1700f3a51,K,Kicker,kicking_points,,6.5,6.5
Jason Myers,31631011-5902-52f6-ba01-c4c8d8eb3fd9,K,Kicker,kicking_points,,7.5,7.5
Andy Borregales,ef876de9-81ac-5e60-af6e-0ca1700f3a51,K,Kicker,extra_points_made,,1.5,1.5
Jason Myers,31631011-5902-52f6-ba01-c4c8d8eb3fd9,K,Kicker,extra_points_made,,2.5,2.5
Milton Williams,ef876de9-81ac-5e60-af6e-0ca1700f3a51,DT,Defensive Tackle,sacks,,0.5,0.5
Josh Jobe,31631011-5902-52f6-ba01-c4c8d8eb3fd9,CB,Cornerback,sacks,,0.5,0.5
Byron Murphy,31631011-5902-52f6-ba01-c4c8d8eb3fd9,DT,Defensive Tackle,sacks,,0.5,0.5
Uchenna Nwosu,31631011-5902-52f6-ba01-c4c8d8eb3fd9,LB,Linebacker,sacks,,0.5,0.5
Elijah Ponder,ef876de9-81ac-5e60-af6e-0ca1700f3a51,LB,Linebacker,sacks,,0.5,0.5
DeMarcus Lawrence,31631011-5902-52f6-ba01-c4c8d8eb3fd9,LB,Linebacker,sacks,,0.5,0.5
Derick Hall,31631011-5902-52f6-ba01-c4c8d8eb3fd9,OLB,Outside Linebacker,sacks,,0.5,0.5
Christian Barmore,ef876de9-81ac-5e60-af6e-0ca1700f3a51,DT,Defensive Tackle,sacks,,0.5,0.5
Dre'Mont Jones,ef876de9-81ac-5e60-af6e-0ca1700f3a51,DE,Defensive End,sacks,,0.5,0.5
Leonard Williams,31631011-5902-52f6-ba01-c4c8d8eb3fd9,DT,Defensive Tackle,sacks,,0.5,0.5
Ernest Jones,31631011-5902-52f6-ba01-c4c8d8eb3fd9,LB,Linebacker,tackles_and_assists,,8.5,8.5
Devon Witherspoon,31631011-5902-52f6-ba01-c4c8d8eb3fd9,CB,Cornerback,tackles_and_assists,,5.5,5.5
Robert Spillane,ef876de9-81ac-5e60-af6e-0ca1700f3a51,LB,Linebacker,tackles_and_assists,,7.5,7.5
DeMarcus Lawrence,31631011-5902-52f6-ba01-c4c8d8eb3fd9,LB,Linebacker,tackles_and_assists,,2.5,2.5
Marcus Jones,ef876de9-81ac-5e60-af6e-0ca1700f3a51,CB,Cornerback,tackles_and_assists,,3.5,3.5
Josh Jobe,31631011-5902-52f6-ba01-c4c8d8eb3fd9,CB,Cornerback,tackles_and_assists,,3.5,3.5
Kevin Byard,ef876de9-81ac-5e60-af6e-0ca1700f3a51,SAF,Safety,tackles_and_assists,,5.5,5.5
Julian Love,31631011-5902-52f6-ba01-c4c8d8eb3fd9,FS,Free Safety,tackles_and_assists,,4.5,4.5
Byron Murphy,31631011-5902-52f6-ba01-c4c8d8eb3fd9,DT,Defensive Tackle,tackles_and_assists,,2.5,2.5
Leonard Williams,31631011-5902-52f6-ba01-c4c8d8eb3fd9,DT,Defensive Tackle,tackles_and_assists,,2.5,2.5
Christian Gonzalez,ef876de9-81ac-5e60-af6e-0ca1700f3a51,CB,Cornerback,tackles_and_assists,,4.5,4.5
Craig Woodson,ef876de9-81ac-5e60-af6e-0ca1700f3a51,SAF,Safety,tackles_and_assists,,5.5,5.5
Kevin Byard,ef876de9-81ac-5e60-af6e-0ca1700f3a51,SAF,Safety,assists,,1.5,1.5
Marcus Jones,ef876de9-81ac-5e60-af6e-0ca1700f3a51,CB,Cornerback,assists,,1.5,1.5
Julian Love,31631011-5902-52f6-ba01-c4c8d8eb3fd9,FS,Free Safety,assists,,1.5,1.5
Craig Woodson,ef876de9-81ac-5e60-af6e-0ca1700f3a51,SAF,Safety,assists,,2.5,2.5
Josh Jobe,31631011-5902-52f6-ba01-c4c8d8eb3fd9,CB,Cornerback,assists,,0.5,0.5
Leonard Williams,31631011-5902-52f6-ba01-c4c8d8eb3fd9,DT,Defensive Tackle,assists,,1.5,1.5
Devon Witherspoon,31631011-5902-52f6-ba01-c4c8d8eb3fd9,CB,Cornerback,assists,,1.5,1.5
Ernest Jones,31631011-5902-52f6-ba01-c4c8d8eb3fd9,LB,Linebacker,assists,,3.5,3.5
Byron Murphy,31631011-5902-52f6-ba01-c4c8d8eb3fd9,DT,Defensive Tackle,assists,,1.5,1.5
Robert Spillane,ef876de9-81ac-5e60-af6e-0ca1700f3a51,LB,Linebacker,assists,,3.5,3.5
Christian Gonzalez,ef876de9-81ac-5e60-af6e-0ca1700f3a51,CB,Cornerback,assists,,0.5,0.5
DeMarcus Lawrence,31631011-5902-52f6-ba01-c4c8d8eb3fd9,LB,Linebacker,assists,,1.5,1.5
Marcus Jones,ef876de9-81ac-5e60-af6e-0ca1700f3a51,CB,Cornerback,tackles,,2.5,2.5
Josh Jobe,31631011-5902-52f6-ba01-c4c8d8eb3fd9,CB,Cornerback,tackles,,2.5,2.5
Craig Woodson,ef876de9-81ac-5e60-af6e-0ca1700f3a51,SAF,Safety,tackles,,2.5,2.5
Robert Spillane,ef876de9-81ac-5e60-af6e-0ca1700f3a51,LB,Linebacker,tackles,,3.5,3.5
Ernest Jones,31631011-5902-52f6-ba01-c4c8d8eb3fd9,LB,Linebacker,tackles,,4.5,4.5
Christian Gonzalez,ef876de9-81ac-5e60-af6e-0ca1700f3a51,CB,Cornerback,tackles,,3.5,3.5
Leonard Williams,31631011-5902-52f6-ba01-c4c8d8eb3fd9,DT,Defensive Tackle,tackles,,1.5,1.5
Jadarian Price,31631011-5902-52f6-ba01-c4c8d8eb3fd9,RB,Running Back,fantasy_points,,13.75,13.75
Julian Love,31631011-5902-52f6-ba01-c4c8d8eb3fd9,FS,Free Safety,tackles,,2.5,2.5
DeMarcus Lawrence,31631011-5902-52f6-ba01-c4c8d8eb3fd9,LB,Linebacker,tackles,,1.5,1.5
Jadarian Price,31631011-5902-52f6-ba01-c4c8d8eb3fd9,RB,Running Back,fantasy_points,,9.75,9.75
Devon Witherspoon,31631011-5902-52f6-ba01-c4c8d8eb3fd9,CB,Cornerback,tackles,,4.5,4.5
Byron Murphy,31631011-5902-52f6-ba01-c4c8d8eb3fd9,DT,Defensive Tackle,tackles,,1.5,1.5
Jadarian Price,31631011-5902-52f6-ba01-c4c8d8eb3fd9,RB,Running Back,fantasy_points,,17.75,17.75
Kevin Byard,ef876de9-81ac-5e60-af6e-0ca1700f3a51,SAF,Safety,tackles,,3.5,3.5
Corey Kiner,ef876de9-81ac-5e60-af6e-0ca1700f3a51,RB,Running Back,period_1_rush_rec_tds,,0.5,0.5
George Holani,31631011-5902-52f6-ba01-c4c8d8eb3fd9,RB,Running Back,period_1_rush_rec_tds,,0.5,0.5
Jadarian Price,31631011-5902-52f6-ba01-c4c8d8eb3fd9,RB,Running Back,period_1_rush_rec_tds,,0.5,0.5
George Holani,31631011-5902-52f6-ba01-c4c8d8eb3fd9,RB,Running Back,period_1_receiving_yds,,0.5,0.5
Jadarian Price,31631011-5902-52f6-ba01-c4c8d8eb3fd9,RB,Running Back,period_1_receiving_yds,,0.5,0.5
Jadarian Price,31631011-5902-52f6-ba01-c4c8d8eb3fd9,RB,Running Back,period_1_receiving_rec,,0.5,0.5
George Holani,31631011-5902-52f6-ba01-c4c8d8eb3fd9,RB,Running Back,period_1_receiving_rec,,0.5,0.5
George Holani,31631011-5902-52f6-ba01-c4c8d8eb3fd9,RB,Running Back,period_1_rushing_yds,,2.5,2.5
Jadarian Price,31631011-5902-52f6-ba01-c4c8d8eb3fd9,RB,Running Back,period_1_rushing_yds,,10.5,10.5
Eli Raridon,ef876de9-81ac-5e60-af6e-0ca1700f3a51,TE,Tight End,period_1_2_rush_rec_tds,,0.5,0.5
Jadarian Price,31631011-5902-52f6-ba01-c4c8d8eb3fd9,RB,Running Back,period_1_2_rush_rec_tds,,0.5,0.5
Robert Spillane,ef876de9-81ac-5e60-af6e-0ca1700f3a51,LB,Linebacker,defensive_ints,,0.5,0.5
Ernest Jones,31631011-5902-52f6-ba01-c4c8d8eb3fd9,LB,Linebacker,defensive_ints,,0.5,0.5
Josh Jobe,31631011-5902-52f6-ba01-c4c8d8eb3fd9,CB,Cornerback,defensive_ints,,0.5,0.5
Kevin Byard,ef876de9-81ac-5e60-af6e-0ca1700f3a51,SAF,Safety,defensive_ints,,0.5,0.5
Carlton Davis,ef876de9-81ac-5e60-af6e-0ca1700f3a51,CB,Cornerback,defensive_ints,,0.5,0.5
Christian Elliss,ef876de9-81ac-5e60-af6e-0ca1700f3a51,LB,Linebacker,defensive_ints,,0.5,0.5
Christian Gonzalez,ef876de9-81ac-5e60-af6e-0ca1700f3a51,CB,Cornerback,defensive_ints,,0.5,0.5
Craig Woodson,ef876de9-81ac-5e60-af6e-0ca1700f3a51,SAF,Safety,defensive_ints,,0.5,0.5
Marcus Jones,ef876de9-81ac-5e60-af6e-0ca1700f3a51,CB,Cornerback,defensive_ints,,0.5,0.5
Devon Witherspoon,31631011-5902-52f6-ba01-c4c8d8eb3fd9,CB,Cornerback,defensive_ints,,0.5,0.5
George Holani,31631011-5902-52f6-ba01-c4c8d8eb3fd9,RB,Running Back,period_1_2_rush_rec_tds,,0.5,0.5
Drake Thomas,31631011-5902-52f6-ba01-c4c8d8eb3fd9,LB,Linebacker,defensive_ints,,0.5,0.5
Julian Love,31631011-5902-52f6-ba01-c4c8d8eb3fd9,FS,Free Safety,defensive_ints,,0.5,0.5
Corey Kiner,ef876de9-81ac-5e60-af6e-0ca1700f3a51,RB,Running Back,period_1_2_rush_rec_tds,,0.5,0.5
George Holani,31631011-5902-52f6-ba01-c4c8d8eb3fd9,RB,Running Back,period_1_2_receiving_yds,,2.5,2.5
Jadarian Price,31631011-5902-52f6-ba01-c4c8d8eb3fd9,RB,Running Back,period_1_2_receiving_yds,,0.5,0.5
Jadarian Price,31631011-5902-52f6-ba01-c4c8d8eb3fd9,RB,Running Back,period_1_2_rushing_yds,,23.5,23.5
George Holani,31631011-5902-52f6-ba01-c4c8d8eb3fd9,RB,Running Back,period_1_2_rushing_yds,,8.5,8.5
Jadarian Price,31631011-5902-52f6-ba01-c4c8d8eb3fd9,RB,Running Back,25_rush_yds_each_half,,0.5,0.5
George Holani,31631011-5902-52f6-ba01-c4c8d8eb3fd9,RB,Running Back,period_1_2_receiving_rec,,0.5,0.5
Jadarian Price,31631011-5902-52f6-ba01-c4c8d8eb3fd9,RB,Running Back,period_1_2_receiving_rec,,0.5,0.5
Jadarian Price,31631011-5902-52f6-ba01-c4c8d8eb3fd9,RB,Running Back,50_rush_yds_each_half,,0.5,0.5
George Holani,31631011-5902-52f6-ba01-c4c8d8eb3fd9,RB,Running Back,game_high_rushing_yards,,0.5,0.5
Jadarian Price,31631011-5902-52f6-ba01-c4c8d8eb3fd9,RB,Running Back,game_high_rushing_yards,,0.5,0.5
Jadarian Price,31631011-5902-52f6-ba01-c4c8d8eb3fd9,RB,Running Back,fumbles_lost,,0.5,0.5
George Holani,31631011-5902-52f6-ba01-c4c8d8eb3fd9,RB,Running Back,fumbles_lost,,0.5,0.5
Christian McCaffrey,7161e62b-de20-56e2-a300-0dc23637faaa,RB,Running Back,rush_rec_tds,,0.5,0.5
Christian McCaffrey,7161e62b-de20-56e2-a300-0dc23637faaa,RB,Running Back,rushing_yds,,59.5,59.5
Christian McCaffrey,7161e62b-de20-56e2-a300-0dc23637faaa,RB,Running Back,rush_rec_yds,,104.5,104.5
Christian McCaffrey,7161e62b-de20-56e2-a300-0dc23637faaa,RB,Running Back,receiving_yds,,37.5,37.5
Christian McCaffrey,7161e62b-de20-56e2-a300-0dc23637faaa,RB,Running Back,receiving_rec,,4.5,4.5
Christian McCaffrey,7161e62b-de20-56e2-a300-0dc23637faaa,RB,Running Back,rushing_att,,15.5,15.5
Christian McCaffrey,7161e62b-de20-56e2-a300-0dc23637faaa,RB,Running Back,receiving_tgts,,6.5,6.5
Christian McCaffrey,7161e62b-de20-56e2-a300-0dc23637faaa,RB,Running Back,receiving_tgts,,5.5,5.5
Christian McCaffrey,7161e62b-de20-56e2-a300-0dc23637faaa,RB,Running Back,receiving_tgts,,7.5,7.5
Christian McCaffrey,7161e62b-de20-56e2-a300-0dc23637faaa,RB,Running Back,receiving_tgts,,9.5,9.5
Christian McCaffrey,7161e62b-de20-56e2-a300-0dc23637faaa,RB,Running Back,receiving_tgts,,4.5,4.5
Christian McCaffrey,7161e62b-de20-56e2-a300-0dc23637faaa,RB,Running Back,receiving_tgts,,8.5,8.5
Christian McCaffrey,7161e62b-de20-56e2-a300-0dc23637faaa,RB,Running Back,receiving_long,,15.5,15.5
Christian McCaffrey,7161e62b-de20-56e2-a300-0dc23637faaa,RB,Running Back,rushing_long,,13.5,13.5
Christian McCaffrey,7161e62b-de20-56e2-a300-0dc23637faaa,RB,Running Back,period_first_touchdown_scored,,0.5,0.5
Christian McCaffrey,7161e62b-de20-56e2-a300-0dc23637faaa,RB,Running Back,last_touchdown_scored,,0.5,0.5
Christian McCaffrey,7161e62b-de20-56e2-a300-0dc23637faaa,RB,Running Back,fantasy_points,,19.85,19.85
Christian McCaffrey,7161e62b-de20-56e2-a300-0dc23637faaa,RB,Running Back,fantasy_points,,16.35,16.35
Christian McCaffrey,7161e62b-de20-56e2-a300-0dc23637faaa,RB,Running Back,fantasy_points,,23.85,23.85
Christian McCaffrey,7161e62b-de20-56e2-a300-0dc23637faaa,RB,Running Back,period_1_rush_rec_tds,,0.5,0.5
Christian McCaffrey,7161e62b-de20-56e2-a300-0dc23637faaa,RB,Running Back,period_1_receiving_yds,,5.5,5.5
Christian McCaffrey,7161e62b-de20-56e2-a300-0dc23637faaa,RB,Running Back,period_1_receiving_rec,,0.5,0.5
Christian McCaffrey,7161e62b-de20-56e2-a300-0dc23637faaa,RB,Running Back,period_1_rushing_yds,,13.5,13.5
Christian McCaffrey,7161e62b-de20-56e2-a300-0dc23637faaa,RB,Running Back,period_1_2_rush_rec_tds,,0.5,0.5
Christian McCaffrey,7161e62b-de20-56e2-a300-0dc23637faaa,RB,Running Back,period_1_2_receiving_yds,,16.5,16.5
Christian McCaffrey,7161e62b-de20-56e2-a300-0dc23637faaa,RB,Running Back,25_rush_yds_each_half,,0.5,0.5
Christian McCaffrey,7161e62b-de20-56e2-a300-0dc23637faaa,RB,Running Back,period_1_2_rushing_yds,,28.5,28.5
Christian McCaffrey,7161e62b-de20-56e2-a300-0dc23637faaa,RB,Running Back,period_1_2_receiving_rec,,2.5,2.5
Christian McCaffrey,7161e62b-de20-56e2-a300-0dc23637faaa,RB,Running Back,50_rush_yds_each_half,,0.5,0.5
Christian McCaffrey,7161e62b-de20-56e2-a300-0dc23637faaa,RB,Running Back,game_high_receiving_yards,,0.5,0.5
Christian McCaffrey,7161e62b-de20-56e2-a300-0dc23637faaa,RB,Running Back,game_high_rushing_yards,,0.5,0.5
Christian McCaffrey,7161e62b-de20-56e2-a300-0dc23637faaa,RB,Running Back,fumbles_lost,,0.5,0.5
Kyren Williams,d150534e-6a05-587b-b9e3-50ef86602e20,RB,Running Back,rush_rec_tds,,0.5,0.5
Kyren Williams,d150534e-6a05-587b-b9e3-50ef86602e20,RB,Running Back,rushing_yds,,55.5,55.5
Kyren Williams,d150534e-6a05-587b-b9e3-50ef86602e20,RB,Running Back,rush_rec_yds,,73.5,73.5
Kyren Williams,d150534e-6a05-587b-b9e3-50ef86602e20,RB,Running Back,receiving_yds,,10.5,10.5
Kyren Williams,d150534e-6a05-587b-b9e3-50ef86602e20,RB,Running Back,receiving_rec,,1.5,1.5
Kyren Williams,d150534e-6a05-587b-b9e3-50ef86602e20,RB,Running Back,rushing_att,,13.5,13.5
Kyren Williams,d150534e-6a05-587b-b9e3-50ef86602e20,RB,Running Back,receiving_tgts,,3.5,3.5
Kyren Williams,d150534e-6a05-587b-b9e3-50ef86602e20,RB,Running Back,receiving_tgts,,2.5,2.5
Kyren Williams,d150534e-6a05-587b-b9e3-50ef86602e20,RB,Running Back,receiving_tgts,,5.5,5.5
Kyren Williams,d150534e-6a05-587b-b9e3-50ef86602e20,RB,Running Back,receiving_tgts,,4.5,4.5
Kyren Williams,d150534e-6a05-587b-b9e3-50ef86602e20,RB,Running Back,receiving_tgts,,1.5,1.5
Kyren Williams,d150534e-6a05-587b-b9e3-50ef86602e20,RB,Running Back,receiving_long,,7.5,7.5
Kyren Williams,d150534e-6a05-587b-b9e3-50ef86602e20,RB,Running Back,rushing_long,,12.5,12.5
Kyren Williams,d150534e-6a05-587b-b9e3-50ef86602e20,RB,Running Back,period_first_touchdown_scored,,0.5,0.5
Kyren Williams,d150534e-6a05-587b-b9e3-50ef86602e20,RB,Running Back,last_touchdown_scored,,0.5,0.5
Kyren Williams,d150534e-6a05-587b-b9e3-50ef86602e20,RB,Running Back,fantasy_points,,11.55,11.55
Kyren Williams,d150534e-6a05-587b-b9e3-50ef86602e20,RB,Running Back,fantasy_points,,15.55,15.55
Kyren Williams,d150534e-6a05-587b-b9e3-50ef86602e20,RB,Running Back,fantasy_points,,19.55,19.55
Kyren Williams,d150534e-6a05-587b-b9e3-50ef86602e20,RB,Running Back,period_1_rush_rec_tds,,0.5,0.5
Kyren Williams,d150534e-6a05-587b-b9e3-50ef86602e20,RB,Running Back,period_1_receiving_yds,,0.5,0.5
Kyren Williams,d150534e-6a05-587b-b9e3-50ef86602e20,RB,Running Back,period_1_receiving_rec,,0.5,0.5
Kyren Williams,d150534e-6a05-587b-b9e3-50ef86602e20,RB,Running Back,period_1_rushing_yds,,11.5,11.5
Kyren Williams,d150534e-6a05-587b-b9e3-50ef86602e20,RB,Running Back,period_1_2_rush_rec_tds,,0.5,0.5
Kyren Williams,d150534e-6a05-587b-b9e3-50ef86602e20,RB,Running Back,period_1_2_receiving_yds,,2.5,2.5
Kyren Williams,d150534e-6a05-587b-b9e3-50ef86602e20,RB,Running Back,25_rush_yds_each_half,,0.5,0.5
Kyren Williams,d150534e-6a05-587b-b9e3-50ef86602e20,RB,Running Back,period_1_2_rushing_yds,,25.5,25.5
Kyren Williams,d150534e-6a05-587b-b9e3-50ef86602e20,RB,Running Back,period_1_2_receiving_rec,,0.5,0.5
Kyren Williams,d150534e-6a05-587b-b9e3-50ef86602e20,RB,Running Back,50_rush_yds_each_half,,0.5,0.5
Kyren Williams,d150534e-6a05-587b-b9e3-50ef86602e20,RB,Running Back,game_high_rushing_yards,,0.5,0.5
Kyren Williams,d150534e-6a05-587b-b9e3-50ef86602e20,RB,Running Back,fumbles_lost,,0.5,0.5
Puka Nacua,d150534e-6a05-587b-b9e3-50ef86602e20,WR,Wide Receiver,rush_rec_tds,,0.5,0.5
Mike Evans,7161e62b-de20-56e2-a300-0dc23637faaa,WR,Wide Receiver,rush_rec_tds,,0.5,0.5
Puka Nacua,d150534e-6a05-587b-b9e3-50ef86602e20,WR,Wide Receiver,receiving_yds,,90.5,90.5
Mike Evans,7161e62b-de20-56e2-a300-0dc23637faaa,WR,Wide Receiver,receiving_yds,,48.5,48.5
Puka Nacua,d150534e-6a05-587b-b9e3-50ef86602e20,WR,Wide Receiver,receiving_rec,,7.5,7.5
Mike Evans,7161e62b-de20-56e2-a300-0dc23637faaa,WR,Wide Receiver,receiving_rec,,3.5,3.5
Mike Evans,7161e62b-de20-56e2-a300-0dc23637faaa,WR,Wide Receiver,receiving_tgts,,4.5,4.5
Mike Evans,7161e62b-de20-56e2-a300-0dc23637faaa,WR,Wide Receiver,receiving_tgts,,6.5,6.5
Puka Nacua,d150534e-6a05-587b-b9e3-50ef86602e20,WR,Wide Receiver,receiving_tgts,,13.5,13.5
Mike Evans,7161e62b-de20-56e2-a300-0dc23637faaa,WR,Wide Receiver,receiving_tgts,,8.5,8.5
Mike Evans,7161e62b-de20-56e2-a300-0dc23637faaa,WR,Wide Receiver,receiving_tgts,,5.5,5.5
Puka Nacua,d150534e-6a05-587b-b9e3-50ef86602e20,WR,Wide Receiver,receiving_tgts,,14.5,14.5
Puka Nacua,d150534e-6a05-587b-b9e3-50ef86602e20,WR,Wide Receiver,receiving_tgts,,11.5,11.5
Puka Nacua,d150534e-6a05-587b-b9e3-50ef86602e20,WR,Wide Receiver,receiving_tgts,,12.5,12.5
Puka Nacua,d150534e-6a05-587b-b9e3-50ef86602e20,WR,Wide Receiver,receiving_tgts,,10.5,10.5
Mike Evans,7161e62b-de20-56e2-a300-0dc23637faaa,WR,Wide Receiver,receiving_tgts,,7.5,7.5
Mike Evans,7161e62b-de20-56e2-a300-0dc23637faaa,WR,Wide Receiver,receiving_tgts,,9.5,9.5
Puka Nacua,d150534e-6a05-587b-b9e3-50ef86602e20,WR,Wide Receiver,receiving_tgts,,15.5,15.5
Puka Nacua,d150534e-6a05-587b-b9e3-50ef86602e20,WR,Wide Receiver,receiving_long,,27.5,27.5
Mike Evans,7161e62b-de20-56e2-a300-0dc23637faaa,WR,Wide Receiver,receiving_long,,19.5,19.5
Mike Evans,7161e62b-de20-56e2-a300-0dc23637faaa,WR,Wide Receiver,period_first_touchdown_scored,,0.5,0.5
Puka Nacua,d150534e-6a05-587b-b9e3-50ef86602e20,WR,Wide Receiver,period_first_touchdown_scored,,0.5,0.5
Puka Nacua,d150534e-6a05-587b-b9e3-50ef86602e20,WR,Wide Receiver,last_touchdown_scored,,0.5,0.5
Puka Nacua,d150534e-6a05-587b-b9e3-50ef86602e20,WR,Wide Receiver,fantasy_points,,22.85,22.85
Puka Nacua,d150534e-6a05-587b-b9e3-50ef86602e20,WR,Wide Receiver,fantasy_points,,18.85,18.85
Mike Evans,7161e62b-de20-56e2-a300-0dc23637faaa,WR,Wide Receiver,fantasy_points,,7.85,7.85
Puka Nacua,d150534e-6a05-587b-b9e3-50ef86602e20,WR,Wide Receiver,fantasy_points,,15.85,15.85
Mike Evans,7161e62b-de20-56e2-a300-0dc23637faaa,WR,Wide Receiver,fantasy_points,,15.85,15.85
Mike Evans,7161e62b-de20-56e2-a300-0dc23637faaa,WR,Wide Receiver,fantasy_points,,11.85,11.85
Mike Evans,7161e62b-de20-56e2-a300-0dc23637faaa,WR,Wide Receiver,period_1_rush_rec_tds,,0.5,0.5
Puka Nacua,d150534e-6a05-587b-b9e3-50ef86602e20,WR,Wide Receiver,period_1_rush_rec_tds,,0.5,0.5
Mike Evans,7161e62b-de20-56e2-a300-0dc23637faaa,WR,Wide Receiver,period_1_receiving_yds,,5.5,5.5
Puka Nacua,d150534e-6a05-587b-b9e3-50ef86602e20,WR,Wide Receiver,period_1_receiving_yds,,16.5,16.5
Puka Nacua,d150534e-6a05-587b-b9e3-50ef86602e20,WR,Wide Receiver,period_1_receiving_rec,,1.5,1.5
Mike Evans,7161e62b-de20-56e2-a300-0dc23637faaa,WR,Wide Receiver,period_1_receiving_rec,,0.5,0.5
Puka Nacua,d150534e-6a05-587b-b9e3-50ef86602e20,WR,Wide Receiver,period_1_2_rush_rec_tds,,0.5,0.5
Mike Evans,7161e62b-de20-56e2-a300-0dc23637faaa,WR,Wide Receiver,period_1_2_rush_rec_tds,,0.5,0.5
Mike Evans,7161e62b-de20-56e2-a300-0dc23637faaa,WR,Wide Receiver,period_1_2_receiving_yds,,20.5,20.5
Puka Nacua,d150534e-6a05-587b-b9e3-50ef86602e20,WR,Wide Receiver,25_rec_yds_each_half,,0.5,0.5
Mike Evans,7161e62b-de20-56e2-a300-0dc23637faaa,WR,Wide Receiver,25_rec_yds_each_half,,0.5,0.5
Puka Nacua,d150534e-6a05-587b-b9e3-50ef86602e20,WR,Wide Receiver,period_1_2_receiving_yds,,42.5,42.5
Puka Nacua,d150534e-6a05-587b-b9e3-50ef86602e20,WR,Wide Receiver,period_1_2_receiving_rec,,3.5,3.5
Mike Evans,7161e62b-de20-56e2-a300-0dc23637faaa,WR,Wide Receiver,period_1_2_receiving_rec,,1.5,1.5
Puka Nacua,d150534e-6a05-587b-b9e3-50ef86602e20,WR,Wide Receiver,50_rec_yds_each_half,,0.5,0.5
Mike Evans,7161e62b-de20-56e2-a300-0dc23637faaa,WR,Wide Receiver,50_rec_yds_each_half,,0.5,0.5
Puka Nacua,d150534e-6a05-587b-b9e3-50ef86602e20,WR,Wide Receiver,game_high_receiving_yards,,0.5,0.5
Mike Evans,7161e62b-de20-56e2-a300-0dc23637faaa,WR,Wide Receiver,game_high_receiving_yards,,0.5,0.5
Puka Nacua,d150534e-6a05-587b-b9e3-50ef86602e20,WR,Wide Receiver,fumbles_lost,,0.5,0.5
George Kittle,7161e62b-de20-56e2-a300-0dc23637faaa,TE,Tight End,rush_rec_tds,,0.5,0.5
George Kittle,7161e62b-de20-56e2-a300-0dc23637faaa,TE,Tight End,receiving_yds,,38.5,38.5
George Kittle,7161e62b-de20-56e2-a300-0dc23637faaa,TE,Tight End,receiving_rec,,3.5,3.5
George Kittle,7161e62b-de20-56e2-a300-0dc23637faaa,TE,Tight End,receiving_tgts,,6.5,6.5
George Kittle,7161e62b-de20-56e2-a300-0dc23637faaa,TE,Tight End,receiving_tgts,,5.5,5.5
George Kittle,7161e62b-de20-56e2-a300-0dc23637faaa,TE,Tight End,receiving_tgts,,10.5,10.5
George Kittle,7161e62b-de20-56e2-a300-0dc23637faaa,TE,Tight End,receiving_tgts,,7.5,7.5
George Kittle,7161e62b-de20-56e2-a300-0dc23637faaa,TE,Tight End,receiving_tgts,,8.5,8.5
George Kittle,7161e62b-de20-56e2-a300-0dc23637faaa,TE,Tight End,receiving_tgts,,9.5,9.5
George Kittle,7161e62b-de20-56e2-a300-0dc23637faaa,TE,Tight End,period_first_touchdown_scored,,0.5,0.5
George Kittle,7161e62b-de20-56e2-a300-0dc23637faaa,TE,Tight End,fantasy_points,,7.35,7.35
George Kittle,7161e62b-de20-56e2-a300-0dc23637faaa,TE,Tight End,fantasy_points,,15.35,15.35
George Kittle,7161e62b-de20-56e2-a300-0dc23637faaa,TE,Tight End,fantasy_points,,11.35,11.35
George Kittle,7161e62b-de20-56e2-a300-0dc23637faaa,TE,Tight End,period_1_rush_rec_tds,,0.5,0.5
George Kittle,7161e62b-de20-56e2-a300-0dc23637faaa,TE,Tight End,period_1_receiving_yds,,4.5,4.5
George Kittle,7161e62b-de20-56e2-a300-0dc23637faaa,TE,Tight End,period_1_receiving_rec,,0.5,0.5
George Kittle,7161e62b-de20-56e2-a300-0dc23637faaa,TE,Tight End,period_1_2_rush_rec_tds,,0.5,0.5
George Kittle,7161e62b-de20-56e2-a300-0dc23637faaa,TE,Tight End,25_rec_yds_each_half,,0.5,0.5
George Kittle,7161e62b-de20-56e2-a300-0dc23637faaa,TE,Tight End,period_1_2_receiving_yds,,16.5,16.5
George Kittle,7161e62b-de20-56e2-a300-0dc23637faaa,TE,Tight End,period_1_2_receiving_rec,,1.5,1.5
George Kittle,7161e62b-de20-56e2-a300-0dc23637faaa,TE,Tight End,game_high_receiving_yards,,0.5,0.5
Deebo Samuel,7161e62b-de20-56e2-a300-0dc23637faaa,WR,Wide Receiver,rush_rec_tds,,0.5,0.5
Deebo Samuel,7161e62b-de20-56e2-a300-0dc23637faaa,WR,Wide Receiver,receiving_yds,,29.5,29.5
Deebo Samuel,7161e62b-de20-56e2-a300-0dc23637faaa,WR,Wide Receiver,receiving_rec,,2.5,2.5
Deebo Samuel,7161e62b-de20-56e2-a300-0dc23637faaa,WR,Wide Receiver,receiving_tgts,,8.5,8.5
Deebo Samuel,7161e62b-de20-56e2-a300-0dc23637faaa,WR,Wide Receiver,receiving_tgts,,4.5,4.5
Deebo Samuel,7161e62b-de20-56e2-a300-0dc23637faaa,WR,Wide Receiver,receiving_tgts,,3.5,3.5
Deebo Samuel,7161e62b-de20-56e2-a300-0dc23637faaa,WR,Wide Receiver,receiving_tgts,,6.5,6.5
Deebo Samuel,7161e62b-de20-56e2-a300-0dc23637faaa,WR,Wide Receiver,receiving_tgts,,7.5,7.5
Deebo Samuel,7161e62b-de20-56e2-a300-0dc23637faaa,WR,Wide Receiver,receiving_tgts,,5.5,5.5
Deebo Samuel,7161e62b-de20-56e2-a300-0dc23637faaa,WR,Wide Receiver,receiving_long,,16.5,16.5
Deebo Samuel,7161e62b-de20-56e2-a300-0dc23637faaa,WR,Wide Receiver,period_first_touchdown_scored,,0.5,0.5
Deebo Samuel,7161e62b-de20-56e2-a300-0dc23637faaa,WR,Wide Receiver,period_1_rush_rec_tds,,0.5,0.5
Deebo Samuel,7161e62b-de20-56e2-a300-0dc23637faaa,WR,Wide Receiver,period_1_receiving_yds,,0.5,0.5
Deebo Samuel,7161e62b-de20-56e2-a300-0dc23637faaa,WR,Wide Receiver,period_1_receiving_rec,,0.5,0.5
Deebo Samuel,7161e62b-de20-56e2-a300-0dc23637faaa,WR,Wide Receiver,period_1_2_rush_rec_tds,,0.5,0.5
Deebo Samuel,7161e62b-de20-56e2-a300-0dc23637faaa,WR,Wide Receiver,period_1_2_receiving_yds,,11.5,11.5
Deebo Samuel,7161e62b-de20-56e2-a300-0dc23637faaa,WR,Wide Receiver,25_rec_yds_each_half,,0.5,0.5
Deebo Samuel,7161e62b-de20-56e2-a300-0dc23637faaa,WR,Wide Receiver,period_1_2_receiving_rec,,1.5,1.5
Deebo Samuel,7161e62b-de20-56e2-a300-0dc23637faaa,WR,Wide Receiver,game_high_receiving_yards,,0.5,0.5
Deebo Samuel,7161e62b-de20-56e2-a300-0dc23637faaa,WR,Wide Receiver,fumbles_lost,,0.5,0.5
Davante Adams,d150534e-6a05-587b-b9e3-50ef86602e20,WR,Wide Receiver,rush_rec_tds,,0.5,0.5
Davante Adams,d150534e-6a05-587b-b9e3-50ef86602e20,WR,Wide Receiver,receiving_yds,,51.5,51.5
Davante Adams,d150534e-6a05-587b-b9e3-50ef86602e20,WR,Wide Receiver,receiving_rec,,4.5,4.5
Davante Adams,d150534e-6a05-587b-b9e3-50ef86602e20,WR,Wide Receiver,receiving_tgts,,9.5,9.5
Davante Adams,d150534e-6a05-587b-b9e3-50ef86602e20,WR,Wide Receiver,receiving_tgts,,7.5,7.5
Davante Adams,d150534e-6a05-587b-b9e3-50ef86602e20,WR,Wide Receiver,receiving_tgts,,11.5,11.5
Davante Adams,d150534e-6a05-587b-b9e3-50ef86602e20,WR,Wide Receiver,receiving_tgts,,6.5,6.5
Davante Adams,d150534e-6a05-587b-b9e3-50ef86602e20,WR,Wide Receiver,receiving_tgts,,10.5,10.5
Davante Adams,d150534e-6a05-587b-b9e3-50ef86602e20,WR,Wide Receiver,receiving_tgts,,8.5,8.5
Davante Adams,d150534e-6a05-587b-b9e3-50ef86602e20,WR,Wide Receiver,receiving_long,,20.5,20.5
Davante Adams,d150534e-6a05-587b-b9e3-50ef86602e20,WR,Wide Receiver,last_touchdown_scored,,0.5,0.5
Davante Adams,d150534e-6a05-587b-b9e3-50ef86602e20,WR,Wide Receiver,fantasy_points,,13.35,13.35
Davante Adams,d150534e-6a05-587b-b9e3-50ef86602e20,WR,Wide Receiver,fantasy_points,,9.35,9.35
Davante Adams,d150534e-6a05-587b-b9e3-50ef86602e20,WR,Wide Receiver,fantasy_points,,17.35,17.35
Davante Adams,d150534e-6a05-587b-b9e3-50ef86602e20,WR,Wide Receiver,period_1_rush_rec_tds,,0.5,0.5
Davante Adams,d150534e-6a05-587b-b9e3-50ef86602e20,WR,Wide Receiver,period_1_receiving_yds,,7.5,7.5
Davante Adams,d150534e-6a05-587b-b9e3-50ef86602e20,WR,Wide Receiver,period_1_receiving_rec,,0.5,0.5
Davante Adams,d150534e-6a05-587b-b9e3-50ef86602e20,WR,Wide Receiver,period_1_2_rush_rec_tds,,0.5,0.5
Davante Adams,d150534e-6a05-587b-b9e3-50ef86602e20,WR,Wide Receiver,25_rec_yds_each_half,,0.5,0.5
Davante Adams,d150534e-6a05-587b-b9e3-50ef86602e20,WR,Wide Receiver,period_1_2_receiving_yds,,24.5,24.5
Davante Adams,d150534e-6a05-587b-b9e3-50ef86602e20,WR,Wide Receiver,period_1_2_receiving_rec,,2.5,2.5
Davante Adams,d150534e-6a05-587b-b9e3-50ef86602e20,WR,Wide Receiver,50_rec_yds_each_half,,0.5,0.5
Davante Adams,d150534e-6a05-587b-b9e3-50ef86602e20,WR,Wide Receiver,game_high_receiving_yards,,0.5,0.5
Davante Adams,d150534e-6a05-587b-b9e3-50ef86602e20,WR,Wide Receiver,fumbles_lost,,0.5,0.5
Tyler Higbee,d150534e-6a05-587b-b9e3-50ef86602e20,TE,Tight End,rush_rec_tds,,0.5,0.5
Tyler Higbee,d150534e-6a05-587b-b9e3-50ef86602e20,TE,Tight End,receiving_yds,,12.5,12.5
Tyler Higbee,d150534e-6a05-587b-b9e3-50ef86602e20,TE,Tight End,receiving_rec,,1.5,1.5
Tyler Higbee,d150534e-6a05-587b-b9e3-50ef86602e20,TE,Tight End,receiving_tgts,,4.5,4.5
Tyler Higbee,d150534e-6a05-587b-b9e3-50ef86602e20,TE,Tight End,receiving_tgts,,2.5,2.5
Tyler Higbee,d150534e-6a05-587b-b9e3-50ef86602e20,TE,Tight End,receiving_tgts,,1.5,1.5
Tyler Higbee,d150534e-6a05-587b-b9e3-50ef86602e20,TE,Tight End,receiving_tgts,,5.5,5.5
Tyler Higbee,d150534e-6a05-587b-b9e3-50ef86602e20,TE,Tight End,receiving_tgts,,3.5,3.5
Tyler Higbee,d150534e-6a05-587b-b9e3-50ef86602e20,TE,Tight End,receiving_tgts,,6.5,6.5
Tyler Higbee,d150534e-6a05-587b-b9e3-50ef86602e20,TE,Tight End,receiving_long,,9.5,9.5
Tyler Higbee,d150534e-6a05-587b-b9e3-50ef86602e20,TE,Tight End,period_first_touchdown_scored,,0.5,0.5
Tyler Higbee,d150534e-6a05-587b-b9e3-50ef86602e20,TE,Tight End,period_1_rush_rec_tds,,0.5,0.5
Tyler Higbee,d150534e-6a05-587b-b9e3-50ef86602e20,TE,Tight End,period_1_receiving_yds,,0.5,0.5
Tyler Higbee,d150534e-6a05-587b-b9e3-50ef86602e20,TE,Tight End,period_1_receiving_rec,,0.5,0.5
Tyler Higbee,d150534e-6a05-587b-b9e3-50ef86602e20,TE,Tight End,period_1_2_rush_rec_tds,,0.5,0.5
Tyler Higbee,d150534e-6a05-587b-b9e3-50ef86602e20,TE,Tight End,period_1_2_receiving_yds,,3.5,3.5
Tyler Higbee,d150534e-6a05-587b-b9e3-50ef86602e20,TE,Tight End,period_1_2_receiving_rec,,0.5,0.5
Jake Tonges,7161e62b-de20-56e2-a300-0dc23637faaa,TE,Tight End,receiving_tgts,,4.5,4.5
Jake Tonges,7161e62b-de20-56e2-a300-0dc23637faaa,TE,Tight End,receiving_tgts,,1.5,1.5
Jake Tonges,7161e62b-de20-56e2-a300-0dc23637faaa,TE,Tight End,receiving_tgts,,5.5,5.5
Jake Tonges,7161e62b-de20-56e2-a300-0dc23637faaa,TE,Tight End,receiving_tgts,,6.5,6.5
Jake Tonges,7161e62b-de20-56e2-a300-0dc23637faaa,TE,Tight End,receiving_tgts,,3.5,3.5
Jake Tonges,7161e62b-de20-56e2-a300-0dc23637faaa,TE,Tight End,receiving_tgts,,2.5,2.5
Brock Purdy,7161e62b-de20-56e2-a300-0dc23637faaa,QB,Quarterback,rush_rec_tds,,0.5,0.5
Brock Purdy,7161e62b-de20-56e2-a300-0dc23637faaa,QB,Quarterback,rushing_yds,,17.5,17.5
Brock Purdy,7161e62b-de20-56e2-a300-0dc23637faaa,QB,Quarterback,passing_yds,,246.5,246.5
Brock Purdy,7161e62b-de20-56e2-a300-0dc23637faaa,QB,Quarterback,passing_tds,,1.5,1.5
Brock Purdy,7161e62b-de20-56e2-a300-0dc23637faaa,QB,Quarterback,rushing_att,,3.5,3.5
Brock Purdy,7161e62b-de20-56e2-a300-0dc23637faaa,QB,Quarterback,period_1_passing_yds,,49.5,49.5
Brock Purdy,7161e62b-de20-56e2-a300-0dc23637faaa,QB,Quarterback,passing_and_rushing_yds,,265.5,265.5
Brock Purdy,7161e62b-de20-56e2-a300-0dc23637faaa,QB,Quarterback,passing_comps,,21.5,21.5
Brock Purdy,7161e62b-de20-56e2-a300-0dc23637faaa,QB,Quarterback,passing_att,,33.5,33.5
Brock Purdy,7161e62b-de20-56e2-a300-0dc23637faaa,QB,Quarterback,passing_ints,,0.5,0.5
Brock Purdy,7161e62b-de20-56e2-a300-0dc23637faaa,QB,Quarterback,rushing_long,,9.5,9.5
Brock Purdy,7161e62b-de20-56e2-a300-0dc23637faaa,QB,Quarterback,passing_long,,34.5,34.5
Brock Purdy,7161e62b-de20-56e2-a300-0dc23637faaa,QB,Quarterback,period_first_touchdown_scored,,0.5,0.5
Brock Purdy,7161e62b-de20-56e2-a300-0dc23637faaa,QB,Quarterback,fantasy_points,,25.75,25.75
Brock Purdy,7161e62b-de20-56e2-a300-0dc23637faaa,QB,Quarterback,fantasy_points,,21.75,21.75
Brock Purdy,7161e62b-de20-56e2-a300-0dc23637faaa,QB,Quarterback,fantasy_points,,17.75,17.75
Brock Purdy,7161e62b-de20-56e2-a300-0dc23637faaa,QB,Quarterback,period_1_rush_rec_tds,,0.5,0.5
Brock Purdy,7161e62b-de20-56e2-a300-0dc23637faaa,QB,Quarterback,period_1_passing_tds,,0.5,0.5
Brock Purdy,7161e62b-de20-56e2-a300-0dc23637faaa,QB,Quarterback,period_1_rushing_yds,,0.5,0.5
Brock Purdy,7161e62b-de20-56e2-a300-0dc23637faaa,QB,Quarterback,period_1_2_rush_rec_tds,,0.5,0.5
Brock Purdy,7161e62b-de20-56e2-a300-0dc23637faaa,QB,Quarterback,period_1_2_passing_yds,,117.5,117.5
Brock Purdy,7161e62b-de20-56e2-a300-0dc23637faaa,QB,Quarterback,period_1_2_rushing_yds,,5.5,5.5
Brock Purdy,7161e62b-de20-56e2-a300-0dc23637faaa,QB,Quarterback,period_1_2_passing_tds,,0.5,0.5
Brock Purdy,7161e62b-de20-56e2-a300-0dc23637faaa,QB,Quarterback,100_pass_yds_each_half,,0.5,0.5
Brock Purdy,7161e62b-de20-56e2-a300-0dc23637faaa,QB,Quarterback,25_pass_yds_each_quarter,,0.5,0.5
Brock Purdy,7161e62b-de20-56e2-a300-0dc23637faaa,QB,Quarterback,50_pass_yds_each_quarter,,0.5,0.5
Brock Purdy,7161e62b-de20-56e2-a300-0dc23637faaa,QB,Quarterback,150_pass_yds_each_half,,0.5,0.5
Brock Purdy,7161e62b-de20-56e2-a300-0dc23637faaa,QB,Quarterback,game_high_passing_yards,,0.5,0.5
Brock Purdy,7161e62b-de20-56e2-a300-0dc23637faaa,QB,Quarterback,fumbles_lost,,0.5,0.5
Blake Corum,d150534e-6a05-587b-b9e3-50ef86602e20,RB,Running Back,rush_rec_tds,,0.5,0.5
Blake Corum,d150534e-6a05-587b-b9e3-50ef86602e20,RB,Running Back,rushing_yds,,37.5,37.5
Blake Corum,d150534e-6a05-587b-b9e3-50ef86602e20,RB,Running Back,receiving_yds,,1.5,1.5
Blake Corum,d150534e-6a05-587b-b9e3-50ef86602e20,RB,Running Back,rush_rec_yds,,42.5,42.5
Blake Corum,d150534e-6a05-587b-b9e3-50ef86602e20,RB,Running Back,receiving_rec,,0.5,0.5
Blake Corum,d150534e-6a05-587b-b9e3-50ef86602e20,RB,Running Back,rushing_att,,9.5,9.5
Blake Corum,d150534e-6a05-587b-b9e3-50ef86602e20,RB,Running Back,receiving_long,,1.5,1.5
Blake Corum,d150534e-6a05-587b-b9e3-50ef86602e20,RB,Running Back,rushing_long,,11.5,11.5
Blake Corum,d150534e-6a05-587b-b9e3-50ef86602e20,RB,Running Back,period_first_touchdown_scored,,0.5,0.5
Blake Corum,d150534e-6a05-587b-b9e3-50ef86602e20,RB,Running Back,fantasy_points,,5.85,5.85
Blake Corum,d150534e-6a05-587b-b9e3-50ef86602e20,RB,Running Back,period_1_rush_rec_tds,,0.5,0.5
Blake Corum,d150534e-6a05-587b-b9e3-50ef86602e20,RB,Running Back,period_1_receiving_yds,,0.5,0.5
Blake Corum,d150534e-6a05-587b-b9e3-50ef86602e20,RB,Running Back,period_1_receiving_rec,,0.5,0.5
Blake Corum,d150534e-6a05-587b-b9e3-50ef86602e20,RB,Running Back,period_1_rushing_yds,,6.5,6.5
Blake Corum,d150534e-6a05-587b-b9e3-50ef86602e20,RB,Running Back,period_1_2_rush_rec_tds,,0.5,0.5
Blake Corum,d150534e-6a05-587b-b9e3-50ef86602e20,RB,Running Back,period_1_2_receiving_yds,,0.5,0.5
Blake Corum,d150534e-6a05-587b-b9e3-50ef86602e20,RB,Running Back,25_rush_yds_each_half,,0.5,0.5
Blake Corum,d150534e-6a05-587b-b9e3-50ef86602e20,RB,Running Back,period_1_2_rushing_yds,,16.5,16.5
Blake Corum,d150534e-6a05-587b-b9e3-50ef86602e20,RB,Running Back,period_1_2_receiving_rec,,0.5,0.5
Blake Corum,d150534e-6a05-587b-b9e3-50ef86602e20,RB,Running Back,game_high_rushing_yards,,0.5,0.5
Blake Corum,d150534e-6a05-587b-b9e3-50ef86602e20,RB,Running Back,fumbles_lost,,0.5,0.5
Kyle Juszczyk,7161e62b-de20-56e2-a300-0dc23637faaa,FB,Full Back,rush_rec_tds,,0.5,0.5
Kyle Juszczyk,7161e62b-de20-56e2-a300-0dc23637faaa,FB,Full Back,period_1_2_rush_rec_tds,,0.5,0.5
Jordan Whittington,d150534e-6a05-587b-b9e3-50ef86602e20,WR,Wide Receiver,rush_rec_tds,,0.5,0.5
Terrance Ferguson,d150534e-6a05-587b-b9e3-50ef86602e20,TE,Tight End,rush_rec_tds,,0.5,0.5
Terrance Ferguson,d150534e-6a05-587b-b9e3-50ef86602e20,TE,Tight End,receiving_yds,,24.5,24.5
Terrance Ferguson,d150534e-6a05-587b-b9e3-50ef86602e20,TE,Tight End,receiving_rec,,1.5,1.5
Terrance Ferguson,d150534e-6a05-587b-b9e3-50ef86602e20,TE,Tight End,receiving_tgts,,3.5,3.5
Terrance Ferguson,d150534e-6a05-587b-b9e3-50ef86602e20,TE,Tight End,receiving_tgts,,4.5,4.5
Terrance Ferguson,d150534e-6a05-587b-b9e3-50ef86602e20,TE,Tight End,receiving_tgts,,6.5,6.5
Terrance Ferguson,d150534e-6a05-587b-b9e3-50ef86602e20,TE,Tight End,receiving_tgts,,2.5,2.5
Terrance Ferguson,d150534e-6a05-587b-b9e3-50ef86602e20,TE,Tight End,receiving_tgts,,5.5,5.5
Terrance Ferguson,d150534e-6a05-587b-b9e3-50ef86602e20,TE,Tight End,receiving_long,,14.5,14.5
Terrance Ferguson,d150534e-6a05-587b-b9e3-50ef86602e20,TE,Tight End,period_first_touchdown_scored,,0.5,0.5
Matthew Stafford,d150534e-6a05-587b-b9e3-50ef86602e20,QB,Quarterback,rush_rec_tds,,0.5,0.5
Matthew Stafford,d150534e-6a05-587b-b9e3-50ef86602e20,QB,Quarterback,passing_yds,,265.5,265.5
Matthew Stafford,d150534e-6a05-587b-b9e3-50ef86602e20,QB,Quarterback,rushing_yds,,0.5,0.5
Matthew Stafford,d150534e-6a05-587b-b9e3-50ef86602e20,QB,Quarterback,passing_tds,,1.5,1.5
Matthew Stafford,d150534e-6a05-587b-b9e3-50ef86602e20,QB,Quarterback,period_1_passing_yds,,58.5,58.5
Matthew Stafford,d150534e-6a05-587b-b9e3-50ef86602e20,QB,Quarterback,rushing_att,,1.5,1.5
Matthew Stafford,d150534e-6a05-587b-b9e3-50ef86602e20,QB,Quarterback,passing_and_rushing_yds,,266.5,266.5
Matthew Stafford,d150534e-6a05-587b-b9e3-50ef86602e20,QB,Quarterback,passing_comps,,23.5,23.5
Matthew Stafford,d150534e-6a05-587b-b9e3-50ef86602e20,QB,Quarterback,passing_att,,34.5,34.5
Matthew Stafford,d150534e-6a05-587b-b9e3-50ef86602e20,QB,Quarterback,passing_ints,,0.5,0.5
Matthew Stafford,d150534e-6a05-587b-b9e3-50ef86602e20,QB,Quarterback,rushing_long,,0.5,0.5
Matthew Stafford,d150534e-6a05-587b-b9e3-50ef86602e20,QB,Quarterback,passing_long,,38.5,38.5
Matthew Stafford,d150534e-6a05-587b-b9e3-50ef86602e20,QB,Quarterback,fantasy_points,,20.35,20.35
Matthew Stafford,d150534e-6a05-587b-b9e3-50ef86602e20,QB,Quarterback,fantasy_points,,26.35,26.35
Matthew Stafford,d150534e-6a05-587b-b9e3-50ef86602e20,QB,Quarterback,fantasy_points,,22.35,22.35
Matthew Stafford,d150534e-6a05-587b-b9e3-50ef86602e20,QB,Quarterback,period_1_passing_tds,,0.5,0.5
Matthew Stafford,d150534e-6a05-587b-b9e3-50ef86602e20,QB,Quarterback,period_1_rushing_yds,,0.5,0.5
Matthew Stafford,d150534e-6a05-587b-b9e3-50ef86602e20,QB,Quarterback,period_1_2_passing_yds,,134.5,134.5
Matthew Stafford,d150534e-6a05-587b-b9e3-50ef86602e20,QB,Quarterback,period_1_2_rushing_yds,,0.5,0.5
Matthew Stafford,d150534e-6a05-587b-b9e3-50ef86602e20,QB,Quarterback,period_1_2_passing_tds,,0.5,0.5
Matthew Stafford,d150534e-6a05-587b-b9e3-50ef86602e20,QB,Quarterback,100_pass_yds_each_half,,0.5,0.5
Matthew Stafford,d150534e-6a05-587b-b9e3-50ef86602e20,QB,Quarterback,25_pass_yds_each_quarter,,0.5,0.5
Matthew Stafford,d150534e-6a05-587b-b9e3-50ef86602e20,QB,Quarterback,150_pass_yds_each_half,,0.5,0.5
Matthew Stafford,d150534e-6a05-587b-b9e3-50ef86602e20,QB,Quarterback,50_pass_yds_each_quarter,,0.5,0.5
Matthew Stafford,d150534e-6a05-587b-b9e3-50ef86602e20,QB,Quarterback,game_high_passing_yards,,0.5,0.5
Matthew Stafford,d150534e-6a05-587b-b9e3-50ef86602e20,QB,Quarterback,fumbles_lost,,0.5,0.5
Davis Allen,d150534e-6a05-587b-b9e3-50ef86602e20,TE,Tight End,rush_rec_tds,,0.5,0.5
Jordan James,7161e62b-de20-56e2-a300-0dc23637faaa,RB,Running Back,rush_rec_tds,,0.5,0.5
Konata Mumpfield,d150534e-6a05-587b-b9e3-50ef86602e20,WR,Wide Receiver,rush_rec_tds,,0.5,0.5
De'Zhaun Stribling,7161e62b-de20-56e2-a300-0dc23637faaa,WR,Wide Receiver,rush_rec_tds,,0.5,0.5
Colby Parkinson,d150534e-6a05-587b-b9e3-50ef86602e20,TE,Tight End,rush_rec_tds,,0.5,0.5
Jacob Cowing,7161e62b-de20-56e2-a300-0dc23637faaa,WR,Wide Receiver,rush_rec_tds,,0.5,0.5
Ronnie Rivers,d150534e-6a05-587b-b9e3-50ef86602e20,RB,Running Back,rush_rec_tds,,0.5,0.5
Demarcus Robinson,7161e62b-de20-56e2-a300-0dc23637faaa,WR,Wide Receiver,rush_rec_tds,,0.5,0.5
Tutu Atwell,d150534e-6a05-587b-b9e3-50ef86602e20,WR,Wide Receiver,rush_rec_tds,,0.5,0.5
Kaelon Black,7161e62b-de20-56e2-a300-0dc23637faaa,RB,Running Back,rush_rec_tds,,0.5,0.5
Xavier Smith,d150534e-6a05-587b-b9e3-50ef86602e20,WR,Wide Receiver,rush_rec_tds,,0.5,0.5
Colby Parkinson,d150534e-6a05-587b-b9e3-50ef86602e20,TE,Tight End,receiving_yds,,20.5,20.5
De'Zhaun Stribling,7161e62b-de20-56e2-a300-0dc23637faaa,WR,Wide Receiver,receiving_yds,,35.5,35.5
Colby Parkinson,d150534e-6a05-587b-b9e3-50ef86602e20,TE,Tight End,receiving_rec,,2.5,2.5
De'Zhaun Stribling,7161e62b-de20-56e2-a300-0dc23637faaa,WR,Wide Receiver,receiving_rec,,3.5,3.5
De'Zhaun Stribling,7161e62b-de20-56e2-a300-0dc23637faaa,WR,Wide Receiver,receiving_tgts,,4.5,4.5
De'Zhaun Stribling,7161e62b-de20-56e2-a300-0dc23637faaa,WR,Wide Receiver,receiving_tgts,,7.5,7.5
Colby Parkinson,d150534e-6a05-587b-b9e3-50ef86602e20,TE,Tight End,receiving_tgts,,3.5,3.5
De'Zhaun Stribling,7161e62b-de20-56e2-a300-0dc23637faaa,WR,Wide Receiver,receiving_tgts,,5.5,5.5
Colby Parkinson,d150534e-6a05-587b-b9e3-50ef86602e20,TE,Tight End,receiving_tgts,,7.5,7.5
De'Zhaun Stribling,7161e62b-de20-56e2-a300-0dc23637faaa,WR,Wide Receiver,receiving_tgts,,8.5,8.5
Colby Parkinson,d150534e-6a05-587b-b9e3-50ef86602e20,TE,Tight End,receiving_tgts,,5.5,5.5
Colby Parkinson,d150534e-6a05-587b-b9e3-50ef86602e20,TE,Tight End,receiving_tgts,,2.5,2.5
De'Zhaun Stribling,7161e62b-de20-56e2-a300-0dc23637faaa,WR,Wide Receiver,receiving_tgts,,9.5,9.5
De'Zhaun Stribling,7161e62b-de20-56e2-a300-0dc23637faaa,WR,Wide Receiver,receiving_tgts,,6.5,6.5
Colby Parkinson,d150534e-6a05-587b-b9e3-50ef86602e20,TE,Tight End,receiving_tgts,,6.5,6.5
Colby Parkinson,d150534e-6a05-587b-b9e3-50ef86602e20,TE,Tight End,receiving_tgts,,4.5,4.5
De'Zhaun Stribling,7161e62b-de20-56e2-a300-0dc23637faaa,WR,Wide Receiver,receiving_long,,18.5,18.5
Colby Parkinson,d150534e-6a05-587b-b9e3-50ef86602e20,TE,Tight End,period_first_touchdown_scored,,0.5,0.5
Kaelon Black,7161e62b-de20-56e2-a300-0dc23637faaa,RB,Running Back,period_first_touchdown_scored,,0.5,0.5
De'Zhaun Stribling,7161e62b-de20-56e2-a300-0dc23637faaa,WR,Wide Receiver,period_first_touchdown_scored,,0.5,0.5
Eddy Pineiro,7161e62b-de20-56e2-a300-0dc23637faaa,K,Kicker,field_goals_made,,1.5,1.5
Harrison Mevis,d150534e-6a05-587b-b9e3-50ef86602e20,K,Kicker,field_goals_made,,1.5,1.5
Harrison Mevis,d150534e-6a05-587b-b9e3-50ef86602e20,K,Kicker,kicking_points,,7.5,7.5
Eddy Pineiro,7161e62b-de20-56e2-a300-0dc23637faaa,K,Kicker,kicking_points,,6.5,6.5
Eddy Pineiro,7161e62b-de20-56e2-a300-0dc23637faaa,K,Kicker,extra_points_made,,2.5,2.5
Harrison Mevis,d150534e-6a05-587b-b9e3-50ef86602e20,K,Kicker,extra_points_made,,2.5,2.5
Quentin Lake,d150534e-6a05-587b-b9e3-50ef86602e20,SAF,Safety,sacks,,0.5,0.5
Myles Garrett,d150534e-6a05-587b-b9e3-50ef86602e20,DE,Defensive End,sacks,,0.75,0.75
Braden Fiske,d150534e-6a05-587b-b9e3-50ef86602e20,DE,Defensive End,sacks,,0.5,0.5
Nick Bosa,7161e62b-de20-56e2-a300-0dc23637faaa,DL,Defensive Line,sacks,,0.25,0.25
Kam Curl,d150534e-6a05-587b-b9e3-50ef86602e20,SAF,Safety,sacks,,0.5,0.5
Jaylen Watson,d150534e-6a05-587b-b9e3-50ef86602e20,CB,Cornerback,sacks,,0.5,0.5
Kobie Turner,d150534e-6a05-587b-b9e3-50ef86602e20,DE,Defensive End,sacks,,0.5,0.5
Byron Young,d150534e-6a05-587b-b9e3-50ef86602e20,OLB,Outside Linebacker,sacks,,0.25,0.25
Trent McDuffie,d150534e-6a05-587b-b9e3-50ef86602e20,CB,Cornerback,sacks,,0.5,0.5
Fred Warner,7161e62b-de20-56e2-a300-0dc23637faaa,LB,Linebacker,tackles_and_assists,,8.5,8.5
Byron Young,d150534e-6a05-587b-b9e3-50ef86602e20,OLB,Outside Linebacker,tackles_and_assists,,3.5,3.5
Kam Curl,d150534e-6a05-587b-b9e3-50ef86602e20,SAF,Safety,tackles_and_assists,,6.5,6.5
Kobie Turner,d150534e-6a05-587b-b9e3-50ef86602e20,DE,Defensive End,tackles_and_assists,,2.5,2.5
Quentin Lake,d150534e-6a05-587b-b9e3-50ef86602e20,SAF,Safety,tackles_and_assists,,5.5,5.5
Trent McDuffie,d150534e-6a05-587b-b9e3-50ef86602e20,CB,Cornerback,tackles_and_assists,,4.5,4.5
Nate Landman,d150534e-6a05-587b-b9e3-50ef86602e20,LB,Linebacker,tackles_and_assists,,7.5,7.5
Osa Odighizuwa,7161e62b-de20-56e2-a300-0dc23637faaa,DT,Defensive Tackle,tackles_and_assists,,2.5,2.5
Jaylen Watson,d150534e-6a05-587b-b9e3-50ef86602e20,CB,Cornerback,tackles_and_assists,,3.5,3.5
Ji'Ayir Brown,7161e62b-de20-56e2-a300-0dc23637faaa,SAF,Safety,tackles_and_assists,,4.5,4.5
Myles Garrett,d150534e-6a05-587b-b9e3-50ef86602e20,DE,Defensive End,tackles_and_assists,,3.5,3.5
Deommodore Lenoir,7161e62b-de20-56e2-a300-0dc23637faaa,DB,Defensive Back,tackles_and_assists,,3.5,3.5
Quentin Lake,d150534e-6a05-587b-b9e3-50ef86602e20,SAF,Safety,assists,,1.5,1.5
Jaylen Watson,d150534e-6a05-587b-b9e3-50ef86602e20,CB,Cornerback,assists,,0.5,0.5
Kam Curl,d150534e-6a05-587b-b9e3-50ef86602e20,SAF,Safety,assists,,2.5,2.5
Myles Garrett,d150534e-6a05-587b-b9e3-50ef86602e20,DE,Defensive End,assists,,1.5,1.5
Fred Warner,7161e62b-de20-56e2-a300-0dc23637faaa,LB,Linebacker,assists,,3.5,3.5
Trent McDuffie,d150534e-6a05-587b-b9e3-50ef86602e20,CB,Cornerback,assists,,1.5,1.5
Ji'Ayir Brown,7161e62b-de20-56e2-a300-0dc23637faaa,SAF,Safety,assists,,1.5,1.5
Byron Young,d150534e-6a05-587b-b9e3-50ef86602e20,OLB,Outside Linebacker,assists,,1.5,1.5
Kobie Turner,d150534e-6a05-587b-b9e3-50ef86602e20,DE,Defensive End,assists,,1.5,1.5
Osa Odighizuwa,7161e62b-de20-56e2-a300-0dc23637faaa,DT,Defensive Tackle,assists,,1.5,1.5
Nate Landman,d150534e-6a05-587b-b9e3-50ef86602e20,LB,Linebacker,assists,,3.5,3.5
Deommodore Lenoir,7161e62b-de20-56e2-a300-0dc23637faaa,DB,Defensive Back,assists,,1.5,1.5
Ji'Ayir Brown,7161e62b-de20-56e2-a300-0dc23637faaa,SAF,Safety,tackles,,2.5,2.5
Myles Garrett,d150534e-6a05-587b-b9e3-50ef86602e20,DE,Defensive End,tackles,,1.5,1.5
De'Zhaun Stribling,7161e62b-de20-56e2-a300-0dc23637faaa,WR,Wide Receiver,fantasy_points,,10.05,10.05
Quentin Lake,d150534e-6a05-587b-b9e3-50ef86602e20,SAF,Safety,tackles,,3.5,3.5
Fred Warner,7161e62b-de20-56e2-a300-0dc23637faaa,LB,Linebacker,tackles,,4.5,4.5
Byron Young,d150534e-6a05-587b-b9e3-50ef86602e20,OLB,Outside Linebacker,tackles,,1.5,1.5
Trent McDuffie,d150534e-6a05-587b-b9e3-50ef86602e20,CB,Cornerback,tackles,,2.5,2.5
Nate Landman,d150534e-6a05-587b-b9e3-50ef86602e20,LB,Linebacker,tackles,,3.5,3.5
De'Zhaun Stribling,7161e62b-de20-56e2-a300-0dc23637faaa,WR,Wide Receiver,fantasy_points,,14.05,14.05
Kam Curl,d150534e-6a05-587b-b9e3-50ef86602e20,SAF,Safety,tackles,,3.5,3.5
De'Zhaun Stribling,7161e62b-de20-56e2-a300-0dc23637faaa,WR,Wide Receiver,fantasy_points,,6.05,6.05
Jaylen Watson,d150534e-6a05-587b-b9e3-50ef86602e20,CB,Cornerback,tackles,,2.5,2.5
Kobie Turner,d150534e-6a05-587b-b9e3-50ef86602e20,DE,Defensive End,tackles,,1.5,1.5
Deommodore Lenoir,7161e62b-de20-56e2-a300-0dc23637faaa,DB,Defensive Back,tackles,,2.5,2.5
Osa Odighizuwa,7161e62b-de20-56e2-a300-0dc23637faaa,DT,Defensive Tackle,tackles,,0.5,0.5
Kaelon Black,7161e62b-de20-56e2-a300-0dc23637faaa,RB,Running Back,period_1_rush_rec_tds,,0.5,0.5
De'Zhaun Stribling,7161e62b-de20-56e2-a300-0dc23637faaa,WR,Wide Receiver,period_1_rush_rec_tds,,0.5,0.5
De'Zhaun Stribling,7161e62b-de20-56e2-a300-0dc23637faaa,WR,Wide Receiver,period_1_receiving_yds,,0.5,0.5
De'Zhaun Stribling,7161e62b-de20-56e2-a300-0dc23637faaa,WR,Wide Receiver,period_1_receiving_rec,,0.5,0.5
Kam Curl,d150534e-6a05-587b-b9e3-50ef86602e20,SAF,Safety,defensive_ints,,0.5,0.5
Trent McDuffie,d150534e-6a05-587b-b9e3-50ef86602e20,CB,Cornerback,defensive_ints,,0.5,0.5
Upton Stout,7161e62b-de20-56e2-a300-0dc23637faaa,CB,Cornerback,defensive_ints,,0.5,0.5
Nate Landman,d150534e-6a05-587b-b9e3-50ef86602e20,LB,Linebacker,defensive_ints,,0.5,0.5
Deommodore Lenoir,7161e62b-de20-56e2-a300-0dc23637faaa,DB,Defensive Back,defensive_ints,,0.5,0.5
Ronnie Rivers,d150534e-6a05-587b-b9e3-50ef86602e20,RB,Running Back,period_1_2_rush_rec_tds,,0.5,0.5
Kamren Kinchens,d150534e-6a05-587b-b9e3-50ef86602e20,SAF,Safety,defensive_ints,,0.5,0.5
Fred Warner,7161e62b-de20-56e2-a300-0dc23637faaa,LB,Linebacker,defensive_ints,,0.5,0.5
Jaylen Watson,d150534e-6a05-587b-b9e3-50ef86602e20,CB,Cornerback,defensive_ints,,0.5,0.5
Kaelon Black,7161e62b-de20-56e2-a300-0dc23637faaa,RB,Running Back,period_1_2_rush_rec_tds,,0.5,0.5
Jordan James,7161e62b-de20-56e2-a300-0dc23637faaa,RB,Running Back,period_1_2_rush_rec_tds,,0.5,0.5
Quentin Lake,d150534e-6a05-587b-b9e3-50ef86602e20,SAF,Safety,defensive_ints,,0.5,0.5
Omar Speights,d150534e-6a05-587b-b9e3-50ef86602e20,LB,Linebacker,defensive_ints,,0.5,0.5
Byron Young,d150534e-6a05-587b-b9e3-50ef86602e20,OLB,Outside Linebacker,defensive_ints,,0.5,0.5
De'Zhaun Stribling,7161e62b-de20-56e2-a300-0dc23637faaa,WR,Wide Receiver,period_1_2_rush_rec_tds,,0.5,0.5
Ji'Ayir Brown,7161e62b-de20-56e2-a300-0dc23637faaa,SAF,Safety,defensive_ints,,0.5,0.5
Demarcus Robinson,7161e62b-de20-56e2-a300-0dc23637faaa,WR,Wide Receiver,period_1_2_rush_rec_tds,,0.5,0.5
De'Zhaun Stribling,7161e62b-de20-56e2-a300-0dc23637faaa,WR,Wide Receiver,period_1_2_receiving_yds,,14.5,14.5
De'Zhaun Stribling,7161e62b-de20-56e2-a300-0dc23637faaa,WR,Wide Receiver,25_rec_yds_each_half,,0.5,0.5
De'Zhaun Stribling,7161e62b-de20-56e2-a300-0dc23637faaa,WR,Wide Receiver,period_1_2_receiving_rec,,1.5,1.5
De'Zhaun Stribling,7161e62b-de20-56e2-a300-0dc23637faaa,WR,Wide Receiver,game_high_receiving_yards,,0.5,0.5
James Cook,0719b253-43db-532e-8b5c-6c12c6c3f951,RB,Running Back,rush_rec_tds,,0.5,0.5
James Cook,0719b253-43db-532e-8b5c-6c12c6c3f951,RB,Running Back,rushing_yds,,74.5,74.5
James Cook,0719b253-43db-532e-8b5c-6c12c6c3f951,RB,Running Back,receiving_yds,,13.5,13.5
James Cook,0719b253-43db-532e-8b5c-6c12c6c3f951,RB,Running Back,rush_rec_yds,,93.5,93.5
James Cook,0719b253-43db-532e-8b5c-6c12c6c3f951,RB,Running Back,receiving_rec,,2.5,2.5
James Cook,0719b253-43db-532e-8b5c-6c12c6c3f951,RB,Running Back,rushing_att,,16.5,16.5
James Cook,0719b253-43db-532e-8b5c-6c12c6c3f951,RB,Running Back,receiving_tgts,,6.5,6.5
James Cook,0719b253-43db-532e-8b5c-6c12c6c3f951,RB,Running Back,receiving_tgts,,2.5,2.5
James Cook,0719b253-43db-532e-8b5c-6c12c6c3f951,RB,Running Back,receiving_tgts,,4.5,4.5
James Cook,0719b253-43db-532e-8b5c-6c12c6c3f951,RB,Running Back,receiving_tgts,,1.5,1.5
James Cook,0719b253-43db-532e-8b5c-6c12c6c3f951,RB,Running Back,receiving_tgts,,3.5,3.5
James Cook,0719b253-43db-532e-8b5c-6c12c6c3f951,RB,Running Back,receiving_tgts,,5.5,5.5
James Cook,0719b253-43db-532e-8b5c-6c12c6c3f951,RB,Running Back,receiving_long,,9.5,9.5
James Cook,0719b253-43db-532e-8b5c-6c12c6c3f951,RB,Running Back,rushing_long,,13.5,13.5
James Cook,0719b253-43db-532e-8b5c-6c12c6c3f951,RB,Running Back,period_first_touchdown_scored,,0.5,0.5
James Cook,0719b253-43db-532e-8b5c-6c12c6c3f951,RB,Running Back,last_touchdown_scored,,0.5,0.5
James Cook,0719b253-43db-532e-8b5c-6c12c6c3f951,RB,Running Back,fantasy_points,,20.55,20.55
James Cook,0719b253-43db-532e-8b5c-6c12c6c3f951,RB,Running Back,fantasy_points,,16.55,16.55
James Cook,0719b253-43db-532e-8b5c-6c12c6c3f951,RB,Running Back,fantasy_points,,12.55,12.55
James Cook,0719b253-43db-532e-8b5c-6c12c6c3f951,RB,Running Back,period_1_rush_rec_tds,,0.5,0.5
James Cook,0719b253-43db-532e-8b5c-6c12c6c3f951,RB,Running Back,period_1_receiving_yds,,0.5,0.5
James Cook,0719b253-43db-532e-8b5c-6c12c6c3f951,RB,Running Back,period_1_receiving_rec,,0.5,0.5
James Cook,0719b253-43db-532e-8b5c-6c12c6c3f951,RB,Running Back,period_1_rushing_yds,,15.5,15.5
James Cook,0719b253-43db-532e-8b5c-6c12c6c3f951,RB,Running Back,period_1_2_rush_rec_tds,,0.5,0.5
James Cook,0719b253-43db-532e-8b5c-6c12c6c3f951,RB,Running Back,period_1_2_receiving_yds,,4.5,4.5
James Cook,0719b253-43db-532e-8b5c-6c12c6c3f951,RB,Running Back,25_rush_yds_each_half,,0.5,0.5
James Cook,0719b253-43db-532e-8b5c-6c12c6c3f951,RB,Running Back,period_1_2_rushing_yds,,33.5,33.5
James Cook,0719b253-43db-532e-8b5c-6c12c6c3f951,RB,Running Back,period_1_2_receiving_rec,,0.5,0.5
James Cook,0719b253-43db-532e-8b5c-6c12c6c3f951,RB,Running Back,50_rush_yds_each_half,,0.5,0.5
James Cook,0719b253-43db-532e-8b5c-6c12c6c3f951,RB,Running Back,game_high_rushing_yards,,0.5,0.5
James Cook,0719b253-43db-532e-8b5c-6c12c6c3f951,RB,Running Back,fumbles_lost,,0.5,0.5
Josh Allen,0719b253-43db-532e-8b5c-6c12c6c3f951,QB,Quarterback,rush_rec_tds,,0.5,0.5
Josh Allen,0719b253-43db-532e-8b5c-6c12c6c3f951,QB,Quarterback,passing_yds,,223.5,223.5
Josh Allen,0719b253-43db-532e-8b5c-6c12c6c3f951,QB,Quarterback,rushing_yds,,29.5,29.5
Josh Allen,0719b253-43db-532e-8b5c-6c12c6c3f951,QB,Quarterback,passing_tds,,1.5,1.5
Josh Allen,0719b253-43db-532e-8b5c-6c12c6c3f951,QB,Quarterback,rushing_att,,6.5,6.5
Josh Allen,0719b253-43db-532e-8b5c-6c12c6c3f951,QB,Quarterback,passing_comps,,19.5,19.5
Josh Allen,0719b253-43db-532e-8b5c-6c12c6c3f951,QB,Quarterback,passing_and_rushing_yds,,261.5,261.5
Josh Allen,0719b253-43db-532e-8b5c-6c12c6c3f951,QB,Quarterback,passing_att,,29.5,29.5
Josh Allen,0719b253-43db-532e-8b5c-6c12c6c3f951,QB,Quarterback,passing_ints,,1.5,1.5
Josh Allen,0719b253-43db-532e-8b5c-6c12c6c3f951,QB,Quarterback,period_first_touchdown_scored,,0.5,0.5
Josh Allen,0719b253-43db-532e-8b5c-6c12c6c3f951,QB,Quarterback,last_touchdown_scored,,0.5,0.5
Josh Allen,0719b253-43db-532e-8b5c-6c12c6c3f951,QB,Quarterback,fantasy_points,,19.45,19.45
Josh Allen,0719b253-43db-532e-8b5c-6c12c6c3f951,QB,Quarterback,fantasy_points,,23.45,23.45
Josh Allen,0719b253-43db-532e-8b5c-6c12c6c3f951,QB,Quarterback,fantasy_points,,27.45,27.45
Josh Allen,0719b253-43db-532e-8b5c-6c12c6c3f951,QB,Quarterback,period_1_rush_rec_tds,,0.5,0.5
Josh Allen,0719b253-43db-532e-8b5c-6c12c6c3f951,QB,Quarterback,period_1_passing_tds,,0.5,0.5
Josh Allen,0719b253-43db-532e-8b5c-6c12c6c3f951,QB,Quarterback,25_rush_yds_each_half,,0.5,0.5
Josh Allen,0719b253-43db-532e-8b5c-6c12c6c3f951,QB,Quarterback,25_pass_yds_each_quarter,,0.5,0.5
Josh Allen,0719b253-43db-532e-8b5c-6c12c6c3f951,QB,Quarterback,100_pass_yds_each_half,,0.5,0.5
Josh Allen,0719b253-43db-532e-8b5c-6c12c6c3f951,QB,Quarterback,150_pass_yds_each_half,,0.5,0.5
Josh Allen,0719b253-43db-532e-8b5c-6c12c6c3f951,QB,Quarterback,50_pass_yds_each_quarter,,0.5,0.5
Josh Allen,0719b253-43db-532e-8b5c-6c12c6c3f951,QB,Quarterback,game_high_passing_yards,,0.5,0.5
Josh Allen,0719b253-43db-532e-8b5c-6c12c6c3f951,QB,Quarterback,game_high_rushing_yards,,0.5,0.5
Josh Allen,0719b253-43db-532e-8b5c-6c12c6c3f951,QB,Quarterback,fumbles_lost,,0.5,0.5
David Montgomery,4ab08caa-b79d-598e-82ef-0906a60d2a89,RB,Running Back,rush_rec_tds,,0.5,0.5
David Montgomery,4ab08caa-b79d-598e-82ef-0906a60d2a89,RB,Running Back,rushing_yds,,53.5,53.5
David Montgomery,4ab08caa-b79d-598e-82ef-0906a60d2a89,RB,Running Back,rush_rec_yds,,68.5,68.5
David Montgomery,4ab08caa-b79d-598e-82ef-0906a60d2a89,RB,Running Back,receiving_yds,,8.5,8.5
David Montgomery,4ab08caa-b79d-598e-82ef-0906a60d2a89,RB,Running Back,receiving_rec,,1.5,1.5
David Montgomery,4ab08caa-b79d-598e-82ef-0906a60d2a89,RB,Running Back,rushing_att,,13.5,13.5
David Montgomery,4ab08caa-b79d-598e-82ef-0906a60d2a89,RB,Running Back,receiving_tgts,,5.5,5.5
David Montgomery,4ab08caa-b79d-598e-82ef-0906a60d2a89,RB,Running Back,receiving_tgts,,2.5,2.5
David Montgomery,4ab08caa-b79d-598e-82ef-0906a60d2a89,RB,Running Back,receiving_tgts,,1.5,1.5
David Montgomery,4ab08caa-b79d-598e-82ef-0906a60d2a89,RB,Running Back,receiving_tgts,,3.5,3.5
David Montgomery,4ab08caa-b79d-598e-82ef-0906a60d2a89,RB,Running Back,receiving_tgts,,4.5,4.5
David Montgomery,4ab08caa-b79d-598e-82ef-0906a60d2a89,RB,Running Back,receiving_long,,7.5,7.5
David Montgomery,4ab08caa-b79d-598e-82ef-0906a60d2a89,RB,Running Back,rushing_long,,12.5,12.5
David Montgomery,4ab08caa-b79d-598e-82ef-0906a60d2a89,RB,Running Back,period_first_touchdown_scored,,0.5,0.5
David Montgomery,4ab08caa-b79d-598e-82ef-0906a60d2a89,RB,Running Back,last_touchdown_scored,,0.5,0.5
David Montgomery,4ab08caa-b79d-598e-82ef-0906a60d2a89,RB,Running Back,fantasy_points,,10.45,10.45
David Montgomery,4ab08caa-b79d-598e-82ef-0906a60d2a89,RB,Running Back,fantasy_points,,14.45,14.45
David Montgomery,4ab08caa-b79d-598e-82ef-0906a60d2a89,RB,Running Back,fantasy_points,,18.45,18.45
David Montgomery,4ab08caa-b79d-598e-82ef-0906a60d2a89,RB,Running Back,period_1_rush_rec_tds,,0.5,0.5
David Montgomery,4ab08caa-b79d-598e-82ef-0906a60d2a89,RB,Running Back,period_1_receiving_yds,,0.5,0.5
David Montgomery,4ab08caa-b79d-598e-82ef-0906a60d2a89,RB,Running Back,period_1_receiving_rec,,0.5,0.5
David Montgomery,4ab08caa-b79d-598e-82ef-0906a60d2a89,RB,Running Back,period_1_rushing_yds,,11.5,11.5
David Montgomery,4ab08caa-b79d-598e-82ef-0906a60d2a89,RB,Running Back,period_1_2_rush_rec_tds,,0.5,0.5
David Montgomery,4ab08caa-b79d-598e-82ef-0906a60d2a89,RB,Running Back,period_1_2_receiving_yds,,1.5,1.5
David Montgomery,4ab08caa-b79d-598e-82ef-0906a60d2a89,RB,Running Back,25_rush_yds_each_half,,0.5,0.5
David Montgomery,4ab08caa-b79d-598e-82ef-0906a60d2a89,RB,Running Back,period_1_2_rushing_yds,,25.5,25.5
David Montgomery,4ab08caa-b79d-598e-82ef-0906a60d2a89,RB,Running Back,period_1_2_receiving_rec,,0.5,0.5
David Montgomery,4ab08caa-b79d-598e-82ef-0906a60d2a89,RB,Running Back,50_rush_yds_each_half,,0.5,0.5
David Montgomery,4ab08caa-b79d-598e-82ef-0906a60d2a89,RB,Running Back,game_high_rushing_yards,,0.5,0.5
David Montgomery,4ab08caa-b79d-598e-82ef-0906a60d2a89,RB,Running Back,fumbles_lost,,0.5,0.5
Nico Collins,4ab08caa-b79d-598e-82ef-0906a60d2a89,WR,Wide Receiver,rush_rec_tds,,0.5,0.5
Nico Collins,4ab08caa-b79d-598e-82ef-0906a60d2a89,WR,Wide Receiver,receiving_yds,,68.5,68.5
Nico Collins,4ab08caa-b79d-598e-82ef-0906a60d2a89,WR,Wide Receiver,receiving_rec,,5.5,5.5
Nico Collins,4ab08caa-b79d-598e-82ef-0906a60d2a89,WR,Wide Receiver,receiving_tgts,,11.5,11.5
Nico Collins,4ab08caa-b79d-598e-82ef-0906a60d2a89,WR,Wide Receiver,receiving_tgts,,9.5,9.5
Nico Collins,4ab08caa-b79d-598e-82ef-0906a60d2a89,WR,Wide Receiver,receiving_tgts,,8.5,8.5
Nico Collins,4ab08caa-b79d-598e-82ef-0906a60d2a89,WR,Wide Receiver,receiving_tgts,,10.5,10.5
Nico Collins,4ab08caa-b79d-598e-82ef-0906a60d2a89,WR,Wide Receiver,receiving_tgts,,12.5,12.5
Nico Collins,4ab08caa-b79d-598e-82ef-0906a60d2a89,WR,Wide Receiver,receiving_tgts,,7.5,7.5
Nico Collins,4ab08caa-b79d-598e-82ef-0906a60d2a89,WR,Wide Receiver,receiving_long,,22.5,22.5
Nico Collins,4ab08caa-b79d-598e-82ef-0906a60d2a89,WR,Wide Receiver,period_first_touchdown_scored,,0.5,0.5
Nico Collins,4ab08caa-b79d-598e-82ef-0906a60d2a89,WR,Wide Receiver,last_touchdown_scored,,0.5,0.5
Nico Collins,4ab08caa-b79d-598e-82ef-0906a60d2a89,WR,Wide Receiver,fantasy_points,,11.55,11.55
Nico Collins,4ab08caa-b79d-598e-82ef-0906a60d2a89,WR,Wide Receiver,fantasy_points,,19.55,19.55
Nico Collins,4ab08caa-b79d-598e-82ef-0906a60d2a89,WR,Wide Receiver,fantasy_points,,15.55,15.55
Nico Collins,4ab08caa-b79d-598e-82ef-0906a60d2a89,WR,Wide Receiver,period_1_rush_rec_tds,,0.5,0.5
Nico Collins,4ab08caa-b79d-598e-82ef-0906a60d2a89,WR,Wide Receiver,period_1_2_rush_rec_tds,,0.5,0.5
Nico Collins,4ab08caa-b79d-598e-82ef-0906a60d2a89,WR,Wide Receiver,25_rec_yds_each_half,,0.5,0.5
Nico Collins,4ab08caa-b79d-598e-82ef-0906a60d2a89,WR,Wide Receiver,50_rec_yds_each_half,,0.5,0.5
Nico Collins,4ab08caa-b79d-598e-82ef-0906a60d2a89,WR,Wide Receiver,game_high_receiving_yards,,0.5,0.5
Nico Collins,4ab08caa-b79d-598e-82ef-0906a60d2a89,WR,Wide Receiver,fumbles_lost,,0.5,0.5
Khalil Shakir,0719b253-43db-532e-8b5c-6c12c6c3f951,WR,Wide Receiver,rush_rec_tds,,0.5,0.5
Khalil Shakir,0719b253-43db-532e-8b5c-6c12c6c3f951,WR,Wide Receiver,receiving_yds,,38.5,38.5
Khalil Shakir,0719b253-43db-532e-8b5c-6c12c6c3f951,WR,Wide Receiver,receiving_rec,,3.5,3.5
Khalil Shakir,0719b253-43db-532e-8b5c-6c12c6c3f951,WR,Wide Receiver,receiving_tgts,,10.5,10.5
Khalil Shakir,0719b253-43db-532e-8b5c-6c12c6c3f951,WR,Wide Receiver,receiving_tgts,,5.5,5.5
Khalil Shakir,0719b253-43db-532e-8b5c-6c12c6c3f951,WR,Wide Receiver,receiving_tgts,,7.5,7.5
Khalil Shakir,0719b253-43db-532e-8b5c-6c12c6c3f951,WR,Wide Receiver,receiving_tgts,,8.5,8.5
Khalil Shakir,0719b253-43db-532e-8b5c-6c12c6c3f951,WR,Wide Receiver,receiving_tgts,,6.5,6.5
Khalil Shakir,0719b253-43db-532e-8b5c-6c12c6c3f951,WR,Wide Receiver,receiving_tgts,,9.5,9.5
Khalil Shakir,0719b253-43db-532e-8b5c-6c12c6c3f951,WR,Wide Receiver,receiving_long,,15.5,15.5
Khalil Shakir,0719b253-43db-532e-8b5c-6c12c6c3f951,WR,Wide Receiver,period_first_touchdown_scored,,0.5,0.5
Khalil Shakir,0719b253-43db-532e-8b5c-6c12c6c3f951,WR,Wide Receiver,fantasy_points,,5.95,5.95
Khalil Shakir,0719b253-43db-532e-8b5c-6c12c6c3f951,WR,Wide Receiver,period_1_rush_rec_tds,,0.5,0.5
Khalil Shakir,0719b253-43db-532e-8b5c-6c12c6c3f951,WR,Wide Receiver,period_1_2_rush_rec_tds,,0.5,0.5
Khalil Shakir,0719b253-43db-532e-8b5c-6c12c6c3f951,WR,Wide Receiver,25_rec_yds_each_half,,0.5,0.5
Khalil Shakir,0719b253-43db-532e-8b5c-6c12c6c3f951,WR,Wide Receiver,game_high_receiving_yards,,0.5,0.5
Khalil Shakir,0719b253-43db-532e-8b5c-6c12c6c3f951,WR,Wide Receiver,fumbles_lost,,0.5,0.5
D.J. Moore,0719b253-43db-532e-8b5c-6c12c6c3f951,WR,Wide Receiver,rush_rec_tds,,0.5,0.5
D.J. Moore,0719b253-43db-532e-8b5c-6c12c6c3f951,WR,Wide Receiver,receiving_yds,,46.5,46.5
D.J. Moore,0719b253-43db-532e-8b5c-6c12c6c3f951,WR,Wide Receiver,receiving_rec,,3.5,3.5
D.J. Moore,0719b253-43db-532e-8b5c-6c12c6c3f951,WR,Wide Receiver,receiving_tgts,,6.5,6.5
D.J. Moore,0719b253-43db-532e-8b5c-6c12c6c3f951,WR,Wide Receiver,receiving_tgts,,9.5,9.5
D.J. Moore,0719b253-43db-532e-8b5c-6c12c6c3f951,WR,Wide Receiver,receiving_tgts,,4.5,4.5
D.J. Moore,0719b253-43db-532e-8b5c-6c12c6c3f951,WR,Wide Receiver,receiving_tgts,,7.5,7.5
D.J. Moore,0719b253-43db-532e-8b5c-6c12c6c3f951,WR,Wide Receiver,receiving_tgts,,8.5,8.5
D.J. Moore,0719b253-43db-532e-8b5c-6c12c6c3f951,WR,Wide Receiver,receiving_tgts,,5.5,5.5
D.J. Moore,0719b253-43db-532e-8b5c-6c12c6c3f951,WR,Wide Receiver,receiving_long,,20.5,20.5
D.J. Moore,0719b253-43db-532e-8b5c-6c12c6c3f951,WR,Wide Receiver,period_first_touchdown_scored,,0.5,0.5
D.J. Moore,0719b253-43db-532e-8b5c-6c12c6c3f951,WR,Wide Receiver,fantasy_points,,7.35,7.35
D.J. Moore,0719b253-43db-532e-8b5c-6c12c6c3f951,WR,Wide Receiver,fantasy_points,,15.35,15.35
D.J. Moore,0719b253-43db-532e-8b5c-6c12c6c3f951,WR,Wide Receiver,fantasy_points,,11.35,11.35
D.J. Moore,0719b253-43db-532e-8b5c-6c12c6c3f951,WR,Wide Receiver,period_1_rush_rec_tds,,0.5,0.5
D.J. Moore,0719b253-43db-532e-8b5c-6c12c6c3f951,WR,Wide Receiver,period_1_2_rush_rec_tds,,0.5,0.5
D.J. Moore,0719b253-43db-532e-8b5c-6c12c6c3f951,WR,Wide Receiver,25_rec_yds_each_half,,0.5,0.5
D.J. Moore,0719b253-43db-532e-8b5c-6c12c6c3f951,WR,Wide Receiver,50_rec_yds_each_half,,0.5,0.5
D.J. Moore,0719b253-43db-532e-8b5c-6c12c6c3f951,WR,Wide Receiver,game_high_receiving_yards,,0.5,0.5
Keon Coleman,0719b253-43db-532e-8b5c-6c12c6c3f951,WR,Wide Receiver,rush_rec_tds,,0.5,0.5
Keon Coleman,0719b253-43db-532e-8b5c-6c12c6c3f951,WR,Wide Receiver,period_1_rush_rec_tds,,0.5,0.5
Keon Coleman,0719b253-43db-532e-8b5c-6c12c6c3f951,WR,Wide Receiver,period_1_2_rush_rec_tds,,0.5,0.5
Dalton Kincaid,0719b253-43db-532e-8b5c-6c12c6c3f951,TE,Tight End,rush_rec_tds,,0.5,0.5
Dalton Kincaid,0719b253-43db-532e-8b5c-6c12c6c3f951,TE,Tight End,receiving_yds,,38.5,38.5
Dalton Kincaid,0719b253-43db-532e-8b5c-6c12c6c3f951,TE,Tight End,receiving_rec,,3.5,3.5
Dalton Kincaid,0719b253-43db-532e-8b5c-6c12c6c3f951,TE,Tight End,receiving_tgts,,8.5,8.5
Dalton Kincaid,0719b253-43db-532e-8b5c-6c12c6c3f951,TE,Tight End,receiving_tgts,,5.5,5.5
Dalton Kincaid,0719b253-43db-532e-8b5c-6c12c6c3f951,TE,Tight End,receiving_tgts,,9.5,9.5
Dalton Kincaid,0719b253-43db-532e-8b5c-6c12c6c3f951,TE,Tight End,receiving_tgts,,6.5,6.5
Dalton Kincaid,0719b253-43db-532e-8b5c-6c12c6c3f951,TE,Tight End,receiving_tgts,,7.5,7.5
Dalton Kincaid,0719b253-43db-532e-8b5c-6c12c6c3f951,TE,Tight End,receiving_tgts,,4.5,4.5
Dalton Kincaid,0719b253-43db-532e-8b5c-6c12c6c3f951,TE,Tight End,receiving_long,,16.5,16.5
Dalton Kincaid,0719b253-43db-532e-8b5c-6c12c6c3f951,TE,Tight End,period_first_touchdown_scored,,0.5,0.5
Dalton Kincaid,0719b253-43db-532e-8b5c-6c12c6c3f951,TE,Tight End,fantasy_points,,14.25,14.25
Dalton Kincaid,0719b253-43db-532e-8b5c-6c12c6c3f951,TE,Tight End,fantasy_points,,10.25,10.25
Dalton Kincaid,0719b253-43db-532e-8b5c-6c12c6c3f951,TE,Tight End,fantasy_points,,6.25,6.25
Dalton Kincaid,0719b253-43db-532e-8b5c-6c12c6c3f951,TE,Tight End,period_1_rush_rec_tds,,0.5,0.5
Dalton Kincaid,0719b253-43db-532e-8b5c-6c12c6c3f951,TE,Tight End,period_1_receiving_yds,,4.5,4.5
Dalton Kincaid,0719b253-43db-532e-8b5c-6c12c6c3f951,TE,Tight End,period_1_receiving_rec,,0.5,0.5
Dalton Kincaid,0719b253-43db-532e-8b5c-6c12c6c3f951,TE,Tight End,period_1_2_rush_rec_tds,,0.5,0.5
Dalton Kincaid,0719b253-43db-532e-8b5c-6c12c6c3f951,TE,Tight End,period_1_2_receiving_yds,,16.5,16.5
Dalton Kincaid,0719b253-43db-532e-8b5c-6c12c6c3f951,TE,Tight End,25_rec_yds_each_half,,0.5,0.5
Dalton Kincaid,0719b253-43db-532e-8b5c-6c12c6c3f951,TE,Tight End,period_1_2_receiving_rec,,1.5,1.5
Dalton Kincaid,0719b253-43db-532e-8b5c-6c12c6c3f951,TE,Tight End,game_high_receiving_yards,,0.5,0.5
Joshua Palmer,0719b253-43db-532e-8b5c-6c12c6c3f951,WR,Wide Receiver,rush_rec_tds,,0.5,0.5
Joshua Palmer,0719b253-43db-532e-8b5c-6c12c6c3f951,WR,Wide Receiver,period_first_touchdown_scored,,0.5,0.5
Joshua Palmer,0719b253-43db-532e-8b5c-6c12c6c3f951,WR,Wide Receiver,period_1_rush_rec_tds,,0.5,0.5
Joshua Palmer,0719b253-43db-532e-8b5c-6c12c6c3f951,WR,Wide Receiver,period_1_2_rush_rec_tds,,0.5,0.5
Dalton Schultz,4ab08caa-b79d-598e-82ef-0906a60d2a89,TE,Tight End,rush_rec_tds,,0.5,0.5
Dalton Schultz,4ab08caa-b79d-598e-82ef-0906a60d2a89,TE,Tight End,receiving_yds,,32.5,32.5
Dalton Schultz,4ab08caa-b79d-598e-82ef-0906a60d2a89,TE,Tight End,receiving_rec,,3.5,3.5
Dalton Schultz,4ab08caa-b79d-598e-82ef-0906a60d2a89,TE,Tight End,receiving_tgts,,6.5,6.5
Dalton Schultz,4ab08caa-b79d-598e-82ef-0906a60d2a89,TE,Tight End,receiving_tgts,,7.5,7.5
Dalton Schultz,4ab08caa-b79d-598e-82ef-0906a60d2a89,TE,Tight End,receiving_tgts,,8.5,8.5
Dalton Schultz,4ab08caa-b79d-598e-82ef-0906a60d2a89,TE,Tight End,receiving_tgts,,5.5,5.5
Dalton Schultz,4ab08caa-b79d-598e-82ef-0906a60d2a89,TE,Tight End,receiving_tgts,,9.5,9.5
Dalton Schultz,4ab08caa-b79d-598e-82ef-0906a60d2a89,TE,Tight End,receiving_tgts,,4.5,4.5
Dalton Schultz,4ab08caa-b79d-598e-82ef-0906a60d2a89,TE,Tight End,receiving_long,,14.5,14.5
Dalton Schultz,4ab08caa-b79d-598e-82ef-0906a60d2a89,TE,Tight End,period_first_touchdown_scored,,0.5,0.5
Dalton Schultz,4ab08caa-b79d-598e-82ef-0906a60d2a89,TE,Tight End,fantasy_points,,5.75,5.75
Dalton Schultz,4ab08caa-b79d-598e-82ef-0906a60d2a89,TE,Tight End,period_1_rush_rec_tds,,0.5,0.5
Dalton Schultz,4ab08caa-b79d-598e-82ef-0906a60d2a89,TE,Tight End,period_1_receiving_yds,,3.5,3.5
Dalton Schultz,4ab08caa-b79d-598e-82ef-0906a60d2a89,TE,Tight End,period_1_receiving_rec,,0.5,0.5
Dalton Schultz,4ab08caa-b79d-598e-82ef-0906a60d2a89,TE,Tight End,period_1_2_rush_rec_tds,,0.5,0.5
Dalton Schultz,4ab08caa-b79d-598e-82ef-0906a60d2a89,TE,Tight End,25_rec_yds_each_half,,0.5,0.5
Dalton Schultz,4ab08caa-b79d-598e-82ef-0906a60d2a89,TE,Tight End,period_1_2_receiving_yds,,13.5,13.5
Dalton Schultz,4ab08caa-b79d-598e-82ef-0906a60d2a89,TE,Tight End,period_1_2_receiving_rec,,1.5,1.5
Dalton Schultz,4ab08caa-b79d-598e-82ef-0906a60d2a89,TE,Tight End,game_high_receiving_yards,,0.5,0.5
Ray Davis,0719b253-43db-532e-8b5c-6c12c6c3f951,RB,Running Back,rush_rec_tds,,0.5,0.5
Ray Davis,0719b253-43db-532e-8b5c-6c12c6c3f951,RB,Running Back,period_first_touchdown_scored,,0.5,0.5
Ray Davis,0719b253-43db-532e-8b5c-6c12c6c3f951,RB,Running Back,period_1_rush_rec_tds,,0.5,0.5
Ray Davis,0719b253-43db-532e-8b5c-6c12c6c3f951,RB,Running Back,period_1_2_rush_rec_tds,,0.5,0.5
Woody Marks,4ab08caa-b79d-598e-82ef-0906a60d2a89,RB,Running Back,rush_rec_tds,,0.5,0.5
Woody Marks,4ab08caa-b79d-598e-82ef-0906a60d2a89,RB,Running Back,rushing_yds,,31.5,31.5
Woody Marks,4ab08caa-b79d-598e-82ef-0906a60d2a89,RB,Running Back,rush_rec_yds,,45.5,45.5
Woody Marks,4ab08caa-b79d-598e-82ef-0906a60d2a89,RB,Running Back,receiving_yds,,8.5,8.5
Woody Marks,4ab08caa-b79d-598e-82ef-0906a60d2a89,RB,Running Back,receiving_rec,,1.5,1.5
Woody Marks,4ab08caa-b79d-598e-82ef-0906a60d2a89,RB,Running Back,rushing_att,,7.5,7.5
Woody Marks,4ab08caa-b79d-598e-82ef-0906a60d2a89,RB,Running Back,receiving_tgts,,5.5,5.5
Woody Marks,4ab08caa-b79d-598e-82ef-0906a60d2a89,RB,Running Back,receiving_tgts,,3.5,3.5
Woody Marks,4ab08caa-b79d-598e-82ef-0906a60d2a89,RB,Running Back,receiving_tgts,,4.5,4.5
Woody Marks,4ab08caa-b79d-598e-82ef-0906a60d2a89,RB,Running Back,receiving_tgts,,1.5,1.5
Woody Marks,4ab08caa-b79d-598e-82ef-0906a60d2a89,RB,Running Back,receiving_tgts,,2.5,2.5
Woody Marks,4ab08caa-b79d-598e-82ef-0906a60d2a89,RB,Running Back,receiving_long,,7.5,7.5
Woody Marks,4ab08caa-b79d-598e-82ef-0906a60d2a89,RB,Running Back,rushing_long,,10.5,10.5
Woody Marks,4ab08caa-b79d-598e-82ef-0906a60d2a89,RB,Running Back,period_first_touchdown_scored,,0.5,0.5
Woody Marks,4ab08caa-b79d-598e-82ef-0906a60d2a89,RB,Running Back,fantasy_points,,5.85,5.85
Woody Marks,4ab08caa-b79d-598e-82ef-0906a60d2a89,RB,Running Back,period_1_rush_rec_tds,,0.5,0.5
Woody Marks,4ab08caa-b79d-598e-82ef-0906a60d2a89,RB,Running Back,period_1_receiving_yds,,0.5,0.5
Woody Marks,4ab08caa-b79d-598e-82ef-0906a60d2a89,RB,Running Back,period_1_receiving_rec,,0.5,0.5
Woody Marks,4ab08caa-b79d-598e-82ef-0906a60d2a89,RB,Running Back,period_1_rushing_yds,,5.5,5.5
Woody Marks,4ab08caa-b79d-598e-82ef-0906a60d2a89,RB,Running Back,period_1_2_rush_rec_tds,,0.5,0.5
Woody Marks,4ab08caa-b79d-598e-82ef-0906a60d2a89,RB,Running Back,period_1_2_receiving_yds,,0.5,0.5
Woody Marks,4ab08caa-b79d-598e-82ef-0906a60d2a89,RB,Running Back,period_1_2_rushing_yds,,13.5,13.5
Woody Marks,4ab08caa-b79d-598e-82ef-0906a60d2a89,RB,Running Back,25_rush_yds_each_half,,0.5,0.5
Woody Marks,4ab08caa-b79d-598e-82ef-0906a60d2a89,RB,Running Back,period_1_2_receiving_rec,,0.5,0.5
Woody Marks,4ab08caa-b79d-598e-82ef-0906a60d2a89,RB,Running Back,game_high_rushing_yards,,0.5,0.5
Woody Marks,4ab08caa-b79d-598e-82ef-0906a60d2a89,RB,Running Back,fumbles_lost,,0.5,0.5
Dawson Knox,0719b253-43db-532e-8b5c-6c12c6c3f951,TE,Tight End,rush_rec_tds,,0.5,0.5
Dawson Knox,0719b253-43db-532e-8b5c-6c12c6c3f951,TE,Tight End,receiving_yds,,14.5,14.5
Dawson Knox,0719b253-43db-532e-8b5c-6c12c6c3f951,TE,Tight End,receiving_rec,,1.5,1.5
Dawson Knox,0719b253-43db-532e-8b5c-6c12c6c3f951,TE,Tight End,receiving_tgts,,2.5,2.5
Dawson Knox,0719b253-43db-532e-8b5c-6c12c6c3f951,TE,Tight End,receiving_tgts,,3.5,3.5
Dawson Knox,0719b253-43db-532e-8b5c-6c12c6c3f951,TE,Tight End,receiving_tgts,,6.5,6.5
Dawson Knox,0719b253-43db-532e-8b5c-6c12c6c3f951,TE,Tight End,receiving_tgts,,5.5,5.5
Dawson Knox,0719b253-43db-532e-8b5c-6c12c6c3f951,TE,Tight End,receiving_tgts,,1.5,1.5
Dawson Knox,0719b253-43db-532e-8b5c-6c12c6c3f951,TE,Tight End,receiving_tgts,,4.5,4.5
Dawson Knox,0719b253-43db-532e-8b5c-6c12c6c3f951,TE,Tight End,receiving_long,,10.5,10.5
Dawson Knox,0719b253-43db-532e-8b5c-6c12c6c3f951,TE,Tight End,period_first_touchdown_scored,,0.5,0.5
Dawson Knox,0719b253-43db-532e-8b5c-6c12c6c3f951,TE,Tight End,period_1_rush_rec_tds,,0.5,0.5
Dawson Knox,0719b253-43db-532e-8b5c-6c12c6c3f951,TE,Tight End,period_1_receiving_yds,,0.5,0.5
Dawson Knox,0719b253-43db-532e-8b5c-6c12c6c3f951,TE,Tight End,period_1_receiving_rec,,0.5,0.5
Dawson Knox,0719b253-43db-532e-8b5c-6c12c6c3f951,TE,Tight End,period_1_2_rush_rec_tds,,0.5,0.5
Dawson Knox,0719b253-43db-532e-8b5c-6c12c6c3f951,TE,Tight End,period_1_2_receiving_yds,,4.5,4.5
Dawson Knox,0719b253-43db-532e-8b5c-6c12c6c3f951,TE,Tight End,period_1_2_receiving_rec,,0.5,0.5
C.J. Stroud,4ab08caa-b79d-598e-82ef-0906a60d2a89,QB,Quarterback,rush_rec_tds,,0.5,0.5
C.J. Stroud,4ab08caa-b79d-598e-82ef-0906a60d2a89,QB,Quarterback,passing_yds,,222.5,222.5
C.J. Stroud,4ab08caa-b79d-598e-82ef-0906a60d2a89,QB,Quarterback,rushing_yds,,10.5,10.5
C.J. Stroud,4ab08caa-b79d-598e-82ef-0906a60d2a89,QB,Quarterback,passing_tds,,1.5,1.5
C.J. Stroud,4ab08caa-b79d-598e-82ef-0906a60d2a89,QB,Quarterback,rushing_att,,2.5,2.5
C.J. Stroud,4ab08caa-b79d-598e-82ef-0906a60d2a89,QB,Quarterback,period_1_passing_yds,,45.5,45.5
C.J. Stroud,4ab08caa-b79d-598e-82ef-0906a60d2a89,QB,Quarterback,passing_and_rushing_yds,,231.5,231.5
C.J. Stroud,4ab08caa-b79d-598e-82ef-0906a60d2a89,QB,Quarterback,passing_comps,,19.5,19.5
C.J. Stroud,4ab08caa-b79d-598e-82ef-0906a60d2a89,QB,Quarterback,passing_att,,31.5,31.5
C.J. Stroud,4ab08caa-b79d-598e-82ef-0906a60d2a89,QB,Quarterback,passing_ints,,0.5,0.5
C.J. Stroud,4ab08caa-b79d-598e-82ef-0906a60d2a89,QB,Quarterback,rushing_long,,6.5,6.5
C.J. Stroud,4ab08caa-b79d-598e-82ef-0906a60d2a89,QB,Quarterback,passing_long,,33.5,33.5
C.J. Stroud,4ab08caa-b79d-598e-82ef-0906a60d2a89,QB,Quarterback,fantasy_points,,19.25,19.25
C.J. Stroud,4ab08caa-b79d-598e-82ef-0906a60d2a89,QB,Quarterback,fantasy_points,,23.25,23.25
C.J. Stroud,4ab08caa-b79d-598e-82ef-0906a60d2a89,QB,Quarterback,fantasy_points,,15.25,15.25
C.J. Stroud,4ab08caa-b79d-598e-82ef-0906a60d2a89,QB,Quarterback,period_1_passing_tds,,0.5,0.5
C.J. Stroud,4ab08caa-b79d-598e-82ef-0906a60d2a89,QB,Quarterback,period_1_rushing_yds,,0.5,0.5
C.J. Stroud,4ab08caa-b79d-598e-82ef-0906a60d2a89,QB,Quarterback,period_1_2_rush_rec_tds,,0.5,0.5
C.J. Stroud,4ab08caa-b79d-598e-82ef-0906a60d2a89,QB,Quarterback,period_1_2_passing_yds,,108.5,108.5
C.J. Stroud,4ab08caa-b79d-598e-82ef-0906a60d2a89,QB,Quarterback,period_1_2_rushing_yds,,1.5,1.5
C.J. Stroud,4ab08caa-b79d-598e-82ef-0906a60d2a89,QB,Quarterback,period_1_2_passing_tds,,0.5,0.5
C.J. Stroud,4ab08caa-b79d-598e-82ef-0906a60d2a89,QB,Quarterback,100_pass_yds_each_half,,0.5,0.5
C.J. Stroud,4ab08caa-b79d-598e-82ef-0906a60d2a89,QB,Quarterback,25_pass_yds_each_quarter,,0.5,0.5
C.J. Stroud,4ab08caa-b79d-598e-82ef-0906a60d2a89,QB,Quarterback,50_pass_yds_each_quarter,,0.5,0.5
C.J. Stroud,4ab08caa-b79d-598e-82ef-0906a60d2a89,QB,Quarterback,150_pass_yds_each_half,,0.5,0.5
C.J. Stroud,4ab08caa-b79d-598e-82ef-0906a60d2a89,QB,Quarterback,game_high_passing_yards,,0.5,0.5
C.J. Stroud,4ab08caa-b79d-598e-82ef-0906a60d2a89,QB,Quarterback,fumbles_lost,,0.5,0.5
Xavier Hutchinson,4ab08caa-b79d-598e-82ef-0906a60d2a89,WR,Wide Receiver,rush_rec_tds,,0.5,0.5
Xavier Hutchinson,4ab08caa-b79d-598e-82ef-0906a60d2a89,WR,Wide Receiver,receiving_yds,,19.5,19.5
Xavier Hutchinson,4ab08caa-b79d-598e-82ef-0906a60d2a89,WR,Wide Receiver,receiving_rec,,2.5,2.5
Xavier Hutchinson,4ab08caa-b79d-598e-82ef-0906a60d2a89,WR,Wide Receiver,receiving_tgts,,6.5,6.5
Xavier Hutchinson,4ab08caa-b79d-598e-82ef-0906a60d2a89,WR,Wide Receiver,receiving_tgts,,4.5,4.5
Xavier Hutchinson,4ab08caa-b79d-598e-82ef-0906a60d2a89,WR,Wide Receiver,receiving_tgts,,5.5,5.5
Xavier Hutchinson,4ab08caa-b79d-598e-82ef-0906a60d2a89,WR,Wide Receiver,receiving_tgts,,2.5,2.5
Xavier Hutchinson,4ab08caa-b79d-598e-82ef-0906a60d2a89,WR,Wide Receiver,receiving_tgts,,7.5,7.5
Xavier Hutchinson,4ab08caa-b79d-598e-82ef-0906a60d2a89,WR,Wide Receiver,receiving_tgts,,3.5,3.5
Xavier Hutchinson,4ab08caa-b79d-598e-82ef-0906a60d2a89,WR,Wide Receiver,receiving_long,,12.5,12.5
Xavier Hutchinson,4ab08caa-b79d-598e-82ef-0906a60d2a89,WR,Wide Receiver,period_first_touchdown_scored,,0.5,0.5
Xavier Hutchinson,4ab08caa-b79d-598e-82ef-0906a60d2a89,WR,Wide Receiver,period_1_rush_rec_tds,,0.5,0.5
Xavier Hutchinson,4ab08caa-b79d-598e-82ef-0906a60d2a89,WR,Wide Receiver,period_1_receiving_yds,,0.5,0.5
Xavier Hutchinson,4ab08caa-b79d-598e-82ef-0906a60d2a89,WR,Wide Receiver,period_1_receiving_rec,,0.5,0.5
Xavier Hutchinson,4ab08caa-b79d-598e-82ef-0906a60d2a89,WR,Wide Receiver,period_1_2_rush_rec_tds,,0.5,0.5
Xavier Hutchinson,4ab08caa-b79d-598e-82ef-0906a60d2a89,WR,Wide Receiver,period_1_2_receiving_yds,,7.5,7.5
Xavier Hutchinson,4ab08caa-b79d-598e-82ef-0906a60d2a89,WR,Wide Receiver,25_rec_yds_each_half,,0.5,0.5
Xavier Hutchinson,4ab08caa-b79d-598e-82ef-0906a60d2a89,WR,Wide Receiver,period_1_2_receiving_rec,,0.5,0.5
Xavier Hutchinson,4ab08caa-b79d-598e-82ef-0906a60d2a89,WR,Wide Receiver,game_high_receiving_yards,,0.5,0.5
Kayshon Boutte,4ab08caa-b79d-598e-82ef-0906a60d2a89,WR,Wide Receiver,rush_rec_tds,,0.5,0.5
Kayshon Boutte,4ab08caa-b79d-598e-82ef-0906a60d2a89,WR,Wide Receiver,rush_rec_yds,,19.5,19.5
Kayshon Boutte,4ab08caa-b79d-598e-82ef-0906a60d2a89,WR,Wide Receiver,receiving_yds,,22.5,22.5
Kayshon Boutte,4ab08caa-b79d-598e-82ef-0906a60d2a89,WR,Wide Receiver,receiving_rec,,1.5,1.5
Kayshon Boutte,4ab08caa-b79d-598e-82ef-0906a60d2a89,WR,Wide Receiver,receiving_tgts,,2.5,2.5
Kayshon Boutte,4ab08caa-b79d-598e-82ef-0906a60d2a89,WR,Wide Receiver,receiving_tgts,,5.5,5.5
Kayshon Boutte,4ab08caa-b79d-598e-82ef-0906a60d2a89,WR,Wide Receiver,receiving_tgts,,6.5,6.5
Kayshon Boutte,4ab08caa-b79d-598e-82ef-0906a60d2a89,WR,Wide Receiver,receiving_tgts,,4.5,4.5
Kayshon Boutte,4ab08caa-b79d-598e-82ef-0906a60d2a89,WR,Wide Receiver,receiving_tgts,,3.5,3.5
Kayshon Boutte,4ab08caa-b79d-598e-82ef-0906a60d2a89,WR,Wide Receiver,receiving_tgts,,7.5,7.5
Kayshon Boutte,4ab08caa-b79d-598e-82ef-0906a60d2a89,WR,Wide Receiver,receiving_long,,13.5,13.5
Kayshon Boutte,4ab08caa-b79d-598e-82ef-0906a60d2a89,WR,Wide Receiver,period_first_touchdown_scored,,0.5,0.5
Kayshon Boutte,4ab08caa-b79d-598e-82ef-0906a60d2a89,WR,Wide Receiver,period_1_rush_rec_tds,,0.5,0.5
Kayshon Boutte,4ab08caa-b79d-598e-82ef-0906a60d2a89,WR,Wide Receiver,period_1_receiving_yds,,0.5,0.5
Kayshon Boutte,4ab08caa-b79d-598e-82ef-0906a60d2a89,WR,Wide Receiver,period_1_receiving_rec,,0.5,0.5
Kayshon Boutte,4ab08caa-b79d-598e-82ef-0906a60d2a89,WR,Wide Receiver,period_1_2_rush_rec_tds,,0.5,0.5
Kayshon Boutte,4ab08caa-b79d-598e-82ef-0906a60d2a89,WR,Wide Receiver,period_1_2_receiving_yds,,7.5,7.5
Kayshon Boutte,4ab08caa-b79d-598e-82ef-0906a60d2a89,WR,Wide Receiver,25_rec_yds_each_half,,0.5,0.5
Kayshon Boutte,4ab08caa-b79d-598e-82ef-0906a60d2a89,WR,Wide Receiver,period_1_2_receiving_rec,,0.5,0.5
Kayshon Boutte,4ab08caa-b79d-598e-82ef-0906a60d2a89,WR,Wide Receiver,game_high_receiving_yards,,0.5,0.5
Cade Stover,4ab08caa-b79d-598e-82ef-0906a60d2a89,TE,Tight End,rush_rec_tds,,0.5,0.5
Ty Johnson,0719b253-43db-532e-8b5c-6c12c6c3f951,RB,Running Back,rush_rec_tds,,0.5,0.5
Ty Johnson,0719b253-43db-532e-8b5c-6c12c6c3f951,RB,Running Back,period_first_touchdown_scored,,0.5,0.5
Ty Johnson,0719b253-43db-532e-8b5c-6c12c6c3f951,RB,Running Back,period_1_rush_rec_tds,,0.5,0.5
Ty Johnson,0719b253-43db-532e-8b5c-6c12c6c3f951,RB,Running Back,period_1_2_rush_rec_tds,,0.5,0.5
Jaylin Noel,4ab08caa-b79d-598e-82ef-0906a60d2a89,WR,Wide Receiver,rush_rec_tds,,0.5,0.5
Jaylin Noel,4ab08caa-b79d-598e-82ef-0906a60d2a89,WR,Wide Receiver,period_first_touchdown_scored,,0.5,0.5
Jaylin Noel,4ab08caa-b79d-598e-82ef-0906a60d2a89,WR,Wide Receiver,period_1_2_rush_rec_tds,,0.5,0.5
Will Anderson,4ab08caa-b79d-598e-82ef-0906a60d2a89,DE,Defensive End,sacks,,0.75,0.75
Skyler Bell,0719b253-43db-532e-8b5c-6c12c6c3f951,WR,Wide Receiver,rush_rec_tds,,0.5,0.5
Foster Moreau,4ab08caa-b79d-598e-82ef-0906a60d2a89,TE,Tight End,rush_rec_tds,,0.5,0.5
Jared Wayne,4ab08caa-b79d-598e-82ef-0906a60d2a89,WR,Wide Receiver,rush_rec_tds,,0.5,0.5
British Brooks,4ab08caa-b79d-598e-82ef-0906a60d2a89,RB,Running Back,rush_rec_tds,,0.5,0.5
Marlin Klein,4ab08caa-b79d-598e-82ef-0906a60d2a89,TE,Tight End,rush_rec_tds,,0.5,0.5
Jackson Hawes,0719b253-43db-532e-8b5c-6c12c6c3f951,TE,Tight End,rush_rec_tds,,0.5,0.5
Ka'imi Fairbairn,4ab08caa-b79d-598e-82ef-0906a60d2a89,K,Kicker,field_goals_made,,1.5,1.5
Tyler Bass,0719b253-43db-532e-8b5c-6c12c6c3f951,K,Kicker,field_goals_made,,1.5,1.5
Tyler Bass,0719b253-43db-532e-8b5c-6c12c6c3f951,K,Kicker,extra_points_made,,2.5,2.5
Tyler Bass,0719b253-43db-532e-8b5c-6c12c6c3f951,K,Kicker,kicking_points,,6.5,6.5
Ka'imi Fairbairn,4ab08caa-b79d-598e-82ef-0906a60d2a89,K,Kicker,kicking_points,,7.5,7.5
Ka'imi Fairbairn,4ab08caa-b79d-598e-82ef-0906a60d2a89,K,Kicker,extra_points_made,,2.5,2.5
Danielle Hunter,4ab08caa-b79d-598e-82ef-0906a60d2a89,DE,Defensive End,sacks,,0.75,0.75
Calen Bullock,4ab08caa-b79d-598e-82ef-0906a60d2a89,SAF,Safety,defensive_ints,,0.5,0.5
Cole Bishop,0719b253-43db-532e-8b5c-6c12c6c3f951,SAF,Safety,defensive_ints,,0.5,0.5
Maxwell Hairston,0719b253-43db-532e-8b5c-6c12c6c3f951,CB,Cornerback,defensive_ints,,0.5,0.5
Reed Blankenship,4ab08caa-b79d-598e-82ef-0906a60d2a89,SAF,Safety,defensive_ints,,0.5,0.5
Kamari Lassiter,4ab08caa-b79d-598e-82ef-0906a60d2a89,CB,Cornerback,defensive_ints,,0.5,0.5
Dee Alford,0719b253-43db-532e-8b5c-6c12c6c3f951,CB,Cornerback,defensive_ints,,0.5,0.5
C.J. Gardner-Johnson,0719b253-43db-532e-8b5c-6c12c6c3f951,SAF,Safety,defensive_ints,,0.5,0.5
Skyler Bell,0719b253-43db-532e-8b5c-6c12c6c3f951,WR,Wide Receiver,period_1_2_rush_rec_tds,,0.5,0.5
Jackson Hawes,0719b253-43db-532e-8b5c-6c12c6c3f951,TE,Tight End,period_1_2_rush_rec_tds,,0.5,0.5
Derek Stingley,4ab08caa-b79d-598e-82ef-0906a60d2a89,CB,Cornerback,defensive_ints,,0.5,0.5
Marlin Klein,4ab08caa-b79d-598e-82ef-0906a60d2a89,TE,Tight End,period_1_2_rush_rec_tds,,0.5,0.5
Christian Benford,0719b253-43db-532e-8b5c-6c12c6c3f951,CB,Cornerback,defensive_ints,,0.5,0.5
Bucky Irving,1a20f1da-c502-5224-9c4a-bc363174cd21,RB,Running Back,rush_rec_tds,,0.5,0.5
Bucky Irving,1a20f1da-c502-5224-9c4a-bc363174cd21,RB,Running Back,rushing_yds,,58.5,58.5
Bucky Irving,1a20f1da-c502-5224-9c4a-bc363174cd21,RB,Running Back,rush_rec_yds,,75.5,75.5
Bucky Irving,1a20f1da-c502-5224-9c4a-bc363174cd21,RB,Running Back,receiving_yds,,13.5,13.5
Bucky Irving,1a20f1da-c502-5224-9c4a-bc363174cd21,RB,Running Back,receiving_rec,,2.5,2.5
Bucky Irving,1a20f1da-c502-5224-9c4a-bc363174cd21,RB,Running Back,rushing_att,,14.5,14.5
Bucky Irving,1a20f1da-c502-5224-9c4a-bc363174cd21,RB,Running Back,receiving_long,,9.5,9.5
Bucky Irving,1a20f1da-c502-5224-9c4a-bc363174cd21,RB,Running Back,rushing_long,,13.5,13.5
Bucky Irving,1a20f1da-c502-5224-9c4a-bc363174cd21,RB,Running Back,period_first_touchdown_scored,,0.5,0.5
Bucky Irving,1a20f1da-c502-5224-9c4a-bc363174cd21,RB,Running Back,last_touchdown_scored,,0.5,0.5
Bucky Irving,1a20f1da-c502-5224-9c4a-bc363174cd21,RB,Running Back,fantasy_points,,10.75,10.75
Bucky Irving,1a20f1da-c502-5224-9c4a-bc363174cd21,RB,Running Back,fantasy_points,,18.75,18.75
Bucky Irving,1a20f1da-c502-5224-9c4a-bc363174cd21,RB,Running Back,fantasy_points,,14.75,14.75
Bucky Irving,1a20f1da-c502-5224-9c4a-bc363174cd21,RB,Running Back,period_1_rush_rec_tds,,0.5,0.5
Bucky Irving,1a20f1da-c502-5224-9c4a-bc363174cd21,RB,Running Back,period_1_receiving_yds,,0.5,0.5
Bucky Irving,1a20f1da-c502-5224-9c4a-bc363174cd21,RB,Running Back,period_1_receiving_rec,,0.5,0.5
Bucky Irving,1a20f1da-c502-5224-9c4a-bc363174cd21,RB,Running Back,period_1_rushing_yds,,13.5,13.5
Bucky Irving,1a20f1da-c502-5224-9c4a-bc363174cd21,RB,Running Back,period_1_2_rush_rec_tds,,0.5,0.5
Bucky Irving,1a20f1da-c502-5224-9c4a-bc363174cd21,RB,Running Back,period_1_2_receiving_yds,,4.5,4.5
Bucky Irving,1a20f1da-c502-5224-9c4a-bc363174cd21,RB,Running Back,25_rush_yds_each_half,,0.5,0.5
Bucky Irving,1a20f1da-c502-5224-9c4a-bc363174cd21,RB,Running Back,period_1_2_rushing_yds,,28.5,28.5
Bucky Irving,1a20f1da-c502-5224-9c4a-bc363174cd21,RB,Running Back,period_1_2_receiving_rec,,0.5,0.5
Bucky Irving,1a20f1da-c502-5224-9c4a-bc363174cd21,RB,Running Back,50_rush_yds_each_half,,0.5,0.5
Bucky Irving,1a20f1da-c502-5224-9c4a-bc363174cd21,RB,Running Back,game_high_rushing_yards,,0.5,0.5
Bucky Irving,1a20f1da-c502-5224-9c4a-bc363174cd21,RB,Running Back,fumbles_lost,,0.5,0.5
Chase Brown,ab235cf0-a041-5d36-8241-90a90f0dcb5e,RB,Running Back,rush_rec_tds,,0.5,0.5
Chase Brown,ab235cf0-a041-5d36-8241-90a90f0dcb5e,RB,Running Back,rushing_yds,,58.5,58.5
Chase Brown,ab235cf0-a041-5d36-8241-90a90f0dcb5e,RB,Running Back,receiving_yds,,23.5,23.5
Chase Brown,ab235cf0-a041-5d36-8241-90a90f0dcb5e,RB,Running Back,rush_rec_yds,,86.5,86.5
Chase Brown,ab235cf0-a041-5d36-8241-90a90f0dcb5e,RB,Running Back,receiving_rec,,3.5,3.5
Chase Brown,ab235cf0-a041-5d36-8241-90a90f0dcb5e,RB,Running Back,rushing_att,,14.5,14.5
Chase Brown,ab235cf0-a041-5d36-8241-90a90f0dcb5e,RB,Running Back,receiving_tgts,,4.5,4.5
Chase Brown,ab235cf0-a041-5d36-8241-90a90f0dcb5e,RB,Running Back,receiving_tgts,,3.5,3.5
Chase Brown,ab235cf0-a041-5d36-8241-90a90f0dcb5e,RB,Running Back,receiving_tgts,,5.5,5.5
Chase Brown,ab235cf0-a041-5d36-8241-90a90f0dcb5e,RB,Running Back,receiving_tgts,,6.5,6.5
Chase Brown,ab235cf0-a041-5d36-8241-90a90f0dcb5e,RB,Running Back,receiving_tgts,,7.5,7.5
Chase Brown,ab235cf0-a041-5d36-8241-90a90f0dcb5e,RB,Running Back,receiving_tgts,,8.5,8.5
Chase Brown,ab235cf0-a041-5d36-8241-90a90f0dcb5e,RB,Running Back,receiving_long,,10.5,10.5
Chase Brown,ab235cf0-a041-5d36-8241-90a90f0dcb5e,RB,Running Back,rushing_long,,13.5,13.5
Chase Brown,ab235cf0-a041-5d36-8241-90a90f0dcb5e,RB,Running Back,period_first_touchdown_scored,,0.5,0.5
Chase Brown,ab235cf0-a041-5d36-8241-90a90f0dcb5e,RB,Running Back,last_touchdown_scored,,0.5,0.5
Chase Brown,ab235cf0-a041-5d36-8241-90a90f0dcb5e,RB,Running Back,fantasy_points,,22.65,22.65
Chase Brown,ab235cf0-a041-5d36-8241-90a90f0dcb5e,RB,Running Back,fantasy_points,,14.65,14.65
Chase Brown,ab235cf0-a041-5d36-8241-90a90f0dcb5e,RB,Running Back,fantasy_points,,18.65,18.65
Chase Brown,ab235cf0-a041-5d36-8241-90a90f0dcb5e,RB,Running Back,period_1_rush_rec_tds,,0.5,0.5
Chase Brown,ab235cf0-a041-5d36-8241-90a90f0dcb5e,RB,Running Back,period_1_receiving_yds,,2.5,2.5
Chase Brown,ab235cf0-a041-5d36-8241-90a90f0dcb5e,RB,Running Back,period_1_receiving_rec,,0.5,0.5
Chase Brown,ab235cf0-a041-5d36-8241-90a90f0dcb5e,RB,Running Back,period_1_rushing_yds,,12.5,12.5
Chase Brown,ab235cf0-a041-5d36-8241-90a90f0dcb5e,RB,Running Back,period_1_2_rush_rec_tds,,0.5,0.5
Chase Brown,ab235cf0-a041-5d36-8241-90a90f0dcb5e,RB,Running Back,period_1_2_receiving_yds,,11.5,11.5
Chase Brown,ab235cf0-a041-5d36-8241-90a90f0dcb5e,RB,Running Back,period_1_2_rushing_yds,,27.5,27.5
Chase Brown,ab235cf0-a041-5d36-8241-90a90f0dcb5e,RB,Running Back,25_rush_yds_each_half,,0.5,0.5
Chase Brown,ab235cf0-a041-5d36-8241-90a90f0dcb5e,RB,Running Back,period_1_2_receiving_rec,,1.5,1.5
Chase Brown,ab235cf0-a041-5d36-8241-90a90f0dcb5e,RB,Running Back,50_rush_yds_each_half,,0.5,0.5
Chase Brown,ab235cf0-a041-5d36-8241-90a90f0dcb5e,RB,Running Back,game_high_rushing_yards,,0.5,0.5
Chase Brown,ab235cf0-a041-5d36-8241-90a90f0dcb5e,RB,Running Back,fumbles_lost,,0.5,0.5
Ja'Marr Chase,ab235cf0-a041-5d36-8241-90a90f0dcb5e,WR,Wide Receiver,rush_rec_tds,,0.5,0.5
Ja'Marr Chase,ab235cf0-a041-5d36-8241-90a90f0dcb5e,WR,Wide Receiver,receiving_yds,,87.5,87.5
Ja'Marr Chase,ab235cf0-a041-5d36-8241-90a90f0dcb5e,WR,Wide Receiver,rush_rec_yds,,88.5,88.5
Ja'Marr Chase,ab235cf0-a041-5d36-8241-90a90f0dcb5e,WR,Wide Receiver,receiving_rec,,7.5,7.5
Ja'Marr Chase,ab235cf0-a041-5d36-8241-90a90f0dcb5e,WR,Wide Receiver,receiving_tgts,,14.5,14.5
Ja'Marr Chase,ab235cf0-a041-5d36-8241-90a90f0dcb5e,WR,Wide Receiver,receiving_tgts,,10.5,10.5
Ja'Marr Chase,ab235cf0-a041-5d36-8241-90a90f0dcb5e,WR,Wide Receiver,receiving_tgts,,12.5,12.5
Ja'Marr Chase,ab235cf0-a041-5d36-8241-90a90f0dcb5e,WR,Wide Receiver,receiving_tgts,,11.5,11.5
Ja'Marr Chase,ab235cf0-a041-5d36-8241-90a90f0dcb5e,WR,Wide Receiver,receiving_tgts,,13.5,13.5
Ja'Marr Chase,ab235cf0-a041-5d36-8241-90a90f0dcb5e,WR,Wide Receiver,receiving_tgts,,9.5,9.5
Ja'Marr Chase,ab235cf0-a041-5d36-8241-90a90f0dcb5e,WR,Wide Receiver,receiving_long,,26.5,26.5
Ja'Marr Chase,ab235cf0-a041-5d36-8241-90a90f0dcb5e,WR,Wide Receiver,period_first_touchdown_scored,,0.5,0.5
Ja'Marr Chase,ab235cf0-a041-5d36-8241-90a90f0dcb5e,WR,Wide Receiver,last_touchdown_scored,,0.5,0.5
Ja'Marr Chase,ab235cf0-a041-5d36-8241-90a90f0dcb5e,WR,Wide Receiver,fantasy_points,,19.25,19.25
Ja'Marr Chase,ab235cf0-a041-5d36-8241-90a90f0dcb5e,WR,Wide Receiver,fantasy_points,,23.25,23.25
Ja'Marr Chase,ab235cf0-a041-5d36-8241-90a90f0dcb5e,WR,Wide Receiver,fantasy_points,,15.25,15.25
Ja'Marr Chase,ab235cf0-a041-5d36-8241-90a90f0dcb5e,WR,Wide Receiver,period_1_rush_rec_tds,,0.5,0.5
Ja'Marr Chase,ab235cf0-a041-5d36-8241-90a90f0dcb5e,WR,Wide Receiver,period_1_receiving_yds,,16.5,16.5
Ja'Marr Chase,ab235cf0-a041-5d36-8241-90a90f0dcb5e,WR,Wide Receiver,period_1_receiving_rec,,1.5,1.5
Ja'Marr Chase,ab235cf0-a041-5d36-8241-90a90f0dcb5e,WR,Wide Receiver,period_1_2_rush_rec_tds,,0.5,0.5
Ja'Marr Chase,ab235cf0-a041-5d36-8241-90a90f0dcb5e,WR,Wide Receiver,period_1_2_receiving_yds,,43.5,43.5
Ja'Marr Chase,ab235cf0-a041-5d36-8241-90a90f0dcb5e,WR,Wide Receiver,period_1_2_receiving_rec,,3.5,3.5
Ja'Marr Chase,ab235cf0-a041-5d36-8241-90a90f0dcb5e,WR,Wide Receiver,fumbles_lost,,0.5,0.5
Tee Higgins,ab235cf0-a041-5d36-8241-90a90f0dcb5e,WR,Wide Receiver,rush_rec_tds,,0.5,0.5
Tee Higgins,ab235cf0-a041-5d36-8241-90a90f0dcb5e,WR,Wide Receiver,receiving_yds,,60.5,60.5
Tee Higgins,ab235cf0-a041-5d36-8241-90a90f0dcb5e,WR,Wide Receiver,receiving_rec,,4.5,4.5
Tee Higgins,ab235cf0-a041-5d36-8241-90a90f0dcb5e,WR,Wide Receiver,receiving_tgts,,7.5,7.5
Tee Higgins,ab235cf0-a041-5d36-8241-90a90f0dcb5e,WR,Wide Receiver,receiving_tgts,,8.5,8.5
Tee Higgins,ab235cf0-a041-5d36-8241-90a90f0dcb5e,WR,Wide Receiver,receiving_tgts,,10.5,10.5
Tee Higgins,ab235cf0-a041-5d36-8241-90a90f0dcb5e,WR,Wide Receiver,receiving_tgts,,11.5,11.5
Tee Higgins,ab235cf0-a041-5d36-8241-90a90f0dcb5e,WR,Wide Receiver,receiving_tgts,,6.5,6.5
Tee Higgins,ab235cf0-a041-5d36-8241-90a90f0dcb5e,WR,Wide Receiver,receiving_tgts,,9.5,9.5
Tee Higgins,ab235cf0-a041-5d36-8241-90a90f0dcb5e,WR,Wide Receiver,receiving_long,,22.5,22.5
Tee Higgins,ab235cf0-a041-5d36-8241-90a90f0dcb5e,WR,Wide Receiver,period_first_touchdown_scored,,0.5,0.5
Tee Higgins,ab235cf0-a041-5d36-8241-90a90f0dcb5e,WR,Wide Receiver,last_touchdown_scored,,0.5,0.5
Tee Higgins,ab235cf0-a041-5d36-8241-90a90f0dcb5e,WR,Wide Receiver,fantasy_points,,15.05,15.05
Tee Higgins,ab235cf0-a041-5d36-8241-90a90f0dcb5e,WR,Wide Receiver,fantasy_points,,19.05,19.05
Tee Higgins,ab235cf0-a041-5d36-8241-90a90f0dcb5e,WR,Wide Receiver,fantasy_points,,11.05,11.05
Tee Higgins,ab235cf0-a041-5d36-8241-90a90f0dcb5e,WR,Wide Receiver,period_1_rush_rec_tds,,0.5,0.5
Tee Higgins,ab235cf0-a041-5d36-8241-90a90f0dcb5e,WR,Wide Receiver,period_1_receiving_yds,,10.5,10.5
Tee Higgins,ab235cf0-a041-5d36-8241-90a90f0dcb5e,WR,Wide Receiver,period_1_receiving_rec,,0.5,0.5
Tee Higgins,ab235cf0-a041-5d36-8241-90a90f0dcb5e,WR,Wide Receiver,period_1_2_rush_rec_tds,,0.5,0.5
Tee Higgins,ab235cf0-a041-5d36-8241-90a90f0dcb5e,WR,Wide Receiver,period_1_2_receiving_yds,,29.5,29.5
Tee Higgins,ab235cf0-a041-5d36-8241-90a90f0dcb5e,WR,Wide Receiver,period_1_2_receiving_rec,,2.5,2.5
Emeka Egbuka,1a20f1da-c502-5224-9c4a-bc363174cd21,WR,Wide Receiver,rush_rec_tds,,0.5,0.5
Emeka Egbuka,1a20f1da-c502-5224-9c4a-bc363174cd21,WR,Wide Receiver,receiving_yds,,54.5,54.5
Emeka Egbuka,1a20f1da-c502-5224-9c4a-bc363174cd21,WR,Wide Receiver,receiving_rec,,4.5,4.5
Emeka Egbuka,1a20f1da-c502-5224-9c4a-bc363174cd21,WR,Wide Receiver,receiving_long,,20.5,20.5
Emeka Egbuka,1a20f1da-c502-5224-9c4a-bc363174cd21,WR,Wide Receiver,period_first_touchdown_scored,,0.5,0.5
Emeka Egbuka,1a20f1da-c502-5224-9c4a-bc363174cd21,WR,Wide Receiver,period_1_rush_rec_tds,,0.5,0.5
Emeka Egbuka,1a20f1da-c502-5224-9c4a-bc363174cd21,WR,Wide Receiver,period_1_receiving_yds,,6.5,6.5
Emeka Egbuka,1a20f1da-c502-5224-9c4a-bc363174cd21,WR,Wide Receiver,period_1_receiving_rec,,0.5,0.5
Emeka Egbuka,1a20f1da-c502-5224-9c4a-bc363174cd21,WR,Wide Receiver,period_1_2_rush_rec_tds,,0.5,0.5
Emeka Egbuka,1a20f1da-c502-5224-9c4a-bc363174cd21,WR,Wide Receiver,period_1_2_receiving_yds,,21.5,21.5
Emeka Egbuka,1a20f1da-c502-5224-9c4a-bc363174cd21,WR,Wide Receiver,period_1_2_receiving_rec,,1.5,1.5
Jalen McMillan,1a20f1da-c502-5224-9c4a-bc363174cd21,WR,Wide Receiver,rush_rec_tds,,0.5,0.5
Jalen McMillan,1a20f1da-c502-5224-9c4a-bc363174cd21,WR,Wide Receiver,receiving_yds,,34.5,34.5
Jalen McMillan,1a20f1da-c502-5224-9c4a-bc363174cd21,WR,Wide Receiver,receiving_rec,,2.5,2.5
Jalen McMillan,1a20f1da-c502-5224-9c4a-bc363174cd21,WR,Wide Receiver,receiving_long,,18.5,18.5
Jalen McMillan,1a20f1da-c502-5224-9c4a-bc363174cd21,WR,Wide Receiver,period_first_touchdown_scored,,0.5,0.5
Jalen McMillan,1a20f1da-c502-5224-9c4a-bc363174cd21,WR,Wide Receiver,period_1_rush_rec_tds,,0.5,0.5
Jalen McMillan,1a20f1da-c502-5224-9c4a-bc363174cd21,WR,Wide Receiver,period_1_receiving_yds,,0.5,0.5
Jalen McMillan,1a20f1da-c502-5224-9c4a-bc363174cd21,WR,Wide Receiver,period_1_receiving_rec,,0.5,0.5
Jalen McMillan,1a20f1da-c502-5224-9c4a-bc363174cd21,WR,Wide Receiver,period_1_2_rush_rec_tds,,0.5,0.5
Jalen McMillan,1a20f1da-c502-5224-9c4a-bc363174cd21,WR,Wide Receiver,period_1_2_receiving_yds,,14.5,14.5
Jalen McMillan,1a20f1da-c502-5224-9c4a-bc363174cd21,WR,Wide Receiver,period_1_2_receiving_rec,,1.5,1.5
Mike Gesicki,ab235cf0-a041-5d36-8241-90a90f0dcb5e,TE,Tight End,rush_rec_tds,,0.5,0.5
Mike Gesicki,ab235cf0-a041-5d36-8241-90a90f0dcb5e,TE,Tight End,receiving_yds,,20.5,20.5
Mike Gesicki,ab235cf0-a041-5d36-8241-90a90f0dcb5e,TE,Tight End,receiving_rec,,2.5,2.5
Mike Gesicki,ab235cf0-a041-5d36-8241-90a90f0dcb5e,TE,Tight End,receiving_tgts,,3.5,3.5
Mike Gesicki,ab235cf0-a041-5d36-8241-90a90f0dcb5e,TE,Tight End,receiving_tgts,,1.5,1.5
Mike Gesicki,ab235cf0-a041-5d36-8241-90a90f0dcb5e,TE,Tight End,receiving_tgts,,4.5,4.5
Mike Gesicki,ab235cf0-a041-5d36-8241-90a90f0dcb5e,TE,Tight End,receiving_tgts,,5.5,5.5
Mike Gesicki,ab235cf0-a041-5d36-8241-90a90f0dcb5e,TE,Tight End,receiving_tgts,,6.5,6.5
Mike Gesicki,ab235cf0-a041-5d36-8241-90a90f0dcb5e,TE,Tight End,receiving_tgts,,2.5,2.5
Mike Gesicki,ab235cf0-a041-5d36-8241-90a90f0dcb5e,TE,Tight End,receiving_long,,10.5,10.5
Mike Gesicki,ab235cf0-a041-5d36-8241-90a90f0dcb5e,TE,Tight End,period_first_touchdown_scored,,0.5,0.5
Mike Gesicki,ab235cf0-a041-5d36-8241-90a90f0dcb5e,TE,Tight End,period_1_rush_rec_tds,,0.5,0.5
Mike Gesicki,ab235cf0-a041-5d36-8241-90a90f0dcb5e,TE,Tight End,period_1_receiving_yds,,0.5,0.5
Mike Gesicki,ab235cf0-a041-5d36-8241-90a90f0dcb5e,TE,Tight End,period_1_receiving_rec,,0.5,0.5
Mike Gesicki,ab235cf0-a041-5d36-8241-90a90f0dcb5e,TE,Tight End,period_1_2_rush_rec_tds,,0.5,0.5
Mike Gesicki,ab235cf0-a041-5d36-8241-90a90f0dcb5e,TE,Tight End,period_1_2_receiving_yds,,5.5,5.5
Mike Gesicki,ab235cf0-a041-5d36-8241-90a90f0dcb5e,TE,Tight End,period_1_2_receiving_rec,,0.5,0.5
Baker Mayfield,1a20f1da-c502-5224-9c4a-bc363174cd21,QB,Quarterback,rush_rec_tds,,0.5,0.5
Baker Mayfield,1a20f1da-c502-5224-9c4a-bc363174cd21,QB,Quarterback,passing_yds,,232.5,232.5
Baker Mayfield,1a20f1da-c502-5224-9c4a-bc363174cd21,QB,Quarterback,rushing_yds,,15.5,15.5
Baker Mayfield,1a20f1da-c502-5224-9c4a-bc363174cd21,QB,Quarterback,passing_tds,,1.5,1.5
Baker Mayfield,1a20f1da-c502-5224-9c4a-bc363174cd21,QB,Quarterback,period_1_passing_yds,,46.5,46.5
Baker Mayfield,1a20f1da-c502-5224-9c4a-bc363174cd21,QB,Quarterback,rushing_att,,3.5,3.5
Baker Mayfield,1a20f1da-c502-5224-9c4a-bc363174cd21,QB,Quarterback,passing_comps,,21.5,21.5
Baker Mayfield,1a20f1da-c502-5224-9c4a-bc363174cd21,QB,Quarterback,passing_and_rushing_yds,,251.5,251.5
Baker Mayfield,1a20f1da-c502-5224-9c4a-bc363174cd21,QB,Quarterback,passing_att,,31.5,31.5
Baker Mayfield,1a20f1da-c502-5224-9c4a-bc363174cd21,QB,Quarterback,passing_ints,,0.5,0.5
Baker Mayfield,1a20f1da-c502-5224-9c4a-bc363174cd21,QB,Quarterback,rushing_long,,9.5,9.5
Baker Mayfield,1a20f1da-c502-5224-9c4a-bc363174cd21,QB,Quarterback,passing_long,,35.5,35.5
Baker Mayfield,1a20f1da-c502-5224-9c4a-bc363174cd21,QB,Quarterback,period_first_touchdown_scored,,0.5,0.5
Baker Mayfield,1a20f1da-c502-5224-9c4a-bc363174cd21,QB,Quarterback,fantasy_points,,18.45,18.45
Baker Mayfield,1a20f1da-c502-5224-9c4a-bc363174cd21,QB,Quarterback,fantasy_points,,26.45,26.45
Baker Mayfield,1a20f1da-c502-5224-9c4a-bc363174cd21,QB,Quarterback,fantasy_points,,22.45,22.45
Baker Mayfield,1a20f1da-c502-5224-9c4a-bc363174cd21,QB,Quarterback,period_1_rush_rec_tds,,0.5,0.5
Baker Mayfield,1a20f1da-c502-5224-9c4a-bc363174cd21,QB,Quarterback,period_1_passing_tds,,0.5,0.5
Baker Mayfield,1a20f1da-c502-5224-9c4a-bc363174cd21,QB,Quarterback,period_1_rushing_yds,,0.5,0.5
Baker Mayfield,1a20f1da-c502-5224-9c4a-bc363174cd21,QB,Quarterback,period_1_2_rush_rec_tds,,0.5,0.5
Baker Mayfield,1a20f1da-c502-5224-9c4a-bc363174cd21,QB,Quarterback,period_1_2_passing_yds,,110.5,110.5
Baker Mayfield,1a20f1da-c502-5224-9c4a-bc363174cd21,QB,Quarterback,period_1_2_rushing_yds,,5.5,5.5
Baker Mayfield,1a20f1da-c502-5224-9c4a-bc363174cd21,QB,Quarterback,25_rush_yds_each_half,,0.5,0.5
Baker Mayfield,1a20f1da-c502-5224-9c4a-bc363174cd21,QB,Quarterback,period_1_2_passing_tds,,0.5,0.5
Baker Mayfield,1a20f1da-c502-5224-9c4a-bc363174cd21,QB,Quarterback,25_pass_yds_each_quarter,,0.5,0.5
Baker Mayfield,1a20f1da-c502-5224-9c4a-bc363174cd21,QB,Quarterback,100_pass_yds_each_half,,0.5,0.5
Baker Mayfield,1a20f1da-c502-5224-9c4a-bc363174cd21,QB,Quarterback,50_pass_yds_each_quarter,,0.5,0.5
Baker Mayfield,1a20f1da-c502-5224-9c4a-bc363174cd21,QB,Quarterback,150_pass_yds_each_half,,0.5,0.5
Baker Mayfield,1a20f1da-c502-5224-9c4a-bc363174cd21,QB,Quarterback,game_high_passing_yards,,0.5,0.5
Baker Mayfield,1a20f1da-c502-5224-9c4a-bc363174cd21,QB,Quarterback,game_high_rushing_yards,,0.5,0.5
Baker Mayfield,1a20f1da-c502-5224-9c4a-bc363174cd21,QB,Quarterback,fumbles_lost,,0.5,0.5
Andrei Iosivas,ab235cf0-a041-5d36-8241-90a90f0dcb5e,WR,Wide Receiver,rush_rec_tds,,0.5,0.5
Andrei Iosivas,ab235cf0-a041-5d36-8241-90a90f0dcb5e,WR,Wide Receiver,rush_rec_yds,,9.5,9.5
Andrei Iosivas,ab235cf0-a041-5d36-8241-90a90f0dcb5e,WR,Wide Receiver,receiving_yds,,9.5,9.5
Andrei Iosivas,ab235cf0-a041-5d36-8241-90a90f0dcb5e,WR,Wide Receiver,receiving_rec,,1.5,1.5
Andrei Iosivas,ab235cf0-a041-5d36-8241-90a90f0dcb5e,WR,Wide Receiver,receiving_long,,8.5,8.5
Andrei Iosivas,ab235cf0-a041-5d36-8241-90a90f0dcb5e,WR,Wide Receiver,period_first_touchdown_scored,,0.5,0.5
Andrei Iosivas,ab235cf0-a041-5d36-8241-90a90f0dcb5e,WR,Wide Receiver,period_1_rush_rec_tds,,0.5,0.5
Andrei Iosivas,ab235cf0-a041-5d36-8241-90a90f0dcb5e,WR,Wide Receiver,period_1_receiving_yds,,0.5,0.5
Andrei Iosivas,ab235cf0-a041-5d36-8241-90a90f0dcb5e,WR,Wide Receiver,period_1_receiving_rec,,0.5,0.5
Andrei Iosivas,ab235cf0-a041-5d36-8241-90a90f0dcb5e,WR,Wide Receiver,period_1_2_rush_rec_tds,,0.5,0.5
Andrei Iosivas,ab235cf0-a041-5d36-8241-90a90f0dcb5e,WR,Wide Receiver,period_1_2_receiving_yds,,0.5,0.5
Andrei Iosivas,ab235cf0-a041-5d36-8241-90a90f0dcb5e,WR,Wide Receiver,period_1_2_receiving_rec,,0.5,0.5
Kenny Gainwell,1a20f1da-c502-5224-9c4a-bc363174cd21,RB,Running Back,rush_rec_tds,,0.5,0.5
Kenny Gainwell,1a20f1da-c502-5224-9c4a-bc363174cd21,RB,Running Back,rushing_yds,,20.5,20.5
Kenny Gainwell,1a20f1da-c502-5224-9c4a-bc363174cd21,RB,Running Back,receiving_yds,,22.5,22.5
Kenny Gainwell,1a20f1da-c502-5224-9c4a-bc363174cd21,RB,Running Back,rush_rec_yds,,46.5,46.5
Kenny Gainwell,1a20f1da-c502-5224-9c4a-bc363174cd21,RB,Running Back,receiving_rec,,3.5,3.5
Kenny Gainwell,1a20f1da-c502-5224-9c4a-bc363174cd21,RB,Running Back,rushing_att,,5.5,5.5
Kenny Gainwell,1a20f1da-c502-5224-9c4a-bc363174cd21,RB,Running Back,receiving_long,,11.5,11.5
Kenny Gainwell,1a20f1da-c502-5224-9c4a-bc363174cd21,RB,Running Back,rushing_long,,9.5,9.5
Kenny Gainwell,1a20f1da-c502-5224-9c4a-bc363174cd21,RB,Running Back,period_first_touchdown_scored,,0.5,0.5
Kenny Gainwell,1a20f1da-c502-5224-9c4a-bc363174cd21,RB,Running Back,period_1_rush_rec_tds,,0.5,0.5
Kenny Gainwell,1a20f1da-c502-5224-9c4a-bc363174cd21,RB,Running Back,period_1_receiving_yds,,0.5,0.5
Kenny Gainwell,1a20f1da-c502-5224-9c4a-bc363174cd21,RB,Running Back,period_1_receiving_rec,,0.5,0.5
Kenny Gainwell,1a20f1da-c502-5224-9c4a-bc363174cd21,RB,Running Back,period_1_rushing_yds,,2.5,2.5
Kenny Gainwell,1a20f1da-c502-5224-9c4a-bc363174cd21,RB,Running Back,period_1_2_rush_rec_tds,,0.5,0.5
Kenny Gainwell,1a20f1da-c502-5224-9c4a-bc363174cd21,RB,Running Back,period_1_2_receiving_yds,,7.5,7.5
Kenny Gainwell,1a20f1da-c502-5224-9c4a-bc363174cd21,RB,Running Back,period_1_2_rushing_yds,,8.5,8.5
Kenny Gainwell,1a20f1da-c502-5224-9c4a-bc363174cd21,RB,Running Back,period_1_2_receiving_rec,,1.5,1.5
Kenny Gainwell,1a20f1da-c502-5224-9c4a-bc363174cd21,RB,Running Back,game_high_rushing_yards,,0.5,0.5
Kenny Gainwell,1a20f1da-c502-5224-9c4a-bc363174cd21,RB,Running Back,fumbles_lost,,0.5,0.5
Joe Burrow,ab235cf0-a041-5d36-8241-90a90f0dcb5e,QB,Quarterback,rush_rec_tds,,0.5,0.5
Joe Burrow,ab235cf0-a041-5d36-8241-90a90f0dcb5e,QB,Quarterback,passing_yds,,266.5,266.5
Joe Burrow,ab235cf0-a041-5d36-8241-90a90f0dcb5e,QB,Quarterback,rushing_yds,,6.5,6.5
Joe Burrow,ab235cf0-a041-5d36-8241-90a90f0dcb5e,QB,Quarterback,passing_tds,,2.5,2.5
Joe Burrow,ab235cf0-a041-5d36-8241-90a90f0dcb5e,QB,Quarterback,rushing_att,,2.5,2.5
Joe Burrow,ab235cf0-a041-5d36-8241-90a90f0dcb5e,QB,Quarterback,period_1_passing_yds,,60.5,60.5
Joe Burrow,ab235cf0-a041-5d36-8241-90a90f0dcb5e,QB,Quarterback,passing_and_rushing_yds,,277.5,277.5
Joe Burrow,ab235cf0-a041-5d36-8241-90a90f0dcb5e,QB,Quarterback,passing_comps,,24.5,24.5
Joe Burrow,ab235cf0-a041-5d36-8241-90a90f0dcb5e,QB,Quarterback,passing_att,,34.5,34.5
Joe Burrow,ab235cf0-a041-5d36-8241-90a90f0dcb5e,QB,Quarterback,passing_ints,,0.5,0.5
Joe Burrow,ab235cf0-a041-5d36-8241-90a90f0dcb5e,QB,Quarterback,rushing_long,,5.5,5.5
Joe Burrow,ab235cf0-a041-5d36-8241-90a90f0dcb5e,QB,Quarterback,passing_long,,38.5,38.5
Joe Burrow,ab235cf0-a041-5d36-8241-90a90f0dcb5e,QB,Quarterback,fantasy_points,,29.35,29.35
Joe Burrow,ab235cf0-a041-5d36-8241-90a90f0dcb5e,QB,Quarterback,fantasy_points,,25.35,25.35
Joe Burrow,ab235cf0-a041-5d36-8241-90a90f0dcb5e,QB,Quarterback,fantasy_points,,21.35,21.35
Joe Burrow,ab235cf0-a041-5d36-8241-90a90f0dcb5e,QB,Quarterback,period_1_passing_tds,,0.5,0.5
Joe Burrow,ab235cf0-a041-5d36-8241-90a90f0dcb5e,QB,Quarterback,period_1_rushing_yds,,0.5,0.5
Joe Burrow,ab235cf0-a041-5d36-8241-90a90f0dcb5e,QB,Quarterback,period_1_2_rush_rec_tds,,0.5,0.5
Joe Burrow,ab235cf0-a041-5d36-8241-90a90f0dcb5e,QB,Quarterback,period_1_2_passing_yds,,138.5,138.5
Joe Burrow,ab235cf0-a041-5d36-8241-90a90f0dcb5e,QB,Quarterback,period_1_2_rushing_yds,,0.5,0.5
Joe Burrow,ab235cf0-a041-5d36-8241-90a90f0dcb5e,QB,Quarterback,period_1_2_passing_tds,,0.5,0.5
Joe Burrow,ab235cf0-a041-5d36-8241-90a90f0dcb5e,QB,Quarterback,100_pass_yds_each_half,,0.5,0.5
Joe Burrow,ab235cf0-a041-5d36-8241-90a90f0dcb5e,QB,Quarterback,25_pass_yds_each_quarter,,0.5,0.5
Joe Burrow,ab235cf0-a041-5d36-8241-90a90f0dcb5e,QB,Quarterback,150_pass_yds_each_half,,0.5,0.5
Joe Burrow,ab235cf0-a041-5d36-8241-90a90f0dcb5e,QB,Quarterback,50_pass_yds_each_quarter,,0.5,0.5
Joe Burrow,ab235cf0-a041-5d36-8241-90a90f0dcb5e,QB,Quarterback,game_high_passing_yards,,0.5,0.5
Joe Burrow,ab235cf0-a041-5d36-8241-90a90f0dcb5e,QB,Quarterback,fumbles_lost,,0.5,0.5
Cade Otton,1a20f1da-c502-5224-9c4a-bc363174cd21,TE,Tight End,rush_rec_tds,,0.5,0.5
Cade Otton,1a20f1da-c502-5224-9c4a-bc363174cd21,TE,Tight End,receiving_yds,,28.5,28.5
Cade Otton,1a20f1da-c502-5224-9c4a-bc363174cd21,TE,Tight End,receiving_rec,,3.5,3.5
Cade Otton,1a20f1da-c502-5224-9c4a-bc363174cd21,TE,Tight End,receiving_long,,14.5,14.5
Cade Otton,1a20f1da-c502-5224-9c4a-bc363174cd21,TE,Tight End,period_first_touchdown_scored,,0.5,0.5
Cade Otton,1a20f1da-c502-5224-9c4a-bc363174cd21,TE,Tight End,period_1_rush_rec_tds,,0.5,0.5
Cade Otton,1a20f1da-c502-5224-9c4a-bc363174cd21,TE,Tight End,period_1_receiving_yds,,0.5,0.5
Cade Otton,1a20f1da-c502-5224-9c4a-bc363174cd21,TE,Tight End,period_1_receiving_rec,,0.5,0.5
Cade Otton,1a20f1da-c502-5224-9c4a-bc363174cd21,TE,Tight End,period_1_2_rush_rec_tds,,0.5,0.5
Cade Otton,1a20f1da-c502-5224-9c4a-bc363174cd21,TE,Tight End,period_1_2_receiving_yds,,11.5,11.5
Cade Otton,1a20f1da-c502-5224-9c4a-bc363174cd21,TE,Tight End,period_1_2_receiving_rec,,1.5,1.5
Tahj Brooks,ab235cf0-a041-5d36-8241-90a90f0dcb5e,RB,Running Back,rush_rec_tds,,0.5,0.5
Tahj Brooks,ab235cf0-a041-5d36-8241-90a90f0dcb5e,RB,Running Back,period_1_2_rush_rec_tds,,0.5,0.5
Sean Tucker,1a20f1da-c502-5224-9c4a-bc363174cd21,RB,Running Back,rush_rec_tds,,0.5,0.5
Sean Tucker,1a20f1da-c502-5224-9c4a-bc363174cd21,RB,Running Back,period_first_touchdown_scored,,0.5,0.5
Sean Tucker,1a20f1da-c502-5224-9c4a-bc363174cd21,RB,Running Back,period_1_rush_rec_tds,,0.5,0.5
Sean Tucker,1a20f1da-c502-5224-9c4a-bc363174cd21,RB,Running Back,period_1_2_rush_rec_tds,,0.5,0.5
Samaje Perine,ab235cf0-a041-5d36-8241-90a90f0dcb5e,RB,Running Back,rush_rec_tds,,0.5,0.5
Payne Durham,1a20f1da-c502-5224-9c4a-bc363174cd21,TE,Tight End,rush_rec_tds,,0.5,0.5
Samaje Perine,ab235cf0-a041-5d36-8241-90a90f0dcb5e,RB,Running Back,rushing_yds,,19.5,19.5
Samaje Perine,ab235cf0-a041-5d36-8241-90a90f0dcb5e,RB,Running Back,rush_rec_yds,,29.5,29.5
Samaje Perine,ab235cf0-a041-5d36-8241-90a90f0dcb5e,RB,Running Back,receiving_yds,,6.5,6.5
Samaje Perine,ab235cf0-a041-5d36-8241-90a90f0dcb5e,RB,Running Back,receiving_rec,,1.5,1.5
Samaje Perine,ab235cf0-a041-5d36-8241-90a90f0dcb5e,RB,Running Back,rushing_att,,4.5,4.5
Samaje Perine,ab235cf0-a041-5d36-8241-90a90f0dcb5e,RB,Running Back,receiving_tgts,,1.5,1.5
Samaje Perine,ab235cf0-a041-5d36-8241-90a90f0dcb5e,RB,Running Back,receiving_tgts,,2.5,2.5
Samaje Perine,ab235cf0-a041-5d36-8241-90a90f0dcb5e,RB,Running Back,receiving_tgts,,5.5,5.5
Samaje Perine,ab235cf0-a041-5d36-8241-90a90f0dcb5e,RB,Running Back,receiving_tgts,,4.5,4.5
Samaje Perine,ab235cf0-a041-5d36-8241-90a90f0dcb5e,RB,Running Back,receiving_tgts,,3.5,3.5
Samaje Perine,ab235cf0-a041-5d36-8241-90a90f0dcb5e,RB,Running Back,receiving_long,,6.5,6.5
Samaje Perine,ab235cf0-a041-5d36-8241-90a90f0dcb5e,RB,Running Back,rushing_long,,8.5,8.5
Samaje Perine,ab235cf0-a041-5d36-8241-90a90f0dcb5e,RB,Running Back,period_first_touchdown_scored,,0.5,0.5
Samaje Perine,ab235cf0-a041-5d36-8241-90a90f0dcb5e,RB,Running Back,period_1_rush_rec_tds,,0.5,0.5
Samaje Perine,ab235cf0-a041-5d36-8241-90a90f0dcb5e,RB,Running Back,period_1_receiving_yds,,0.5,0.5
Samaje Perine,ab235cf0-a041-5d36-8241-90a90f0dcb5e,RB,Running Back,period_1_receiving_rec,,0.5,0.5
Samaje Perine,ab235cf0-a041-5d36-8241-90a90f0dcb5e,RB,Running Back,period_1_rushing_yds,,2.5,2.5
Samaje Perine,ab235cf0-a041-5d36-8241-90a90f0dcb5e,RB,Running Back,period_1_2_rush_rec_tds,,0.5,0.5
Samaje Perine,ab235cf0-a041-5d36-8241-90a90f0dcb5e,RB,Running Back,period_1_2_receiving_yds,,0.5,0.5
Samaje Perine,ab235cf0-a041-5d36-8241-90a90f0dcb5e,RB,Running Back,period_1_2_rushing_yds,,7.5,7.5
Samaje Perine,ab235cf0-a041-5d36-8241-90a90f0dcb5e,RB,Running Back,period_1_2_receiving_rec,,0.5,0.5
Samaje Perine,ab235cf0-a041-5d36-8241-90a90f0dcb5e,RB,Running Back,game_high_rushing_yards,,0.5,0.5
Samaje Perine,ab235cf0-a041-5d36-8241-90a90f0dcb5e,RB,Running Back,fumbles_lost,,0.5,0.5
Drew Sample,ab235cf0-a041-5d36-8241-90a90f0dcb5e,TE,Tight End,rush_rec_tds,,0.5,0.5
Drew Sample,ab235cf0-a041-5d36-8241-90a90f0dcb5e,TE,Tight End,receiving_yds,,6.5,6.5
Drew Sample,ab235cf0-a041-5d36-8241-90a90f0dcb5e,TE,Tight End,receiving_rec,,1.5,1.5
Drew Sample,ab235cf0-a041-5d36-8241-90a90f0dcb5e,TE,Tight End,receiving_tgts,,2.5,2.5
Drew Sample,ab235cf0-a041-5d36-8241-90a90f0dcb5e,TE,Tight End,receiving_tgts,,4.5,4.5
Drew Sample,ab235cf0-a041-5d36-8241-90a90f0dcb5e,TE,Tight End,receiving_tgts,,1.5,1.5
Drew Sample,ab235cf0-a041-5d36-8241-90a90f0dcb5e,TE,Tight End,receiving_tgts,,3.5,3.5
Drew Sample,ab235cf0-a041-5d36-8241-90a90f0dcb5e,TE,Tight End,receiving_tgts,,5.5,5.5
Drew Sample,ab235cf0-a041-5d36-8241-90a90f0dcb5e,TE,Tight End,receiving_long,,6.5,6.5
Drew Sample,ab235cf0-a041-5d36-8241-90a90f0dcb5e,TE,Tight End,period_1_receiving_yds,,0.5,0.5
Drew Sample,ab235cf0-a041-5d36-8241-90a90f0dcb5e,TE,Tight End,period_1_receiving_rec,,0.5,0.5
Drew Sample,ab235cf0-a041-5d36-8241-90a90f0dcb5e,TE,Tight End,period_1_2_rush_rec_tds,,0.5,0.5
Drew Sample,ab235cf0-a041-5d36-8241-90a90f0dcb5e,TE,Tight End,period_1_2_receiving_yds,,0.5,0.5
Drew Sample,ab235cf0-a041-5d36-8241-90a90f0dcb5e,TE,Tight End,period_1_2_receiving_rec,,0.5,0.5
Tez Johnson,1a20f1da-c502-5224-9c4a-bc363174cd21,WR,Wide Receiver,rush_rec_tds,,0.5,0.5
Tez Johnson,1a20f1da-c502-5224-9c4a-bc363174cd21,WR,Wide Receiver,period_1_2_rush_rec_tds,,0.5,0.5
Colbie Young,ab235cf0-a041-5d36-8241-90a90f0dcb5e,WR,Wide Receiver,rush_rec_tds,,0.5,0.5
Erick All,ab235cf0-a041-5d36-8241-90a90f0dcb5e,TE,Tight End,rush_rec_tds,,0.5,0.5
Jack Endries,ab235cf0-a041-5d36-8241-90a90f0dcb5e,TE,Tight End,rush_rec_tds,,0.5,0.5
Chris Godwin,1a20f1da-c502-5224-9c4a-bc363174cd21,WR,Wide Receiver,rush_rec_tds,,0.5,0.5
Dohnte Meyers,ab235cf0-a041-5d36-8241-90a90f0dcb5e,WR,Wide Receiver,rush_rec_tds,,0.5,0.5
Ted Hurst,1a20f1da-c502-5224-9c4a-bc363174cd21,WR,Wide Receiver,rush_rec_tds,,0.5,0.5
Chris Godwin,1a20f1da-c502-5224-9c4a-bc363174cd21,WR,Wide Receiver,receiving_yds,,40.5,40.5
Erick All,ab235cf0-a041-5d36-8241-90a90f0dcb5e,TE,Tight End,receiving_yds,,9.5,9.5
Colbie Young,ab235cf0-a041-5d36-8241-90a90f0dcb5e,WR,Wide Receiver,receiving_yds,,8.5,8.5
Erick All,ab235cf0-a041-5d36-8241-90a90f0dcb5e,TE,Tight End,receiving_rec,,1.5,1.5
Chris Godwin,1a20f1da-c502-5224-9c4a-bc363174cd21,WR,Wide Receiver,receiving_rec,,3.5,3.5
Colbie Young,ab235cf0-a041-5d36-8241-90a90f0dcb5e,WR,Wide Receiver,receiving_rec,,1.5,1.5
Chris Godwin,1a20f1da-c502-5224-9c4a-bc363174cd21,WR,Wide Receiver,receiving_long,,17.5,17.5
Colbie Young,ab235cf0-a041-5d36-8241-90a90f0dcb5e,WR,Wide Receiver,receiving_long,,7.5,7.5
Erick All,ab235cf0-a041-5d36-8241-90a90f0dcb5e,TE,Tight End,receiving_long,,8.5,8.5
Chris Godwin,1a20f1da-c502-5224-9c4a-bc363174cd21,WR,Wide Receiver,period_first_touchdown_scored,,0.5,0.5
Erick All,ab235cf0-a041-5d36-8241-90a90f0dcb5e,TE,Tight End,period_first_touchdown_scored,,0.5,0.5
Colbie Young,ab235cf0-a041-5d36-8241-90a90f0dcb5e,WR,Wide Receiver,period_first_touchdown_scored,,0.5,0.5
Chase McLaughlin,1a20f1da-c502-5224-9c4a-bc363174cd21,K,Kicker,field_goals_made,,1.5,1.5
Evan McPherson,ab235cf0-a041-5d36-8241-90a90f0dcb5e,K,Kicker,field_goals_made,,1.5,1.5
Evan McPherson,ab235cf0-a041-5d36-8241-90a90f0dcb5e,K,Kicker,kicking_points,,8.5,8.5
Evan McPherson,ab235cf0-a041-5d36-8241-90a90f0dcb5e,K,Kicker,extra_points_made,,2.5,2.5
Chase McLaughlin,1a20f1da-c502-5224-9c4a-bc363174cd21,K,Kicker,extra_points_made,,2.5,2.5
Chase McLaughlin,1a20f1da-c502-5224-9c4a-bc363174cd21,K,Kicker,kicking_points,,7.5,7.5
Erick All,ab235cf0-a041-5d36-8241-90a90f0dcb5e,TE,Tight End,period_1_rush_rec_tds,,0.5,0.5
Chris Godwin,1a20f1da-c502-5224-9c4a-bc363174cd21,WR,Wide Receiver,period_1_rush_rec_tds,,0.5,0.5
Colbie Young,ab235cf0-a041-5d36-8241-90a90f0dcb5e,WR,Wide Receiver,period_1_rush_rec_tds,,0.5,0.5
Colbie Young,ab235cf0-a041-5d36-8241-90a90f0dcb5e,WR,Wide Receiver,period_1_receiving_yds,,0.5,0.5
Chris Godwin,1a20f1da-c502-5224-9c4a-bc363174cd21,WR,Wide Receiver,period_1_receiving_yds,,2.5,2.5
Erick All,ab235cf0-a041-5d36-8241-90a90f0dcb5e,TE,Tight End,period_1_receiving_yds,,0.5,0.5
Chris Godwin,1a20f1da-c502-5224-9c4a-bc363174cd21,WR,Wide Receiver,period_1_receiving_rec,,0.5,0.5
Erick All,ab235cf0-a041-5d36-8241-90a90f0dcb5e,TE,Tight End,period_1_receiving_rec,,0.5,0.5
Colbie Young,ab235cf0-a041-5d36-8241-90a90f0dcb5e,WR,Wide Receiver,period_1_receiving_rec,,0.5,0.5
Zyon McCollum,1a20f1da-c502-5224-9c4a-bc363174cd21,CB,Cornerback,defensive_ints,,0.5,0.5
Chris Godwin,1a20f1da-c502-5224-9c4a-bc363174cd21,WR,Wide Receiver,period_1_2_rush_rec_tds,,0.5,0.5
Ted Hurst,1a20f1da-c502-5224-9c4a-bc363174cd21,WR,Wide Receiver,period_1_2_rush_rec_tds,,0.5,0.5
Jordan Battle,ab235cf0-a041-5d36-8241-90a90f0dcb5e,SAF,Safety,defensive_ints,,0.5,0.5
Jalen Davis,ab235cf0-a041-5d36-8241-90a90f0dcb5e,CB,Cornerback,defensive_ints,,0.5,0.5
Erick All,ab235cf0-a041-5d36-8241-90a90f0dcb5e,TE,Tight End,period_1_2_rush_rec_tds,,0.5,0.5
Tykee Smith,1a20f1da-c502-5224-9c4a-bc363174cd21,SAF,Safety,defensive_ints,,0.5,0.5
Antoine Winfield,1a20f1da-c502-5224-9c4a-bc363174cd21,SAF,Safety,defensive_ints,,0.5,0.5
Colbie Young,ab235cf0-a041-5d36-8241-90a90f0dcb5e,WR,Wide Receiver,period_1_2_rush_rec_tds,,0.5,0.5
Bryan Cook,ab235cf0-a041-5d36-8241-90a90f0dcb5e,SAF,Safety,defensive_ints,,0.5,0.5
Jacob Parrish,1a20f1da-c502-5224-9c4a-bc363174cd21,CB,Cornerback,defensive_ints,,0.5,0.5
Colbie Young,ab235cf0-a041-5d36-8241-90a90f0dcb5e,WR,Wide Receiver,period_1_2_receiving_yds,,0.5,0.5
Chris Godwin,1a20f1da-c502-5224-9c4a-bc363174cd21,WR,Wide Receiver,period_1_2_receiving_yds,,16.5,16.5
Erick All,ab235cf0-a041-5d36-8241-90a90f0dcb5e,TE,Tight End,period_1_2_receiving_yds,,0.5,0.5
Chris Godwin,1a20f1da-c502-5224-9c4a-bc363174cd21,WR,Wide Receiver,period_1_2_receiving_rec,,1.5,1.5
Colbie Young,ab235cf0-a041-5d36-8241-90a90f0dcb5e,WR,Wide Receiver,period_1_2_receiving_rec,,0.5,0.5
Erick All,ab235cf0-a041-5d36-8241-90a90f0dcb5e,TE,Tight End,period_1_2_receiving_rec,,0.5,0.5
Derrick Henry,01bfe9d5-f671-57ed-aa60-249fcca9267c,RB,Running Back,rush_rec_tds,,0.5,0.5
Derrick Henry,01bfe9d5-f671-57ed-aa60-249fcca9267c,RB,Running Back,rushing_yds,,80.5,80.5
Derrick Henry,01bfe9d5-f671-57ed-aa60-249fcca9267c,RB,Running Back,receiving_yds,,5.5,5.5
Derrick Henry,01bfe9d5-f671-57ed-aa60-249fcca9267c,RB,Running Back,rush_rec_yds,,88.5,88.5
Derrick Henry,01bfe9d5-f671-57ed-aa60-249fcca9267c,RB,Running Back,receiving_rec,,1.5,1.5
Derrick Henry,01bfe9d5-f671-57ed-aa60-249fcca9267c,RB,Running Back,rushing_att,,17.5,17.5
Derrick Henry,01bfe9d5-f671-57ed-aa60-249fcca9267c,RB,Running Back,receiving_long,,4.5,4.5
Derrick Henry,01bfe9d5-f671-57ed-aa60-249fcca9267c,RB,Running Back,rushing_long,,16.5,16.5
Derrick Henry,01bfe9d5-f671-57ed-aa60-249fcca9267c,RB,Running Back,period_first_touchdown_scored,,0.5,0.5
Derrick Henry,01bfe9d5-f671-57ed-aa60-249fcca9267c,RB,Running Back,last_touchdown_scored,,0.5,0.5
Derrick Henry,01bfe9d5-f671-57ed-aa60-249fcca9267c,RB,Running Back,fantasy_points,,22.45,22.45
Derrick Henry,01bfe9d5-f671-57ed-aa60-249fcca9267c,RB,Running Back,fantasy_points,,14.45,14.45
Derrick Henry,01bfe9d5-f671-57ed-aa60-249fcca9267c,RB,Running Back,fantasy_points,,18.45,18.45
Derrick Henry,01bfe9d5-f671-57ed-aa60-249fcca9267c,RB,Running Back,period_1_rush_rec_tds,,0.5,0.5
Derrick Henry,01bfe9d5-f671-57ed-aa60-249fcca9267c,RB,Running Back,period_1_receiving_yds,,0.5,0.5
Derrick Henry,01bfe9d5-f671-57ed-aa60-249fcca9267c,RB,Running Back,period_1_receiving_rec,,0.5,0.5
Derrick Henry,01bfe9d5-f671-57ed-aa60-249fcca9267c,RB,Running Back,period_1_rushing_yds,,15.5,15.5
Derrick Henry,01bfe9d5-f671-57ed-aa60-249fcca9267c,RB,Running Back,period_1_2_rush_rec_tds,,0.5,0.5
Derrick Henry,01bfe9d5-f671-57ed-aa60-249fcca9267c,RB,Running Back,period_1_2_receiving_yds,,0.5,0.5
Derrick Henry,01bfe9d5-f671-57ed-aa60-249fcca9267c,RB,Running Back,25_rush_yds_each_half,,0.5,0.5
Derrick Henry,01bfe9d5-f671-57ed-aa60-249fcca9267c,RB,Running Back,period_1_2_rushing_yds,,34.5,34.5
Derrick Henry,01bfe9d5-f671-57ed-aa60-249fcca9267c,RB,Running Back,period_1_2_receiving_rec,,0.5,0.5
Derrick Henry,01bfe9d5-f671-57ed-aa60-249fcca9267c,RB,Running Back,50_rush_yds_each_half,,0.5,0.5
Derrick Henry,01bfe9d5-f671-57ed-aa60-249fcca9267c,RB,Running Back,game_high_rushing_yards,,0.5,0.5
Derrick Henry,01bfe9d5-f671-57ed-aa60-249fcca9267c,RB,Running Back,fumbles_lost,,0.5,0.5
Jonathan Taylor,f11f1cf1-9933-5203-8181-95020ee64399,RB,Running Back,rush_rec_tds,,0.5,0.5
Jonathan Taylor,f11f1cf1-9933-5203-8181-95020ee64399,RB,Running Back,rushing_yds,,76.5,76.5
Jonathan Taylor,f11f1cf1-9933-5203-8181-95020ee64399,RB,Running Back,receiving_yds,,15.5,15.5
Jonathan Taylor,f11f1cf1-9933-5203-8181-95020ee64399,RB,Running Back,rush_rec_yds,,94.5,94.5
Jonathan Taylor,f11f1cf1-9933-5203-8181-95020ee64399,RB,Running Back,receiving_rec,,2.5,2.5
Jonathan Taylor,f11f1cf1-9933-5203-8181-95020ee64399,RB,Running Back,rushing_att,,18.5,18.5
Jonathan Taylor,f11f1cf1-9933-5203-8181-95020ee64399,RB,Running Back,receiving_tgts,,7.5,7.5
Jonathan Taylor,f11f1cf1-9933-5203-8181-95020ee64399,RB,Running Back,receiving_tgts,,6.5,6.5
Jonathan Taylor,f11f1cf1-9933-5203-8181-95020ee64399,RB,Running Back,receiving_tgts,,5.5,5.5
Jonathan Taylor,f11f1cf1-9933-5203-8181-95020ee64399,RB,Running Back,receiving_tgts,,3.5,3.5
Jonathan Taylor,f11f1cf1-9933-5203-8181-95020ee64399,RB,Running Back,receiving_tgts,,4.5,4.5
Jonathan Taylor,f11f1cf1-9933-5203-8181-95020ee64399,RB,Running Back,receiving_tgts,,8.5,8.5
Jonathan Taylor,f11f1cf1-9933-5203-8181-95020ee64399,RB,Running Back,receiving_long,,9.5,9.5
Jonathan Taylor,f11f1cf1-9933-5203-8181-95020ee64399,RB,Running Back,rushing_long,,13.5,13.5
Jonathan Taylor,f11f1cf1-9933-5203-8181-95020ee64399,RB,Running Back,period_first_touchdown_scored,,0.5,0.5
Jonathan Taylor,f11f1cf1-9933-5203-8181-95020ee64399,RB,Running Back,last_touchdown_scored,,0.5,0.5
Jonathan Taylor,f11f1cf1-9933-5203-8181-95020ee64399,RB,Running Back,fantasy_points,,19.35,19.35
Jonathan Taylor,f11f1cf1-9933-5203-8181-95020ee64399,RB,Running Back,fantasy_points,,23.35,23.35
Jonathan Taylor,f11f1cf1-9933-5203-8181-95020ee64399,RB,Running Back,fantasy_points,,15.35,15.35
Jonathan Taylor,f11f1cf1-9933-5203-8181-95020ee64399,RB,Running Back,period_1_rush_rec_tds,,0.5,0.5
Jonathan Taylor,f11f1cf1-9933-5203-8181-95020ee64399,RB,Running Back,period_1_receiving_yds,,0.5,0.5
Jonathan Taylor,f11f1cf1-9933-5203-8181-95020ee64399,RB,Running Back,period_1_receiving_rec,,0.5,0.5
Jonathan Taylor,f11f1cf1-9933-5203-8181-95020ee64399,RB,Running Back,period_1_rushing_yds,,17.5,17.5
Jonathan Taylor,f11f1cf1-9933-5203-8181-95020ee64399,RB,Running Back,period_1_2_rush_rec_tds,,0.5,0.5
Jonathan Taylor,f11f1cf1-9933-5203-8181-95020ee64399,RB,Running Back,period_1_2_receiving_yds,,6.5,6.5
Jonathan Taylor,f11f1cf1-9933-5203-8181-95020ee64399,RB,Running Back,25_rush_yds_each_half,,0.5,0.5
Jonathan Taylor,f11f1cf1-9933-5203-8181-95020ee64399,RB,Running Back,period_1_2_rushing_yds,,37.5,37.5
Jonathan Taylor,f11f1cf1-9933-5203-8181-95020ee64399,RB,Running Back,period_1_2_receiving_rec,,1.5,1.5
Jonathan Taylor,f11f1cf1-9933-5203-8181-95020ee64399,RB,Running Back,50_rush_yds_each_half,,0.5,0.5
Jonathan Taylor,f11f1cf1-9933-5203-8181-95020ee64399,RB,Running Back,game_high_rushing_yards,,0.5,0.5
Jonathan Taylor,f11f1cf1-9933-5203-8181-95020ee64399,RB,Running Back,fumbles_lost,,0.5,0.5
Lamar Jackson,01bfe9d5-f671-57ed-aa60-249fcca9267c,QB,Quarterback,rush_rec_tds,,0.5,0.5
Lamar Jackson,01bfe9d5-f671-57ed-aa60-249fcca9267c,QB,Quarterback,passing_yds,,220.5,220.5
Lamar Jackson,01bfe9d5-f671-57ed-aa60-249fcca9267c,QB,Quarterback,rushing_yds,,37.5,37.5
Lamar Jackson,01bfe9d5-f671-57ed-aa60-249fcca9267c,QB,Quarterback,passing_tds,,1.5,1.5
Lamar Jackson,01bfe9d5-f671-57ed-aa60-249fcca9267c,QB,Quarterback,period_1_passing_yds,,42.5,42.5
Lamar Jackson,01bfe9d5-f671-57ed-aa60-249fcca9267c,QB,Quarterback,rushing_att,,6.5,6.5
Lamar Jackson,01bfe9d5-f671-57ed-aa60-249fcca9267c,QB,Quarterback,passing_and_rushing_yds,,261.5,261.5
Lamar Jackson,01bfe9d5-f671-57ed-aa60-249fcca9267c,QB,Quarterback,passing_comps,,17.5,17.5
Lamar Jackson,01bfe9d5-f671-57ed-aa60-249fcca9267c,QB,Quarterback,passing_att,,26.5,26.5
Lamar Jackson,01bfe9d5-f671-57ed-aa60-249fcca9267c,QB,Quarterback,passing_ints,,0.5,0.5
Lamar Jackson,01bfe9d5-f671-57ed-aa60-249fcca9267c,QB,Quarterback,passing_long,,36.5,36.5
Lamar Jackson,01bfe9d5-f671-57ed-aa60-249fcca9267c,QB,Quarterback,rushing_long,,13.5,13.5
Lamar Jackson,01bfe9d5-f671-57ed-aa60-249fcca9267c,QB,Quarterback,period_first_touchdown_scored,,0.5,0.5
Lamar Jackson,01bfe9d5-f671-57ed-aa60-249fcca9267c,QB,Quarterback,fantasy_points,,19.55,19.55
Lamar Jackson,01bfe9d5-f671-57ed-aa60-249fcca9267c,QB,Quarterback,fantasy_points,,27.55,27.55
Lamar Jackson,01bfe9d5-f671-57ed-aa60-249fcca9267c,QB,Quarterback,fantasy_points,,23.55,23.55
Lamar Jackson,01bfe9d5-f671-57ed-aa60-249fcca9267c,QB,Quarterback,period_1_rush_rec_tds,,0.5,0.5
Lamar Jackson,01bfe9d5-f671-57ed-aa60-249fcca9267c,QB,Quarterback,period_1_passing_tds,,0.5,0.5
Lamar Jackson,01bfe9d5-f671-57ed-aa60-249fcca9267c,QB,Quarterback,period_1_rushing_yds,,4.5,4.5
Lamar Jackson,01bfe9d5-f671-57ed-aa60-249fcca9267c,QB,Quarterback,period_1_2_rush_rec_tds,,0.5,0.5
Lamar Jackson,01bfe9d5-f671-57ed-aa60-249fcca9267c,QB,Quarterback,period_1_2_passing_yds,,105.5,105.5
Lamar Jackson,01bfe9d5-f671-57ed-aa60-249fcca9267c,QB,Quarterback,period_1_2_rushing_yds,,15.5,15.5
Lamar Jackson,01bfe9d5-f671-57ed-aa60-249fcca9267c,QB,Quarterback,25_rush_yds_each_half,,0.5,0.5
Lamar Jackson,01bfe9d5-f671-57ed-aa60-249fcca9267c,QB,Quarterback,period_1_2_passing_tds,,0.5,0.5
Lamar Jackson,01bfe9d5-f671-57ed-aa60-249fcca9267c,QB,Quarterback,25_pass_yds_each_quarter,,0.5,0.5
Lamar Jackson,01bfe9d5-f671-57ed-aa60-249fcca9267c,QB,Quarterback,100_pass_yds_each_half,,0.5,0.5
Lamar Jackson,01bfe9d5-f671-57ed-aa60-249fcca9267c,QB,Quarterback,50_pass_yds_each_quarter,,0.5,0.5
Lamar Jackson,01bfe9d5-f671-57ed-aa60-249fcca9267c,QB,Quarterback,game_high_passing_yards,,0.5,0.5
Lamar Jackson,01bfe9d5-f671-57ed-aa60-249fcca9267c,QB,Quarterback,game_high_rushing_yards,,0.5,0.5
Lamar Jackson,01bfe9d5-f671-57ed-aa60-249fcca9267c,QB,Quarterback,fumbles_lost,,0.5,0.5
Zay Flowers,01bfe9d5-f671-57ed-aa60-249fcca9267c,WR,Wide Receiver,rush_rec_tds,,0.5,0.5
Zay Flowers,01bfe9d5-f671-57ed-aa60-249fcca9267c,WR,Wide Receiver,receiving_yds,,64.5,64.5
Zay Flowers,01bfe9d5-f671-57ed-aa60-249fcca9267c,WR,Wide Receiver,receiving_rec,,4.5,4.5
Zay Flowers,01bfe9d5-f671-57ed-aa60-249fcca9267c,WR,Wide Receiver,receiving_tgts,,11.5,11.5
Zay Flowers,01bfe9d5-f671-57ed-aa60-249fcca9267c,WR,Wide Receiver,receiving_tgts,,9.5,9.5
Zay Flowers,01bfe9d5-f671-57ed-aa60-249fcca9267c,WR,Wide Receiver,receiving_tgts,,8.5,8.5
Zay Flowers,01bfe9d5-f671-57ed-aa60-249fcca9267c,WR,Wide Receiver,receiving_tgts,,7.5,7.5
Zay Flowers,01bfe9d5-f671-57ed-aa60-249fcca9267c,WR,Wide Receiver,receiving_tgts,,6.5,6.5
Zay Flowers,01bfe9d5-f671-57ed-aa60-249fcca9267c,WR,Wide Receiver,receiving_tgts,,10.5,10.5
Zay Flowers,01bfe9d5-f671-57ed-aa60-249fcca9267c,WR,Wide Receiver,receiving_long,,24.5,24.5
Zay Flowers,01bfe9d5-f671-57ed-aa60-249fcca9267c,WR,Wide Receiver,period_first_touchdown_scored,,0.5,0.5
Zay Flowers,01bfe9d5-f671-57ed-aa60-249fcca9267c,WR,Wide Receiver,fantasy_points,,18.55,18.55
Zay Flowers,01bfe9d5-f671-57ed-aa60-249fcca9267c,WR,Wide Receiver,fantasy_points,,14.55,14.55
Zay Flowers,01bfe9d5-f671-57ed-aa60-249fcca9267c,WR,Wide Receiver,fantasy_points,,10.55,10.55
Zay Flowers,01bfe9d5-f671-57ed-aa60-249fcca9267c,WR,Wide Receiver,period_1_rush_rec_tds,,0.5,0.5
Zay Flowers,01bfe9d5-f671-57ed-aa60-249fcca9267c,WR,Wide Receiver,period_1_receiving_yds,,9.5,9.5
Zay Flowers,01bfe9d5-f671-57ed-aa60-249fcca9267c,WR,Wide Receiver,period_1_receiving_rec,,0.5,0.5
Zay Flowers,01bfe9d5-f671-57ed-aa60-249fcca9267c,WR,Wide Receiver,period_1_2_rush_rec_tds,,0.5,0.5
Zay Flowers,01bfe9d5-f671-57ed-aa60-249fcca9267c,WR,Wide Receiver,period_1_2_receiving_yds,,28.5,28.5
Zay Flowers,01bfe9d5-f671-57ed-aa60-249fcca9267c,WR,Wide Receiver,25_rec_yds_each_half,,0.5,0.5
Zay Flowers,01bfe9d5-f671-57ed-aa60-249fcca9267c,WR,Wide Receiver,50_rec_yds_each_half,,0.5,0.5
Zay Flowers,01bfe9d5-f671-57ed-aa60-249fcca9267c,WR,Wide Receiver,period_1_2_receiving_rec,,2.5,2.5
Zay Flowers,01bfe9d5-f671-57ed-aa60-249fcca9267c,WR,Wide Receiver,game_high_receiving_yards,,0.5,0.5
Zay Flowers,01bfe9d5-f671-57ed-aa60-249fcca9267c,WR,Wide Receiver,fumbles_lost,,0.5,0.5
Mark Andrews,01bfe9d5-f671-57ed-aa60-249fcca9267c,TE,Tight End,rush_rec_tds,,0.5,0.5
Mark Andrews,01bfe9d5-f671-57ed-aa60-249fcca9267c,TE,Tight End,receiving_yds,,34.5,34.5
Mark Andrews,01bfe9d5-f671-57ed-aa60-249fcca9267c,TE,Tight End,receiving_rec,,3.5,3.5
Mark Andrews,01bfe9d5-f671-57ed-aa60-249fcca9267c,TE,Tight End,receiving_tgts,,6.5,6.5
Mark Andrews,01bfe9d5-f671-57ed-aa60-249fcca9267c,TE,Tight End,receiving_tgts,,4.5,4.5
Mark Andrews,01bfe9d5-f671-57ed-aa60-249fcca9267c,TE,Tight End,receiving_tgts,,7.5,7.5
Mark Andrews,01bfe9d5-f671-57ed-aa60-249fcca9267c,TE,Tight End,receiving_tgts,,3.5,3.5
Mark Andrews,01bfe9d5-f671-57ed-aa60-249fcca9267c,TE,Tight End,receiving_tgts,,5.5,5.5
Mark Andrews,01bfe9d5-f671-57ed-aa60-249fcca9267c,TE,Tight End,receiving_tgts,,8.5,8.5
Mark Andrews,01bfe9d5-f671-57ed-aa60-249fcca9267c,TE,Tight End,receiving_long,,15.5,15.5
Mark Andrews,01bfe9d5-f671-57ed-aa60-249fcca9267c,TE,Tight End,period_first_touchdown_scored,,0.5,0.5
Mark Andrews,01bfe9d5-f671-57ed-aa60-249fcca9267c,TE,Tight End,fantasy_points,,5.75,5.75
Mark Andrews,01bfe9d5-f671-57ed-aa60-249fcca9267c,TE,Tight End,period_1_rush_rec_tds,,0.5,0.5
Mark Andrews,01bfe9d5-f671-57ed-aa60-249fcca9267c,TE,Tight End,period_1_receiving_yds,,0.5,0.5
Mark Andrews,01bfe9d5-f671-57ed-aa60-249fcca9267c,TE,Tight End,period_1_receiving_rec,,0.5,0.5
Mark Andrews,01bfe9d5-f671-57ed-aa60-249fcca9267c,TE,Tight End,period_1_2_rush_rec_tds,,0.5,0.5
Mark Andrews,01bfe9d5-f671-57ed-aa60-249fcca9267c,TE,Tight End,25_rec_yds_each_half,,0.5,0.5
Mark Andrews,01bfe9d5-f671-57ed-aa60-249fcca9267c,TE,Tight End,period_1_2_receiving_yds,,13.5,13.5
Mark Andrews,01bfe9d5-f671-57ed-aa60-249fcca9267c,TE,Tight End,period_1_2_receiving_rec,,1.5,1.5
Mark Andrews,01bfe9d5-f671-57ed-aa60-249fcca9267c,TE,Tight End,game_high_receiving_yards,,0.5,0.5
Daniel Jones,f11f1cf1-9933-5203-8181-95020ee64399,QB,Quarterback,rush_rec_tds,,0.5,0.5
Daniel Jones,f11f1cf1-9933-5203-8181-95020ee64399,QB,Quarterback,passing_yds,,230.5,230.5
Daniel Jones,f11f1cf1-9933-5203-8181-95020ee64399,QB,Quarterback,rushing_yds,,12.5,12.5
Daniel Jones,f11f1cf1-9933-5203-8181-95020ee64399,QB,Quarterback,passing_tds,,1.5,1.5
Daniel Jones,f11f1cf1-9933-5203-8181-95020ee64399,QB,Quarterback,period_1_passing_yds,,53.5,53.5
Daniel Jones,f11f1cf1-9933-5203-8181-95020ee64399,QB,Quarterback,rushing_att,,3.5,3.5
Daniel Jones,f11f1cf1-9933-5203-8181-95020ee64399,QB,Quarterback,passing_comps,,21.5,21.5
Daniel Jones,f11f1cf1-9933-5203-8181-95020ee64399,QB,Quarterback,passing_and_rushing_yds,,248.5,248.5
Daniel Jones,f11f1cf1-9933-5203-8181-95020ee64399,QB,Quarterback,passing_att,,32.5,32.5
Daniel Jones,f11f1cf1-9933-5203-8181-95020ee64399,QB,Quarterback,passing_ints,,0.5,0.5
Daniel Jones,f11f1cf1-9933-5203-8181-95020ee64399,QB,Quarterback,rushing_long,,8.5,8.5
Daniel Jones,f11f1cf1-9933-5203-8181-95020ee64399,QB,Quarterback,passing_long,,35.5,35.5
Daniel Jones,f11f1cf1-9933-5203-8181-95020ee64399,QB,Quarterback,period_first_touchdown_scored,,0.5,0.5
Daniel Jones,f11f1cf1-9933-5203-8181-95020ee64399,QB,Quarterback,fantasy_points,,16.65,16.65
Daniel Jones,f11f1cf1-9933-5203-8181-95020ee64399,QB,Quarterback,fantasy_points,,24.65,24.65
Daniel Jones,f11f1cf1-9933-5203-8181-95020ee64399,QB,Quarterback,fantasy_points,,20.65,20.65
Daniel Jones,f11f1cf1-9933-5203-8181-95020ee64399,QB,Quarterback,period_1_rush_rec_tds,,0.5,0.5
Daniel Jones,f11f1cf1-9933-5203-8181-95020ee64399,QB,Quarterback,period_1_passing_tds,,0.5,0.5
Daniel Jones,f11f1cf1-9933-5203-8181-95020ee64399,QB,Quarterback,period_1_rushing_yds,,0.5,0.5
Daniel Jones,f11f1cf1-9933-5203-8181-95020ee64399,QB,Quarterback,period_1_2_rush_rec_tds,,0.5,0.5
Daniel Jones,f11f1cf1-9933-5203-8181-95020ee64399,QB,Quarterback,period_1_2_passing_yds,,115.5,115.5
Daniel Jones,f11f1cf1-9933-5203-8181-95020ee64399,QB,Quarterback,period_1_2_rushing_yds,,4.5,4.5
Daniel Jones,f11f1cf1-9933-5203-8181-95020ee64399,QB,Quarterback,period_1_2_passing_tds,,0.5,0.5
Daniel Jones,f11f1cf1-9933-5203-8181-95020ee64399,QB,Quarterback,25_pass_yds_each_quarter,,0.5,0.5
Daniel Jones,f11f1cf1-9933-5203-8181-95020ee64399,QB,Quarterback,100_pass_yds_each_half,,0.5,0.5
Daniel Jones,f11f1cf1-9933-5203-8181-95020ee64399,QB,Quarterback,150_pass_yds_each_half,,0.5,0.5
Daniel Jones,f11f1cf1-9933-5203-8181-95020ee64399,QB,Quarterback,50_pass_yds_each_quarter,,0.5,0.5
Daniel Jones,f11f1cf1-9933-5203-8181-95020ee64399,QB,Quarterback,game_high_passing_yards,,0.5,0.5
Daniel Jones,f11f1cf1-9933-5203-8181-95020ee64399,QB,Quarterback,fumbles_lost,,0.5,0.5
Tyler Warren,f11f1cf1-9933-5203-8181-95020ee64399,TE,Tight End,rush_rec_tds,,0.5,0.5
Keenan Allen,f11f1cf1-9933-5203-8181-95020ee64399,WR,Wide Receiver,rush_rec_tds,,0.5,0.5
Tyler Warren,f11f1cf1-9933-5203-8181-95020ee64399,TE,Tight End,receiving_yds,,47.5,47.5
Tyler Warren,f11f1cf1-9933-5203-8181-95020ee64399,TE,Tight End,receiving_rec,,4.5,4.5
Tyler Warren,f11f1cf1-9933-5203-8181-95020ee64399,TE,Tight End,receiving_tgts,,7.5,7.5
Tyler Warren,f11f1cf1-9933-5203-8181-95020ee64399,TE,Tight End,receiving_tgts,,5.5,5.5
Tyler Warren,f11f1cf1-9933-5203-8181-95020ee64399,TE,Tight End,receiving_tgts,,10.5,10.5
Tyler Warren,f11f1cf1-9933-5203-8181-95020ee64399,TE,Tight End,receiving_tgts,,6.5,6.5
Tyler Warren,f11f1cf1-9933-5203-8181-95020ee64399,TE,Tight End,receiving_tgts,,8.5,8.5
Tyler Warren,f11f1cf1-9933-5203-8181-95020ee64399,TE,Tight End,receiving_tgts,,9.5,9.5
Tyler Warren,f11f1cf1-9933-5203-8181-95020ee64399,TE,Tight End,receiving_long,,18.5,18.5
Keenan Allen,f11f1cf1-9933-5203-8181-95020ee64399,WR,Wide Receiver,period_first_touchdown_scored,,0.5,0.5
Tyler Warren,f11f1cf1-9933-5203-8181-95020ee64399,TE,Tight End,period_first_touchdown_scored,,0.5,0.5
Tyler Warren,f11f1cf1-9933-5203-8181-95020ee64399,TE,Tight End,last_touchdown_scored,,0.5,0.5
Keenan Allen,f11f1cf1-9933-5203-8181-95020ee64399,WR,Wide Receiver,fantasy_points,,5.55,5.55
Tyler Warren,f11f1cf1-9933-5203-8181-95020ee64399,TE,Tight End,fantasy_points,,12.75,12.75
Tyler Warren,f11f1cf1-9933-5203-8181-95020ee64399,TE,Tight End,fantasy_points,,16.75,16.75
Tyler Warren,f11f1cf1-9933-5203-8181-95020ee64399,TE,Tight End,fantasy_points,,8.75,8.75
Keenan Allen,f11f1cf1-9933-5203-8181-95020ee64399,WR,Wide Receiver,period_1_rush_rec_tds,,0.5,0.5
Tyler Warren,f11f1cf1-9933-5203-8181-95020ee64399,TE,Tight End,period_1_rush_rec_tds,,0.5,0.5
Tyler Warren,f11f1cf1-9933-5203-8181-95020ee64399,TE,Tight End,period_1_receiving_yds,,8.5,8.5
Tyler Warren,f11f1cf1-9933-5203-8181-95020ee64399,TE,Tight End,period_1_receiving_rec,,1.5,1.5
Tyler Warren,f11f1cf1-9933-5203-8181-95020ee64399,TE,Tight End,period_1_2_rush_rec_tds,,0.5,0.5
Keenan Allen,f11f1cf1-9933-5203-8181-95020ee64399,WR,Wide Receiver,period_1_2_rush_rec_tds,,0.5,0.5
Keenan Allen,f11f1cf1-9933-5203-8181-95020ee64399,WR,Wide Receiver,25_rec_yds_each_half,,0.5,0.5
Tyler Warren,f11f1cf1-9933-5203-8181-95020ee64399,TE,Tight End,period_1_2_receiving_yds,,22.5,22.5
Tyler Warren,f11f1cf1-9933-5203-8181-95020ee64399,TE,Tight End,25_rec_yds_each_half,,0.5,0.5
Tyler Warren,f11f1cf1-9933-5203-8181-95020ee64399,TE,Tight End,period_1_2_receiving_rec,,2.5,2.5
Tyler Warren,f11f1cf1-9933-5203-8181-95020ee64399,TE,Tight End,50_rec_yds_each_half,,0.5,0.5
Keenan Allen,f11f1cf1-9933-5203-8181-95020ee64399,WR,Wide Receiver,game_high_receiving_yards,,0.5,0.5
Tyler Warren,f11f1cf1-9933-5203-8181-95020ee64399,TE,Tight End,game_high_receiving_yards,,0.5,0.5
Josh Downs,f11f1cf1-9933-5203-8181-95020ee64399,WR,Wide Receiver,rush_rec_tds,,0.5,0.5
Josh Downs,f11f1cf1-9933-5203-8181-95020ee64399,WR,Wide Receiver,receiving_yds,,43.5,43.5
Josh Downs,f11f1cf1-9933-5203-8181-95020ee64399,WR,Wide Receiver,receiving_rec,,4.5,4.5
Josh Downs,f11f1cf1-9933-5203-8181-95020ee64399,WR,Wide Receiver,receiving_tgts,,10.5,10.5
Josh Downs,f11f1cf1-9933-5203-8181-95020ee64399,WR,Wide Receiver,receiving_tgts,,8.5,8.5
Josh Downs,f11f1cf1-9933-5203-8181-95020ee64399,WR,Wide Receiver,receiving_tgts,,6.5,6.5
Josh Downs,f11f1cf1-9933-5203-8181-95020ee64399,WR,Wide Receiver,receiving_tgts,,9.5,9.5
Josh Downs,f11f1cf1-9933-5203-8181-95020ee64399,WR,Wide Receiver,receiving_tgts,,7.5,7.5
Josh Downs,f11f1cf1-9933-5203-8181-95020ee64399,WR,Wide Receiver,receiving_tgts,,5.5,5.5
Josh Downs,f11f1cf1-9933-5203-8181-95020ee64399,WR,Wide Receiver,receiving_long,,18.5,18.5
Josh Downs,f11f1cf1-9933-5203-8181-95020ee64399,WR,Wide Receiver,period_first_touchdown_scored,,0.5,0.5
Josh Downs,f11f1cf1-9933-5203-8181-95020ee64399,WR,Wide Receiver,fantasy_points,,15.35,15.35
Josh Downs,f11f1cf1-9933-5203-8181-95020ee64399,WR,Wide Receiver,fantasy_points,,11.35,11.35
Josh Downs,f11f1cf1-9933-5203-8181-95020ee64399,WR,Wide Receiver,fantasy_points,,7.35,7.35
Josh Downs,f11f1cf1-9933-5203-8181-95020ee64399,WR,Wide Receiver,period_1_rush_rec_tds,,0.5,0.5
Josh Downs,f11f1cf1-9933-5203-8181-95020ee64399,WR,Wide Receiver,period_1_receiving_yds,,5.5,5.5
Josh Downs,f11f1cf1-9933-5203-8181-95020ee64399,WR,Wide Receiver,period_1_receiving_rec,,0.5,0.5
Josh Downs,f11f1cf1-9933-5203-8181-95020ee64399,WR,Wide Receiver,period_1_2_rush_rec_tds,,0.5,0.5
Josh Downs,f11f1cf1-9933-5203-8181-95020ee64399,WR,Wide Receiver,period_1_2_receiving_yds,,19.5,19.5
Josh Downs,f11f1cf1-9933-5203-8181-95020ee64399,WR,Wide Receiver,25_rec_yds_each_half,,0.5,0.5
Josh Downs,f11f1cf1-9933-5203-8181-95020ee64399,WR,Wide Receiver,50_rec_yds_each_half,,0.5,0.5
Josh Downs,f11f1cf1-9933-5203-8181-95020ee64399,WR,Wide Receiver,period_1_2_receiving_rec,,2.5,2.5
Josh Downs,f11f1cf1-9933-5203-8181-95020ee64399,WR,Wide Receiver,game_high_receiving_yards,,0.5,0.5
Josh Downs,f11f1cf1-9933-5203-8181-95020ee64399,WR,Wide Receiver,fumbles_lost,,0.5,0.5
Rashod Bateman,01bfe9d5-f671-57ed-aa60-249fcca9267c,WR,Wide Receiver,rush_rec_tds,,0.5,0.5
Rashod Bateman,01bfe9d5-f671-57ed-aa60-249fcca9267c,WR,Wide Receiver,receiving_yds,,25.5,25.5
Rashod Bateman,01bfe9d5-f671-57ed-aa60-249fcca9267c,WR,Wide Receiver,receiving_rec,,1.5,1.5
Rashod Bateman,01bfe9d5-f671-57ed-aa60-249fcca9267c,WR,Wide Receiver,receiving_tgts,,4.5,4.5
Rashod Bateman,01bfe9d5-f671-57ed-aa60-249fcca9267c,WR,Wide Receiver,receiving_tgts,,2.5,2.5
Rashod Bateman,01bfe9d5-f671-57ed-aa60-249fcca9267c,WR,Wide Receiver,receiving_tgts,,7.5,7.5
Rashod Bateman,01bfe9d5-f671-57ed-aa60-249fcca9267c,WR,Wide Receiver,receiving_tgts,,3.5,3.5
Rashod Bateman,01bfe9d5-f671-57ed-aa60-249fcca9267c,WR,Wide Receiver,receiving_tgts,,6.5,6.5
Rashod Bateman,01bfe9d5-f671-57ed-aa60-249fcca9267c,WR,Wide Receiver,receiving_tgts,,5.5,5.5
Rashod Bateman,01bfe9d5-f671-57ed-aa60-249fcca9267c,WR,Wide Receiver,period_first_touchdown_scored,,0.5,0.5
Rashod Bateman,01bfe9d5-f671-57ed-aa60-249fcca9267c,WR,Wide Receiver,period_1_rush_rec_tds,,0.5,0.5
Rashod Bateman,01bfe9d5-f671-57ed-aa60-249fcca9267c,WR,Wide Receiver,period_1_2_rush_rec_tds,,0.5,0.5
Rashod Bateman,01bfe9d5-f671-57ed-aa60-249fcca9267c,WR,Wide Receiver,25_rec_yds_each_half,,0.5,0.5
Rashod Bateman,01bfe9d5-f671-57ed-aa60-249fcca9267c,WR,Wide Receiver,game_high_receiving_yards,,0.5,0.5
Alec Pierce,f11f1cf1-9933-5203-8181-95020ee64399,WR,Wide Receiver,rush_rec_tds,,0.5,0.5
Alec Pierce,f11f1cf1-9933-5203-8181-95020ee64399,WR,Wide Receiver,receiving_yds,,47.5,47.5
Alec Pierce,f11f1cf1-9933-5203-8181-95020ee64399,WR,Wide Receiver,receiving_rec,,3.5,3.5
Alec Pierce,f11f1cf1-9933-5203-8181-95020ee64399,WR,Wide Receiver,receiving_tgts,,8.5,8.5
Alec Pierce,f11f1cf1-9933-5203-8181-95020ee64399,WR,Wide Receiver,receiving_tgts,,5.5,5.5
Alec Pierce,f11f1cf1-9933-5203-8181-95020ee64399,WR,Wide Receiver,receiving_tgts,,9.5,9.5
Alec Pierce,f11f1cf1-9933-5203-8181-95020ee64399,WR,Wide Receiver,receiving_tgts,,4.5,4.5
Alec Pierce,f11f1cf1-9933-5203-8181-95020ee64399,WR,Wide Receiver,receiving_tgts,,7.5,7.5
Alec Pierce,f11f1cf1-9933-5203-8181-95020ee64399,WR,Wide Receiver,receiving_tgts,,6.5,6.5
Alec Pierce,f11f1cf1-9933-5203-8181-95020ee64399,WR,Wide Receiver,receiving_long,,22.5,22.5
Alec Pierce,f11f1cf1-9933-5203-8181-95020ee64399,WR,Wide Receiver,period_first_touchdown_scored,,0.5,0.5
Alec Pierce,f11f1cf1-9933-5203-8181-95020ee64399,WR,Wide Receiver,fantasy_points,,7.45,7.45
Alec Pierce,f11f1cf1-9933-5203-8181-95020ee64399,WR,Wide Receiver,fantasy_points,,15.45,15.45
Alec Pierce,f11f1cf1-9933-5203-8181-95020ee64399,WR,Wide Receiver,fantasy_points,,11.45,11.45
Alec Pierce,f11f1cf1-9933-5203-8181-95020ee64399,WR,Wide Receiver,period_1_rush_rec_tds,,0.5,0.5
Alec Pierce,f11f1cf1-9933-5203-8181-95020ee64399,WR,Wide Receiver,period_1_receiving_yds,,5.5,5.5
Alec Pierce,f11f1cf1-9933-5203-8181-95020ee64399,WR,Wide Receiver,period_1_receiving_rec,,0.5,0.5
Alec Pierce,f11f1cf1-9933-5203-8181-95020ee64399,WR,Wide Receiver,period_1_2_rush_rec_tds,,0.5,0.5
Alec Pierce,f11f1cf1-9933-5203-8181-95020ee64399,WR,Wide Receiver,25_rec_yds_each_half,,0.5,0.5
Alec Pierce,f11f1cf1-9933-5203-8181-95020ee64399,WR,Wide Receiver,period_1_2_receiving_yds,,21.5,21.5
Alec Pierce,f11f1cf1-9933-5203-8181-95020ee64399,WR,Wide Receiver,period_1_2_receiving_rec,,1.5,1.5
Alec Pierce,f11f1cf1-9933-5203-8181-95020ee64399,WR,Wide Receiver,50_rec_yds_each_half,,0.5,0.5
Alec Pierce,f11f1cf1-9933-5203-8181-95020ee64399,WR,Wide Receiver,game_high_receiving_yards,,0.5,0.5
Justice Hill,01bfe9d5-f671-57ed-aa60-249fcca9267c,RB,Running Back,rush_rec_tds,,0.5,0.5
Justice Hill,01bfe9d5-f671-57ed-aa60-249fcca9267c,RB,Running Back,receiving_yds,,12.5,12.5
Justice Hill,01bfe9d5-f671-57ed-aa60-249fcca9267c,RB,Running Back,rush_rec_yds,,23.5,23.5
Justice Hill,01bfe9d5-f671-57ed-aa60-249fcca9267c,RB,Running Back,receiving_rec,,2.5,2.5
Justice Hill,01bfe9d5-f671-57ed-aa60-249fcca9267c,RB,Running Back,receiving_tgts,,4.5,4.5
Justice Hill,01bfe9d5-f671-57ed-aa60-249fcca9267c,RB,Running Back,receiving_tgts,,1.5,1.5
Justice Hill,01bfe9d5-f671-57ed-aa60-249fcca9267c,RB,Running Back,receiving_tgts,,3.5,3.5
Justice Hill,01bfe9d5-f671-57ed-aa60-249fcca9267c,RB,Running Back,receiving_tgts,,6.5,6.5
Justice Hill,01bfe9d5-f671-57ed-aa60-249fcca9267c,RB,Running Back,receiving_tgts,,5.5,5.5
Justice Hill,01bfe9d5-f671-57ed-aa60-249fcca9267c,RB,Running Back,receiving_tgts,,2.5,2.5
Justice Hill,01bfe9d5-f671-57ed-aa60-249fcca9267c,RB,Running Back,receiving_long,,8.5,8.5
Justice Hill,01bfe9d5-f671-57ed-aa60-249fcca9267c,RB,Running Back,rushing_long,,5.5,5.5
Justice Hill,01bfe9d5-f671-57ed-aa60-249fcca9267c,RB,Running Back,period_first_touchdown_scored,,0.5,0.5
Justice Hill,01bfe9d5-f671-57ed-aa60-249fcca9267c,RB,Running Back,period_1_rush_rec_tds,,0.5,0.5
Justice Hill,01bfe9d5-f671-57ed-aa60-249fcca9267c,RB,Running Back,period_1_receiving_yds,,0.5,0.5
Justice Hill,01bfe9d5-f671-57ed-aa60-249fcca9267c,RB,Running Back,period_1_receiving_rec,,0.5,0.5
Justice Hill,01bfe9d5-f671-57ed-aa60-249fcca9267c,RB,Running Back,period_1_rushing_yds,,0.5,0.5
Justice Hill,01bfe9d5-f671-57ed-aa60-249fcca9267c,RB,Running Back,period_1_2_rush_rec_tds,,0.5,0.5
Justice Hill,01bfe9d5-f671-57ed-aa60-249fcca9267c,RB,Running Back,period_1_2_receiving_yds,,3.5,3.5
Justice Hill,01bfe9d5-f671-57ed-aa60-249fcca9267c,RB,Running Back,period_1_2_rushing_yds,,1.5,1.5
Justice Hill,01bfe9d5-f671-57ed-aa60-249fcca9267c,RB,Running Back,period_1_2_receiving_rec,,0.5,0.5
Justice Hill,01bfe9d5-f671-57ed-aa60-249fcca9267c,RB,Running Back,fumbles_lost,,0.5,0.5
DJ Giddens,f11f1cf1-9933-5203-8181-95020ee64399,RB,Running Back,rush_rec_tds,,0.5,0.5
Mo Alie-Cox,f11f1cf1-9933-5203-8181-95020ee64399,TE,Tight End,rush_rec_tds,,0.5,0.5
Mo Alie-Cox,f11f1cf1-9933-5203-8181-95020ee64399,TE,Tight End,period_1_2_rush_rec_tds,,0.5,0.5
Devontez Walker,01bfe9d5-f671-57ed-aa60-249fcca9267c,WR,Wide Receiver,rush_rec_tds,,0.5,0.5
Devontez Walker,01bfe9d5-f671-57ed-aa60-249fcca9267c,WR,Wide Receiver,period_1_2_rush_rec_tds,,0.5,0.5
Durham Smythe,01bfe9d5-f671-57ed-aa60-249fcca9267c,TE,Tight End,rush_rec_tds,,0.5,0.5
Durham Smythe,01bfe9d5-f671-57ed-aa60-249fcca9267c,TE,Tight End,period_1_2_rush_rec_tds,,0.5,0.5
Josh Cuevas,01bfe9d5-f671-57ed-aa60-249fcca9267c,TE,Tight End,rush_rec_tds,,0.5,0.5
Ashton Dulin,f11f1cf1-9933-5203-8181-95020ee64399,WR,Wide Receiver,rush_rec_tds,,0.5,0.5
Seth McGowan,f11f1cf1-9933-5203-8181-95020ee64399,RB,Running Back,rush_rec_tds,,0.5,0.5
Rasheen Ali,01bfe9d5-f671-57ed-aa60-249fcca9267c,RB,Running Back,rush_rec_tds,,0.5,0.5
Ja'Kobi Lane,01bfe9d5-f671-57ed-aa60-249fcca9267c,WR,Wide Receiver,rush_rec_tds,,0.5,0.5
Deion Burks,f11f1cf1-9933-5203-8181-95020ee64399,WR,Wide Receiver,rush_rec_tds,,0.5,0.5
Matt Hibner,01bfe9d5-f671-57ed-aa60-249fcca9267c,TE,Tight End,rush_rec_tds,,0.5,0.5
Laquon Treadwell,f11f1cf1-9933-5203-8181-95020ee64399,WR,Wide Receiver,rush_rec_tds,,0.5,0.5
Drew Ogletree,f11f1cf1-9933-5203-8181-95020ee64399,TE,Tight End,rush_rec_tds,,0.5,0.5
Ja'Kobi Lane,01bfe9d5-f671-57ed-aa60-249fcca9267c,WR,Wide Receiver,receiving_yds,,19.5,19.5
Ja'Kobi Lane,01bfe9d5-f671-57ed-aa60-249fcca9267c,WR,Wide Receiver,receiving_rec,,1.5,1.5
Ja'Kobi Lane,01bfe9d5-f671-57ed-aa60-249fcca9267c,WR,Wide Receiver,receiving_tgts,,1.5,1.5
Ja'Kobi Lane,01bfe9d5-f671-57ed-aa60-249fcca9267c,WR,Wide Receiver,receiving_tgts,,6.5,6.5
Ja'Kobi Lane,01bfe9d5-f671-57ed-aa60-249fcca9267c,WR,Wide Receiver,receiving_tgts,,4.5,4.5
Ja'Kobi Lane,01bfe9d5-f671-57ed-aa60-249fcca9267c,WR,Wide Receiver,receiving_tgts,,3.5,3.5
Ja'Kobi Lane,01bfe9d5-f671-57ed-aa60-249fcca9267c,WR,Wide Receiver,receiving_tgts,,5.5,5.5
Ja'Kobi Lane,01bfe9d5-f671-57ed-aa60-249fcca9267c,WR,Wide Receiver,receiving_tgts,,2.5,2.5
Ja'Kobi Lane,01bfe9d5-f671-57ed-aa60-249fcca9267c,WR,Wide Receiver,period_first_touchdown_scored,,0.5,0.5
Seth McGowan,f11f1cf1-9933-5203-8181-95020ee64399,RB,Running Back,period_first_touchdown_scored,,0.5,0.5
Ashton Dulin,f11f1cf1-9933-5203-8181-95020ee64399,WR,Wide Receiver,period_first_touchdown_scored,,0.5,0.5
Tyler Loop,01bfe9d5-f671-57ed-aa60-249fcca9267c,K,Kicker,field_goals_made,,1.5,1.5
Spencer Shrader,f11f1cf1-9933-5203-8181-95020ee64399,K,Kicker,field_goals_made,,1.5,1.5
Spencer Shrader,f11f1cf1-9933-5203-8181-95020ee64399,K,Kicker,kicking_points,,6.5,6.5
Tyler Loop,01bfe9d5-f671-57ed-aa60-249fcca9267c,K,Kicker,kicking_points,,7.5,7.5
Tyler Loop,01bfe9d5-f671-57ed-aa60-249fcca9267c,K,Kicker,extra_points_made,,2.5,2.5
Spencer Shrader,f11f1cf1-9933-5203-8181-95020ee64399,K,Kicker,extra_points_made,,2.5,2.5
Seth McGowan,f11f1cf1-9933-5203-8181-95020ee64399,RB,Running Back,period_1_rush_rec_tds,,0.5,0.5
Ja'Kobi Lane,01bfe9d5-f671-57ed-aa60-249fcca9267c,WR,Wide Receiver,period_1_rush_rec_tds,,0.5,0.5
Ashton Dulin,f11f1cf1-9933-5203-8181-95020ee64399,WR,Wide Receiver,period_1_rush_rec_tds,,0.5,0.5
Kyle Hamilton,01bfe9d5-f671-57ed-aa60-249fcca9267c,SAF,Safety,defensive_ints,,0.5,0.5
Malaki Starks,01bfe9d5-f671-57ed-aa60-249fcca9267c,SAF,Safety,defensive_ints,,0.5,0.5
Nate Wiggins,01bfe9d5-f671-57ed-aa60-249fcca9267c,CB,Cornerback,defensive_ints,,0.5,0.5
Ashton Dulin,f11f1cf1-9933-5203-8181-95020ee64399,WR,Wide Receiver,period_1_2_rush_rec_tds,,0.5,0.5
Justin Walley,f11f1cf1-9933-5203-8181-95020ee64399,CB,Cornerback,defensive_ints,,0.5,0.5
Seth McGowan,f11f1cf1-9933-5203-8181-95020ee64399,RB,Running Back,period_1_2_rush_rec_tds,,0.5,0.5
Sauce Gardner,f11f1cf1-9933-5203-8181-95020ee64399,CB,Cornerback,defensive_ints,,0.5,0.5
Marlon Humphrey,01bfe9d5-f671-57ed-aa60-249fcca9267c,CB,Cornerback,defensive_ints,,0.5,0.5
Cam Bynum,f11f1cf1-9933-5203-8181-95020ee64399,SAF,Safety,defensive_ints,,0.5,0.5
Ja'Kobi Lane,01bfe9d5-f671-57ed-aa60-249fcca9267c,WR,Wide Receiver,period_1_2_rush_rec_tds,,0.5,0.5
Roquan Smith,01bfe9d5-f671-57ed-aa60-249fcca9267c,LB,Linebacker,defensive_ints,,0.5,0.5
Ja'Kobi Lane,01bfe9d5-f671-57ed-aa60-249fcca9267c,WR,Wide Receiver,25_rec_yds_each_half,,0.5,0.5
Ja'Kobi Lane,01bfe9d5-f671-57ed-aa60-249fcca9267c,WR,Wide Receiver,game_high_receiving_yards,,0.5,0.5
Bijan Robinson,8699a914-7d44-5a36-b7a6-2063d3ea761f,RB,Running Back,rush_rec_tds,,0.5,0.5
Bijan Robinson,8699a914-7d44-5a36-b7a6-2063d3ea761f,RB,Running Back,rushing_yds,,77.5,77.5
Bijan Robinson,8699a914-7d44-5a36-b7a6-2063d3ea761f,RB,Running Back,rush_rec_yds,,114.5,114.5
Bijan Robinson,8699a914-7d44-5a36-b7a6-2063d3ea761f,RB,Running Back,receiving_yds,,37.5,37.5
Bijan Robinson,8699a914-7d44-5a36-b7a6-2063d3ea761f,RB,Running Back,receiving_rec,,4.5,4.5
Bijan Robinson,8699a914-7d44-5a36-b7a6-2063d3ea761f,RB,Running Back,rushing_att,,18.5,18.5
Bijan Robinson,8699a914-7d44-5a36-b7a6-2063d3ea761f,RB,Running Back,receiving_tgts,,4.5,4.5
Bijan Robinson,8699a914-7d44-5a36-b7a6-2063d3ea761f,RB,Running Back,receiving_tgts,,5.5,5.5
Bijan Robinson,8699a914-7d44-5a36-b7a6-2063d3ea761f,RB,Running Back,receiving_tgts,,8.5,8.5
Bijan Robinson,8699a914-7d44-5a36-b7a6-2063d3ea761f,RB,Running Back,receiving_tgts,,7.5,7.5
Bijan Robinson,8699a914-7d44-5a36-b7a6-2063d3ea761f,RB,Running Back,receiving_tgts,,9.5,9.5
Bijan Robinson,8699a914-7d44-5a36-b7a6-2063d3ea761f,RB,Running Back,receiving_tgts,,6.5,6.5
Bijan Robinson,8699a914-7d44-5a36-b7a6-2063d3ea761f,RB,Running Back,receiving_long,,15.5,15.5
Bijan Robinson,8699a914-7d44-5a36-b7a6-2063d3ea761f,RB,Running Back,rushing_long,,16.5,16.5
Bijan Robinson,8699a914-7d44-5a36-b7a6-2063d3ea761f,RB,Running Back,period_first_touchdown_scored,,0.5,0.5
Bijan Robinson,8699a914-7d44-5a36-b7a6-2063d3ea761f,RB,Running Back,last_touchdown_scored,,0.5,0.5
Bijan Robinson,8699a914-7d44-5a36-b7a6-2063d3ea761f,RB,Running Back,fantasy_points,,22.15,22.15
Bijan Robinson,8699a914-7d44-5a36-b7a6-2063d3ea761f,RB,Running Back,fantasy_points,,18.15,18.15
Bijan Robinson,8699a914-7d44-5a36-b7a6-2063d3ea761f,RB,Running Back,fantasy_points,,26.15,26.15
Bijan Robinson,8699a914-7d44-5a36-b7a6-2063d3ea761f,RB,Running Back,period_1_rush_rec_tds,,0.5,0.5
Bijan Robinson,8699a914-7d44-5a36-b7a6-2063d3ea761f,RB,Running Back,period_1_receiving_yds,,5.5,5.5
Bijan Robinson,8699a914-7d44-5a36-b7a6-2063d3ea761f,RB,Running Back,period_1_receiving_rec,,0.5,0.5
Bijan Robinson,8699a914-7d44-5a36-b7a6-2063d3ea761f,RB,Running Back,period_1_rushing_yds,,16.5,16.5
Bijan Robinson,8699a914-7d44-5a36-b7a6-2063d3ea761f,RB,Running Back,period_1_2_rush_rec_tds,,0.5,0.5
Bijan Robinson,8699a914-7d44-5a36-b7a6-2063d3ea761f,RB,Running Back,period_1_2_receiving_yds,,16.5,16.5
Bijan Robinson,8699a914-7d44-5a36-b7a6-2063d3ea761f,RB,Running Back,period_1_2_rushing_yds,,37.5,37.5
Bijan Robinson,8699a914-7d44-5a36-b7a6-2063d3ea761f,RB,Running Back,25_rush_yds_each_half,,0.5,0.5
Bijan Robinson,8699a914-7d44-5a36-b7a6-2063d3ea761f,RB,Running Back,period_1_2_receiving_rec,,1.5,1.5
Bijan Robinson,8699a914-7d44-5a36-b7a6-2063d3ea761f,RB,Running Back,50_rush_yds_each_half,,0.5,0.5
Bijan Robinson,8699a914-7d44-5a36-b7a6-2063d3ea761f,RB,Running Back,game_high_receiving_yards,,0.5,0.5
Bijan Robinson,8699a914-7d44-5a36-b7a6-2063d3ea761f,RB,Running Back,game_high_rushing_yards,,0.5,0.5
Bijan Robinson,8699a914-7d44-5a36-b7a6-2063d3ea761f,RB,Running Back,fumbles_lost,,0.5,0.5
Drake London,8699a914-7d44-5a36-b7a6-2063d3ea761f,WR,Wide Receiver,rush_rec_tds,,0.5,0.5
Drake London,8699a914-7d44-5a36-b7a6-2063d3ea761f,WR,Wide Receiver,receiving_yds,,65.5,65.5
Drake London,8699a914-7d44-5a36-b7a6-2063d3ea761f,WR,Wide Receiver,receiving_rec,,5.5,5.5
Drake London,8699a914-7d44-5a36-b7a6-2063d3ea761f,WR,Wide Receiver,receiving_tgts,,12.5,12.5
Drake London,8699a914-7d44-5a36-b7a6-2063d3ea761f,WR,Wide Receiver,receiving_tgts,,7.5,7.5
Drake London,8699a914-7d44-5a36-b7a6-2063d3ea761f,WR,Wide Receiver,receiving_tgts,,9.5,9.5
Drake London,8699a914-7d44-5a36-b7a6-2063d3ea761f,WR,Wide Receiver,receiving_tgts,,11.5,11.5
Drake London,8699a914-7d44-5a36-b7a6-2063d3ea761f,WR,Wide Receiver,receiving_tgts,,8.5,8.5
Drake London,8699a914-7d44-5a36-b7a6-2063d3ea761f,WR,Wide Receiver,receiving_tgts,,10.5,10.5
Drake London,8699a914-7d44-5a36-b7a6-2063d3ea761f,WR,Wide Receiver,receiving_long,,21.5,21.5
Drake London,8699a914-7d44-5a36-b7a6-2063d3ea761f,WR,Wide Receiver,period_first_touchdown_scored,,0.5,0.5
Drake London,8699a914-7d44-5a36-b7a6-2063d3ea761f,WR,Wide Receiver,last_touchdown_scored,,0.5,0.5
Drake London,8699a914-7d44-5a36-b7a6-2063d3ea761f,WR,Wide Receiver,fantasy_points,,14.15,14.15
Drake London,8699a914-7d44-5a36-b7a6-2063d3ea761f,WR,Wide Receiver,fantasy_points,,10.15,10.15
Drake London,8699a914-7d44-5a36-b7a6-2063d3ea761f,WR,Wide Receiver,fantasy_points,,18.15,18.15
Drake London,8699a914-7d44-5a36-b7a6-2063d3ea761f,WR,Wide Receiver,period_1_rush_rec_tds,,0.5,0.5
Drake London,8699a914-7d44-5a36-b7a6-2063d3ea761f,WR,Wide Receiver,period_1_receiving_yds,,8.5,8.5
Drake London,8699a914-7d44-5a36-b7a6-2063d3ea761f,WR,Wide Receiver,period_1_receiving_rec,,0.5,0.5
Drake London,8699a914-7d44-5a36-b7a6-2063d3ea761f,WR,Wide Receiver,period_1_2_rush_rec_tds,,0.5,0.5
Drake London,8699a914-7d44-5a36-b7a6-2063d3ea761f,WR,Wide Receiver,25_rec_yds_each_half,,0.5,0.5
Drake London,8699a914-7d44-5a36-b7a6-2063d3ea761f,WR,Wide Receiver,period_1_2_receiving_yds,,26.5,26.5
Drake London,8699a914-7d44-5a36-b7a6-2063d3ea761f,WR,Wide Receiver,50_rec_yds_each_half,,0.5,0.5
Drake London,8699a914-7d44-5a36-b7a6-2063d3ea761f,WR,Wide Receiver,period_1_2_receiving_rec,,2.5,2.5
Drake London,8699a914-7d44-5a36-b7a6-2063d3ea761f,WR,Wide Receiver,game_high_receiving_yards,,0.5,0.5
Drake London,8699a914-7d44-5a36-b7a6-2063d3ea761f,WR,Wide Receiver,fumbles_lost,,0.5,0.5
Jaylen Warren,ecc8eb1b-f714-57a6-bcf3-b183dd6c12a8,RB,Running Back,rush_rec_tds,,0.5,0.5
Jaylen Warren,ecc8eb1b-f714-57a6-bcf3-b183dd6c12a8,RB,Running Back,rushing_yds,,39.5,39.5
Jaylen Warren,ecc8eb1b-f714-57a6-bcf3-b183dd6c12a8,RB,Running Back,rush_rec_yds,,62.5,62.5
Jaylen Warren,ecc8eb1b-f714-57a6-bcf3-b183dd6c12a8,RB,Running Back,receiving_yds,,15.5,15.5
Jaylen Warren,ecc8eb1b-f714-57a6-bcf3-b183dd6c12a8,RB,Running Back,receiving_rec,,2.5,2.5
Jaylen Warren,ecc8eb1b-f714-57a6-bcf3-b183dd6c12a8,RB,Running Back,rushing_att,,9.5,9.5
Jaylen Warren,ecc8eb1b-f714-57a6-bcf3-b183dd6c12a8,RB,Running Back,receiving_tgts,,4.5,4.5
Jaylen Warren,ecc8eb1b-f714-57a6-bcf3-b183dd6c12a8,RB,Running Back,receiving_tgts,,3.5,3.5
Jaylen Warren,ecc8eb1b-f714-57a6-bcf3-b183dd6c12a8,RB,Running Back,receiving_tgts,,2.5,2.5
Jaylen Warren,ecc8eb1b-f714-57a6-bcf3-b183dd6c12a8,RB,Running Back,receiving_tgts,,7.5,7.5
Jaylen Warren,ecc8eb1b-f714-57a6-bcf3-b183dd6c12a8,RB,Running Back,receiving_tgts,,6.5,6.5
Jaylen Warren,ecc8eb1b-f714-57a6-bcf3-b183dd6c12a8,RB,Running Back,receiving_tgts,,5.5,5.5
Jaylen Warren,ecc8eb1b-f714-57a6-bcf3-b183dd6c12a8,RB,Running Back,receiving_long,,9.5,9.5
Jaylen Warren,ecc8eb1b-f714-57a6-bcf3-b183dd6c12a8,RB,Running Back,rushing_long,,11.5,11.5
Jaylen Warren,ecc8eb1b-f714-57a6-bcf3-b183dd6c12a8,RB,Running Back,period_first_touchdown_scored,,0.5,0.5
Jaylen Warren,ecc8eb1b-f714-57a6-bcf3-b183dd6c12a8,RB,Running Back,last_touchdown_scored,,0.5,0.5
Jaylen Warren,ecc8eb1b-f714-57a6-bcf3-b183dd6c12a8,RB,Running Back,fantasy_points,,17.55,17.55
Jaylen Warren,ecc8eb1b-f714-57a6-bcf3-b183dd6c12a8,RB,Running Back,fantasy_points,,9.55,9.55
Jaylen Warren,ecc8eb1b-f714-57a6-bcf3-b183dd6c12a8,RB,Running Back,fantasy_points,,13.55,13.55
Jaylen Warren,ecc8eb1b-f714-57a6-bcf3-b183dd6c12a8,RB,Running Back,period_1_rush_rec_tds,,0.5,0.5
Jaylen Warren,ecc8eb1b-f714-57a6-bcf3-b183dd6c12a8,RB,Running Back,period_1_receiving_yds,,0.5,0.5
Jaylen Warren,ecc8eb1b-f714-57a6-bcf3-b183dd6c12a8,RB,Running Back,period_1_receiving_rec,,0.5,0.5
Jaylen Warren,ecc8eb1b-f714-57a6-bcf3-b183dd6c12a8,RB,Running Back,period_1_rushing_yds,,7.5,7.5
Jaylen Warren,ecc8eb1b-f714-57a6-bcf3-b183dd6c12a8,RB,Running Back,period_1_2_rush_rec_tds,,0.5,0.5
Jaylen Warren,ecc8eb1b-f714-57a6-bcf3-b183dd6c12a8,RB,Running Back,period_1_2_receiving_yds,,6.5,6.5
Jaylen Warren,ecc8eb1b-f714-57a6-bcf3-b183dd6c12a8,RB,Running Back,period_1_2_rushing_yds,,16.5,16.5
Jaylen Warren,ecc8eb1b-f714-57a6-bcf3-b183dd6c12a8,RB,Running Back,25_rush_yds_each_half,,0.5,0.5
Jaylen Warren,ecc8eb1b-f714-57a6-bcf3-b183dd6c12a8,RB,Running Back,period_1_2_receiving_rec,,1.5,1.5
Jaylen Warren,ecc8eb1b-f714-57a6-bcf3-b183dd6c12a8,RB,Running Back,game_high_rushing_yards,,0.5,0.5
Jaylen Warren,ecc8eb1b-f714-57a6-bcf3-b183dd6c12a8,RB,Running Back,fumbles_lost,,0.5,0.5
Rico Dowdle,ecc8eb1b-f714-57a6-bcf3-b183dd6c12a8,RB,Running Back,rush_rec_tds,,0.5,0.5
Rico Dowdle,ecc8eb1b-f714-57a6-bcf3-b183dd6c12a8,RB,Running Back,rushing_yds,,50.5,50.5
Rico Dowdle,ecc8eb1b-f714-57a6-bcf3-b183dd6c12a8,RB,Running Back,rush_rec_yds,,66.5,66.5
Rico Dowdle,ecc8eb1b-f714-57a6-bcf3-b183dd6c12a8,RB,Running Back,receiving_yds,,8.5,8.5
Rico Dowdle,ecc8eb1b-f714-57a6-bcf3-b183dd6c12a8,RB,Running Back,receiving_rec,,1.5,1.5
Rico Dowdle,ecc8eb1b-f714-57a6-bcf3-b183dd6c12a8,RB,Running Back,rushing_att,,12.5,12.5
Rico Dowdle,ecc8eb1b-f714-57a6-bcf3-b183dd6c12a8,RB,Running Back,receiving_tgts,,5.5,5.5
Rico Dowdle,ecc8eb1b-f714-57a6-bcf3-b183dd6c12a8,RB,Running Back,receiving_tgts,,2.5,2.5
Rico Dowdle,ecc8eb1b-f714-57a6-bcf3-b183dd6c12a8,RB,Running Back,receiving_tgts,,3.5,3.5
Rico Dowdle,ecc8eb1b-f714-57a6-bcf3-b183dd6c12a8,RB,Running Back,receiving_tgts,,4.5,4.5
Rico Dowdle,ecc8eb1b-f714-57a6-bcf3-b183dd6c12a8,RB,Running Back,receiving_tgts,,1.5,1.5
Rico Dowdle,ecc8eb1b-f714-57a6-bcf3-b183dd6c12a8,RB,Running Back,receiving_long,,7.5,7.5
Rico Dowdle,ecc8eb1b-f714-57a6-bcf3-b183dd6c12a8,RB,Running Back,rushing_long,,12.5,12.5
Rico Dowdle,ecc8eb1b-f714-57a6-bcf3-b183dd6c12a8,RB,Running Back,period_first_touchdown_scored,,0.5,0.5
Rico Dowdle,ecc8eb1b-f714-57a6-bcf3-b183dd6c12a8,RB,Running Back,last_touchdown_scored,,0.5,0.5
Rico Dowdle,ecc8eb1b-f714-57a6-bcf3-b183dd6c12a8,RB,Running Back,fantasy_points,,13.25,13.25
Rico Dowdle,ecc8eb1b-f714-57a6-bcf3-b183dd6c12a8,RB,Running Back,fantasy_points,,17.25,17.25
Rico Dowdle,ecc8eb1b-f714-57a6-bcf3-b183dd6c12a8,RB,Running Back,fantasy_points,,9.25,9.25
Rico Dowdle,ecc8eb1b-f714-57a6-bcf3-b183dd6c12a8,RB,Running Back,period_1_rush_rec_tds,,0.5,0.5
Rico Dowdle,ecc8eb1b-f714-57a6-bcf3-b183dd6c12a8,RB,Running Back,period_1_receiving_yds,,0.5,0.5
Rico Dowdle,ecc8eb1b-f714-57a6-bcf3-b183dd6c12a8,RB,Running Back,period_1_receiving_rec,,0.5,0.5
Rico Dowdle,ecc8eb1b-f714-57a6-bcf3-b183dd6c12a8,RB,Running Back,period_1_rushing_yds,,10.5,10.5
Rico Dowdle,ecc8eb1b-f714-57a6-bcf3-b183dd6c12a8,RB,Running Back,period_1_2_rush_rec_tds,,0.5,0.5
Rico Dowdle,ecc8eb1b-f714-57a6-bcf3-b183dd6c12a8,RB,Running Back,period_1_2_receiving_yds,,2.5,2.5
Rico Dowdle,ecc8eb1b-f714-57a6-bcf3-b183dd6c12a8,RB,Running Back,25_rush_yds_each_half,,0.5,0.5
Rico Dowdle,ecc8eb1b-f714-57a6-bcf3-b183dd6c12a8,RB,Running Back,period_1_2_rushing_yds,,23.5,23.5
Rico Dowdle,ecc8eb1b-f714-57a6-bcf3-b183dd6c12a8,RB,Running Back,period_1_2_receiving_rec,,0.5,0.5
Rico Dowdle,ecc8eb1b-f714-57a6-bcf3-b183dd6c12a8,RB,Running Back,game_high_rushing_yards,,0.5,0.5
Rico Dowdle,ecc8eb1b-f714-57a6-bcf3-b183dd6c12a8,RB,Running Back,fumbles_lost,,0.5,0.5
DK Metcalf,ecc8eb1b-f714-57a6-bcf3-b183dd6c12a8,WR,Wide Receiver,rush_rec_tds,,0.5,0.5
DK Metcalf,ecc8eb1b-f714-57a6-bcf3-b183dd6c12a8,WR,Wide Receiver,rush_rec_yds,,45.5,45.5
DK Metcalf,ecc8eb1b-f714-57a6-bcf3-b183dd6c12a8,WR,Wide Receiver,receiving_yds,,46.5,46.5
DK Metcalf,ecc8eb1b-f714-57a6-bcf3-b183dd6c12a8,WR,Wide Receiver,receiving_rec,,3.5,3.5
DK Metcalf,ecc8eb1b-f714-57a6-bcf3-b183dd6c12a8,WR,Wide Receiver,receiving_tgts,,8.5,8.5
DK Metcalf,ecc8eb1b-f714-57a6-bcf3-b183dd6c12a8,WR,Wide Receiver,receiving_tgts,,5.5,5.5
DK Metcalf,ecc8eb1b-f714-57a6-bcf3-b183dd6c12a8,WR,Wide Receiver,receiving_tgts,,10.5,10.5
DK Metcalf,ecc8eb1b-f714-57a6-bcf3-b183dd6c12a8,WR,Wide Receiver,receiving_tgts,,6.5,6.5
DK Metcalf,ecc8eb1b-f714-57a6-bcf3-b183dd6c12a8,WR,Wide Receiver,receiving_tgts,,7.5,7.5
DK Metcalf,ecc8eb1b-f714-57a6-bcf3-b183dd6c12a8,WR,Wide Receiver,receiving_tgts,,9.5,9.5
DK Metcalf,ecc8eb1b-f714-57a6-bcf3-b183dd6c12a8,WR,Wide Receiver,receiving_long,,19.5,19.5
DK Metcalf,ecc8eb1b-f714-57a6-bcf3-b183dd6c12a8,WR,Wide Receiver,period_first_touchdown_scored,,0.5,0.5
DK Metcalf,ecc8eb1b-f714-57a6-bcf3-b183dd6c12a8,WR,Wide Receiver,last_touchdown_scored,,0.5,0.5
DK Metcalf,ecc8eb1b-f714-57a6-bcf3-b183dd6c12a8,WR,Wide Receiver,fantasy_points,,16.05,16.05
DK Metcalf,ecc8eb1b-f714-57a6-bcf3-b183dd6c12a8,WR,Wide Receiver,fantasy_points,,12.05,12.05
DK Metcalf,ecc8eb1b-f714-57a6-bcf3-b183dd6c12a8,WR,Wide Receiver,fantasy_points,,8.05,8.05
DK Metcalf,ecc8eb1b-f714-57a6-bcf3-b183dd6c12a8,WR,Wide Receiver,period_1_rush_rec_tds,,0.5,0.5
DK Metcalf,ecc8eb1b-f714-57a6-bcf3-b183dd6c12a8,WR,Wide Receiver,period_1_2_rush_rec_tds,,0.5,0.5
DK Metcalf,ecc8eb1b-f714-57a6-bcf3-b183dd6c12a8,WR,Wide Receiver,25_rec_yds_each_half,,0.5,0.5
DK Metcalf,ecc8eb1b-f714-57a6-bcf3-b183dd6c12a8,WR,Wide Receiver,50_rec_yds_each_half,,0.5,0.5
DK Metcalf,ecc8eb1b-f714-57a6-bcf3-b183dd6c12a8,WR,Wide Receiver,game_high_receiving_yards,,0.5,0.5
Kyle Pitts,8699a914-7d44-5a36-b7a6-2063d3ea761f,TE,Tight End,rush_rec_tds,,0.5,0.5
Kyle Pitts,8699a914-7d44-5a36-b7a6-2063d3ea761f,TE,Tight End,receiving_yds,,42.5,42.5
Kyle Pitts,8699a914-7d44-5a36-b7a6-2063d3ea761f,TE,Tight End,receiving_rec,,4.5,4.5
Kyle Pitts,8699a914-7d44-5a36-b7a6-2063d3ea761f,TE,Tight End,receiving_tgts,,7.5,7.5
Kyle Pitts,8699a914-7d44-5a36-b7a6-2063d3ea761f,TE,Tight End,receiving_tgts,,6.5,6.5
Kyle Pitts,8699a914-7d44-5a36-b7a6-2063d3ea761f,TE,Tight End,receiving_tgts,,8.5,8.5
Kyle Pitts,8699a914-7d44-5a36-b7a6-2063d3ea761f,TE,Tight End,receiving_tgts,,5.5,5.5
Kyle Pitts,8699a914-7d44-5a36-b7a6-2063d3ea761f,TE,Tight End,receiving_tgts,,10.5,10.5
Kyle Pitts,8699a914-7d44-5a36-b7a6-2063d3ea761f,TE,Tight End,receiving_tgts,,9.5,9.5
Kyle Pitts,8699a914-7d44-5a36-b7a6-2063d3ea761f,TE,Tight End,receiving_long,,17.5,17.5
Kyle Pitts,8699a914-7d44-5a36-b7a6-2063d3ea761f,TE,Tight End,period_first_touchdown_scored,,0.5,0.5
Kyle Pitts,8699a914-7d44-5a36-b7a6-2063d3ea761f,TE,Tight End,fantasy_points,,6.95,6.95
Kyle Pitts,8699a914-7d44-5a36-b7a6-2063d3ea761f,TE,Tight End,fantasy_points,,14.95,14.95
Kyle Pitts,8699a914-7d44-5a36-b7a6-2063d3ea761f,TE,Tight End,fantasy_points,,10.95,10.95
Kyle Pitts,8699a914-7d44-5a36-b7a6-2063d3ea761f,TE,Tight End,period_1_rush_rec_tds,,0.5,0.5
Kyle Pitts,8699a914-7d44-5a36-b7a6-2063d3ea761f,TE,Tight End,period_1_receiving_yds,,4.5,4.5
Kyle Pitts,8699a914-7d44-5a36-b7a6-2063d3ea761f,TE,Tight End,period_1_receiving_rec,,0.5,0.5
Kyle Pitts,8699a914-7d44-5a36-b7a6-2063d3ea761f,TE,Tight End,period_1_2_rush_rec_tds,,0.5,0.5
Kyle Pitts,8699a914-7d44-5a36-b7a6-2063d3ea761f,TE,Tight End,25_rec_yds_each_half,,0.5,0.5
Kyle Pitts,8699a914-7d44-5a36-b7a6-2063d3ea761f,TE,Tight End,period_1_2_receiving_yds,,16.5,16.5
Kyle Pitts,8699a914-7d44-5a36-b7a6-2063d3ea761f,TE,Tight End,period_1_2_receiving_rec,,1.5,1.5
Kyle Pitts,8699a914-7d44-5a36-b7a6-2063d3ea761f,TE,Tight End,game_high_receiving_yards,,0.5,0.5
Michael Pittman Jr.,ecc8eb1b-f714-57a6-bcf3-b183dd6c12a8,WR,Wide Receiver,rush_rec_tds,,0.5,0.5
Michael Pittman Jr.,ecc8eb1b-f714-57a6-bcf3-b183dd6c12a8,WR,Wide Receiver,receiving_yds,,39.5,39.5
Michael Pittman Jr.,ecc8eb1b-f714-57a6-bcf3-b183dd6c12a8,WR,Wide Receiver,receiving_rec,,4.5,4.5
Michael Pittman Jr.,ecc8eb1b-f714-57a6-bcf3-b183dd6c12a8,WR,Wide Receiver,receiving_tgts,,8.5,8.5
Michael Pittman Jr.,ecc8eb1b-f714-57a6-bcf3-b183dd6c12a8,WR,Wide Receiver,receiving_tgts,,6.5,6.5
Michael Pittman Jr.,ecc8eb1b-f714-57a6-bcf3-b183dd6c12a8,WR,Wide Receiver,receiving_tgts,,5.5,5.5
Michael Pittman Jr.,ecc8eb1b-f714-57a6-bcf3-b183dd6c12a8,WR,Wide Receiver,receiving_tgts,,9.5,9.5
Michael Pittman Jr.,ecc8eb1b-f714-57a6-bcf3-b183dd6c12a8,WR,Wide Receiver,receiving_tgts,,7.5,7.5
Michael Pittman Jr.,ecc8eb1b-f714-57a6-bcf3-b183dd6c12a8,WR,Wide Receiver,receiving_tgts,,10.5,10.5
Michael Pittman Jr.,ecc8eb1b-f714-57a6-bcf3-b183dd6c12a8,WR,Wide Receiver,receiving_long,,16.5,16.5
Michael Pittman Jr.,ecc8eb1b-f714-57a6-bcf3-b183dd6c12a8,WR,Wide Receiver,period_first_touchdown_scored,,0.5,0.5
Michael Pittman Jr.,ecc8eb1b-f714-57a6-bcf3-b183dd6c12a8,WR,Wide Receiver,fantasy_points,,7.55,7.55
Michael Pittman Jr.,ecc8eb1b-f714-57a6-bcf3-b183dd6c12a8,WR,Wide Receiver,fantasy_points,,15.55,15.55
Michael Pittman Jr.,ecc8eb1b-f714-57a6-bcf3-b183dd6c12a8,WR,Wide Receiver,fantasy_points,,11.55,11.55
Michael Pittman Jr.,ecc8eb1b-f714-57a6-bcf3-b183dd6c12a8,WR,Wide Receiver,period_1_rush_rec_tds,,0.5,0.5
Michael Pittman Jr.,ecc8eb1b-f714-57a6-bcf3-b183dd6c12a8,WR,Wide Receiver,period_1_receiving_yds,,5.5,5.5
Michael Pittman Jr.,ecc8eb1b-f714-57a6-bcf3-b183dd6c12a8,WR,Wide Receiver,period_1_receiving_rec,,0.5,0.5
Michael Pittman Jr.,ecc8eb1b-f714-57a6-bcf3-b183dd6c12a8,WR,Wide Receiver,period_1_2_rush_rec_tds,,0.5,0.5
Michael Pittman Jr.,ecc8eb1b-f714-57a6-bcf3-b183dd6c12a8,WR,Wide Receiver,period_1_2_receiving_yds,,19.5,19.5
Michael Pittman Jr.,ecc8eb1b-f714-57a6-bcf3-b183dd6c12a8,WR,Wide Receiver,25_rec_yds_each_half,,0.5,0.5
Michael Pittman Jr.,ecc8eb1b-f714-57a6-bcf3-b183dd6c12a8,WR,Wide Receiver,period_1_2_receiving_rec,,2.5,2.5
Michael Pittman Jr.,ecc8eb1b-f714-57a6-bcf3-b183dd6c12a8,WR,Wide Receiver,game_high_receiving_yards,,0.5,0.5
Brian Robinson,8699a914-7d44-5a36-b7a6-2063d3ea761f,RB,Running Back,rush_rec_tds,,0.5,0.5
Brian Robinson,8699a914-7d44-5a36-b7a6-2063d3ea761f,RB,Running Back,period_first_touchdown_scored,,0.5,0.5
Brian Robinson,8699a914-7d44-5a36-b7a6-2063d3ea761f,RB,Running Back,period_1_rush_rec_tds,,0.5,0.5
Brian Robinson,8699a914-7d44-5a36-b7a6-2063d3ea761f,RB,Running Back,period_1_2_rush_rec_tds,,0.5,0.5
Brian Robinson,8699a914-7d44-5a36-b7a6-2063d3ea761f,RB,Running Back,game_high_rushing_yards,,0.5,0.5
Brian Robinson,8699a914-7d44-5a36-b7a6-2063d3ea761f,RB,Running Back,fumbles_lost,,0.5,0.5
Pat Freiermuth,ecc8eb1b-f714-57a6-bcf3-b183dd6c12a8,TE,Tight End,rush_rec_tds,,0.5,0.5
Pat Freiermuth,ecc8eb1b-f714-57a6-bcf3-b183dd6c12a8,TE,Tight End,receiving_yds,,25.5,25.5
Pat Freiermuth,ecc8eb1b-f714-57a6-bcf3-b183dd6c12a8,TE,Tight End,receiving_rec,,2.5,2.5
Pat Freiermuth,ecc8eb1b-f714-57a6-bcf3-b183dd6c12a8,TE,Tight End,receiving_tgts,,4.5,4.5
Pat Freiermuth,ecc8eb1b-f714-57a6-bcf3-b183dd6c12a8,TE,Tight End,receiving_tgts,,5.5,5.5
Pat Freiermuth,ecc8eb1b-f714-57a6-bcf3-b183dd6c12a8,TE,Tight End,receiving_tgts,,7.5,7.5
Pat Freiermuth,ecc8eb1b-f714-57a6-bcf3-b183dd6c12a8,TE,Tight End,receiving_tgts,,8.5,8.5
Pat Freiermuth,ecc8eb1b-f714-57a6-bcf3-b183dd6c12a8,TE,Tight End,receiving_tgts,,3.5,3.5
Pat Freiermuth,ecc8eb1b-f714-57a6-bcf3-b183dd6c12a8,TE,Tight End,receiving_tgts,,6.5,6.5
Pat Freiermuth,ecc8eb1b-f714-57a6-bcf3-b183dd6c12a8,TE,Tight End,receiving_long,,13.5,13.5
Pat Freiermuth,ecc8eb1b-f714-57a6-bcf3-b183dd6c12a8,TE,Tight End,period_first_touchdown_scored,,0.5,0.5
Pat Freiermuth,ecc8eb1b-f714-57a6-bcf3-b183dd6c12a8,TE,Tight End,period_1_rush_rec_tds,,0.5,0.5
Pat Freiermuth,ecc8eb1b-f714-57a6-bcf3-b183dd6c12a8,TE,Tight End,period_1_receiving_yds,,0.5,0.5
Pat Freiermuth,ecc8eb1b-f714-57a6-bcf3-b183dd6c12a8,TE,Tight End,period_1_receiving_rec,,0.5,0.5
Pat Freiermuth,ecc8eb1b-f714-57a6-bcf3-b183dd6c12a8,TE,Tight End,period_1_2_rush_rec_tds,,0.5,0.5
Pat Freiermuth,ecc8eb1b-f714-57a6-bcf3-b183dd6c12a8,TE,Tight End,25_rec_yds_each_half,,0.5,0.5
Pat Freiermuth,ecc8eb1b-f714-57a6-bcf3-b183dd6c12a8,TE,Tight End,period_1_2_receiving_yds,,10.5,10.5
Pat Freiermuth,ecc8eb1b-f714-57a6-bcf3-b183dd6c12a8,TE,Tight End,period_1_2_receiving_rec,,1.5,1.5
Pat Freiermuth,ecc8eb1b-f714-57a6-bcf3-b183dd6c12a8,TE,Tight End,game_high_receiving_yards,,0.5,0.5
Jahan Dotson,8699a914-7d44-5a36-b7a6-2063d3ea761f,WR,Wide Receiver,rush_rec_tds,,0.5,0.5
Jahan Dotson,8699a914-7d44-5a36-b7a6-2063d3ea761f,WR,Wide Receiver,receiving_yds,,18.5,18.5
Jahan Dotson,8699a914-7d44-5a36-b7a6-2063d3ea761f,WR,Wide Receiver,receiving_rec,,1.5,1.5
Jahan Dotson,8699a914-7d44-5a36-b7a6-2063d3ea761f,WR,Wide Receiver,receiving_tgts,,3.5,3.5
Jahan Dotson,8699a914-7d44-5a36-b7a6-2063d3ea761f,WR,Wide Receiver,receiving_tgts,,7.5,7.5
Jahan Dotson,8699a914-7d44-5a36-b7a6-2063d3ea761f,WR,Wide Receiver,receiving_tgts,,2.5,2.5
Jahan Dotson,8699a914-7d44-5a36-b7a6-2063d3ea761f,WR,Wide Receiver,receiving_tgts,,5.5,5.5
Jahan Dotson,8699a914-7d44-5a36-b7a6-2063d3ea761f,WR,Wide Receiver,receiving_tgts,,4.5,4.5
Jahan Dotson,8699a914-7d44-5a36-b7a6-2063d3ea761f,WR,Wide Receiver,receiving_tgts,,6.5,6.5
Jahan Dotson,8699a914-7d44-5a36-b7a6-2063d3ea761f,WR,Wide Receiver,receiving_long,,11.5,11.5
Jahan Dotson,8699a914-7d44-5a36-b7a6-2063d3ea761f,WR,Wide Receiver,period_first_touchdown_scored,,0.5,0.5
Jahan Dotson,8699a914-7d44-5a36-b7a6-2063d3ea761f,WR,Wide Receiver,period_1_rush_rec_tds,,0.5,0.5
Jahan Dotson,8699a914-7d44-5a36-b7a6-2063d3ea761f,WR,Wide Receiver,period_1_receiving_yds,,0.5,0.5
Jahan Dotson,8699a914-7d44-5a36-b7a6-2063d3ea761f,WR,Wide Receiver,period_1_receiving_rec,,0.5,0.5
Jahan Dotson,8699a914-7d44-5a36-b7a6-2063d3ea761f,WR,Wide Receiver,period_1_2_rush_rec_tds,,0.5,0.5
Jahan Dotson,8699a914-7d44-5a36-b7a6-2063d3ea761f,WR,Wide Receiver,period_1_2_receiving_yds,,5.5,5.5
Jahan Dotson,8699a914-7d44-5a36-b7a6-2063d3ea761f,WR,Wide Receiver,period_1_2_receiving_rec,,0.5,0.5
Jahan Dotson,8699a914-7d44-5a36-b7a6-2063d3ea761f,WR,Wide Receiver,game_high_receiving_yards,,0.5,0.5
Roman Wilson,ecc8eb1b-f714-57a6-bcf3-b183dd6c12a8,WR,Wide Receiver,rush_rec_tds,,0.5,0.5
Roman Wilson,ecc8eb1b-f714-57a6-bcf3-b183dd6c12a8,WR,Wide Receiver,period_1_2_rush_rec_tds,,0.5,0.5
Olamide Zaccheaus,8699a914-7d44-5a36-b7a6-2063d3ea761f,WR,Wide Receiver,rush_rec_tds,,0.5,0.5
Olamide Zaccheaus,8699a914-7d44-5a36-b7a6-2063d3ea761f,WR,Wide Receiver,period_1_2_rush_rec_tds,,0.5,0.5
Austin Hooper,8699a914-7d44-5a36-b7a6-2063d3ea761f,TE,Tight End,rush_rec_tds,,0.5,0.5
Austin Hooper,8699a914-7d44-5a36-b7a6-2063d3ea761f,TE,Tight End,period_1_2_rush_rec_tds,,0.5,0.5
Tua Tagovailoa,8699a914-7d44-5a36-b7a6-2063d3ea761f,QB,Quarterback,rush_rec_tds,,0.5,0.5
Tua Tagovailoa,8699a914-7d44-5a36-b7a6-2063d3ea761f,QB,Quarterback,passing_yds,,204.5,204.5
Tua Tagovailoa,8699a914-7d44-5a36-b7a6-2063d3ea761f,QB,Quarterback,passing_tds,,1.5,1.5
Tua Tagovailoa,8699a914-7d44-5a36-b7a6-2063d3ea761f,QB,Quarterback,period_1_passing_yds,,40.5,40.5
Tua Tagovailoa,8699a914-7d44-5a36-b7a6-2063d3ea761f,QB,Quarterback,passing_ints,,0.5,0.5
Tua Tagovailoa,8699a914-7d44-5a36-b7a6-2063d3ea761f,QB,Quarterback,passing_long,,33.5,33.5
Tua Tagovailoa,8699a914-7d44-5a36-b7a6-2063d3ea761f,QB,Quarterback,fantasy_points,,17.05,17.05
Tua Tagovailoa,8699a914-7d44-5a36-b7a6-2063d3ea761f,QB,Quarterback,fantasy_points,,21.05,21.05
Tua Tagovailoa,8699a914-7d44-5a36-b7a6-2063d3ea761f,QB,Quarterback,fantasy_points,,13.05,13.05
Tua Tagovailoa,8699a914-7d44-5a36-b7a6-2063d3ea761f,QB,Quarterback,period_1_passing_tds,,0.5,0.5
Tua Tagovailoa,8699a914-7d44-5a36-b7a6-2063d3ea761f,QB,Quarterback,period_1_2_passing_yds,,96.5,96.5
Tua Tagovailoa,8699a914-7d44-5a36-b7a6-2063d3ea761f,QB,Quarterback,period_1_2_passing_tds,,0.5,0.5
Tua Tagovailoa,8699a914-7d44-5a36-b7a6-2063d3ea761f,QB,Quarterback,25_pass_yds_each_quarter,,0.5,0.5
Tua Tagovailoa,8699a914-7d44-5a36-b7a6-2063d3ea761f,QB,Quarterback,100_pass_yds_each_half,,0.5,0.5
Tua Tagovailoa,8699a914-7d44-5a36-b7a6-2063d3ea761f,QB,Quarterback,50_pass_yds_each_quarter,,0.5,0.5
Tua Tagovailoa,8699a914-7d44-5a36-b7a6-2063d3ea761f,QB,Quarterback,game_high_passing_yards,,0.5,0.5
Tua Tagovailoa,8699a914-7d44-5a36-b7a6-2063d3ea761f,QB,Quarterback,fumbles_lost,,0.5,0.5
Darnell Washington,ecc8eb1b-f714-57a6-bcf3-b183dd6c12a8,TE,Tight End,rush_rec_tds,,0.5,0.5
Aaron Rodgers,ecc8eb1b-f714-57a6-bcf3-b183dd6c12a8,QB,Quarterback,rush_rec_tds,,0.5,0.5
Aaron Rodgers,ecc8eb1b-f714-57a6-bcf3-b183dd6c12a8,QB,Quarterback,passing_yds,,212.5,212.5
Aaron Rodgers,ecc8eb1b-f714-57a6-bcf3-b183dd6c12a8,QB,Quarterback,passing_tds,,1.5,1.5
Darnell Washington,ecc8eb1b-f714-57a6-bcf3-b183dd6c12a8,TE,Tight End,receiving_yds,,17.5,17.5
Darnell Washington,ecc8eb1b-f714-57a6-bcf3-b183dd6c12a8,TE,Tight End,receiving_rec,,1.5,1.5
Aaron Rodgers,ecc8eb1b-f714-57a6-bcf3-b183dd6c12a8,QB,Quarterback,period_1_passing_yds,,47.5,47.5
Aaron Rodgers,ecc8eb1b-f714-57a6-bcf3-b183dd6c12a8,QB,Quarterback,passing_and_rushing_yds,,218.5,218.5
Aaron Rodgers,ecc8eb1b-f714-57a6-bcf3-b183dd6c12a8,QB,Quarterback,passing_comps,,21.5,21.5
Aaron Rodgers,ecc8eb1b-f714-57a6-bcf3-b183dd6c12a8,QB,Quarterback,passing_att,,31.5,31.5
Aaron Rodgers,ecc8eb1b-f714-57a6-bcf3-b183dd6c12a8,QB,Quarterback,passing_ints,,0.5,0.5
Darnell Washington,ecc8eb1b-f714-57a6-bcf3-b183dd6c12a8,TE,Tight End,receiving_tgts,,5.5,5.5
Darnell Washington,ecc8eb1b-f714-57a6-bcf3-b183dd6c12a8,TE,Tight End,receiving_tgts,,7.5,7.5
Darnell Washington,ecc8eb1b-f714-57a6-bcf3-b183dd6c12a8,TE,Tight End,receiving_tgts,,6.5,6.5
Darnell Washington,ecc8eb1b-f714-57a6-bcf3-b183dd6c12a8,TE,Tight End,receiving_tgts,,2.5,2.5
Darnell Washington,ecc8eb1b-f714-57a6-bcf3-b183dd6c12a8,TE,Tight End,receiving_tgts,,4.5,4.5
Darnell Washington,ecc8eb1b-f714-57a6-bcf3-b183dd6c12a8,TE,Tight End,receiving_tgts,,3.5,3.5
Darnell Washington,ecc8eb1b-f714-57a6-bcf3-b183dd6c12a8,TE,Tight End,receiving_long,,11.5,11.5
Aaron Rodgers,ecc8eb1b-f714-57a6-bcf3-b183dd6c12a8,QB,Quarterback,passing_long,,32.5,32.5
Darnell Washington,ecc8eb1b-f714-57a6-bcf3-b183dd6c12a8,TE,Tight End,period_first_touchdown_scored,,0.5,0.5
Aaron Rodgers,ecc8eb1b-f714-57a6-bcf3-b183dd6c12a8,QB,Quarterback,fantasy_points,,18.45,18.45
Aaron Rodgers,ecc8eb1b-f714-57a6-bcf3-b183dd6c12a8,QB,Quarterback,fantasy_points,,14.45,14.45
Aaron Rodgers,ecc8eb1b-f714-57a6-bcf3-b183dd6c12a8,QB,Quarterback,fantasy_points,,22.45,22.45
Darnell Washington,ecc8eb1b-f714-57a6-bcf3-b183dd6c12a8,TE,Tight End,period_1_rush_rec_tds,,0.5,0.5
Aaron Rodgers,ecc8eb1b-f714-57a6-bcf3-b183dd6c12a8,QB,Quarterback,period_1_passing_tds,,0.5,0.5
Darnell Washington,ecc8eb1b-f714-57a6-bcf3-b183dd6c12a8,TE,Tight End,period_1_receiving_yds,,0.5,0.5
Darnell Washington,ecc8eb1b-f714-57a6-bcf3-b183dd6c12a8,TE,Tight End,period_1_receiving_rec,,0.5,0.5
Darnell Washington,ecc8eb1b-f714-57a6-bcf3-b183dd6c12a8,TE,Tight End,period_1_2_rush_rec_tds,,0.5,0.5
Aaron Rodgers,ecc8eb1b-f714-57a6-bcf3-b183dd6c12a8,QB,Quarterback,period_1_2_rush_rec_tds,,0.5,0.5
Aaron Rodgers,ecc8eb1b-f714-57a6-bcf3-b183dd6c12a8,QB,Quarterback,period_1_2_passing_yds,,108.5,108.5
Darnell Washington,ecc8eb1b-f714-57a6-bcf3-b183dd6c12a8,TE,Tight End,period_1_2_receiving_yds,,7.5,7.5
Darnell Washington,ecc8eb1b-f714-57a6-bcf3-b183dd6c12a8,TE,Tight End,period_1_2_receiving_rec,,1.5,1.5
Aaron Rodgers,ecc8eb1b-f714-57a6-bcf3-b183dd6c12a8,QB,Quarterback,period_1_2_passing_tds,,0.5,0.5
Aaron Rodgers,ecc8eb1b-f714-57a6-bcf3-b183dd6c12a8,QB,Quarterback,100_pass_yds_each_half,,0.5,0.5
Aaron Rodgers,ecc8eb1b-f714-57a6-bcf3-b183dd6c12a8,QB,Quarterback,25_pass_yds_each_quarter,,0.5,0.5
Aaron Rodgers,ecc8eb1b-f714-57a6-bcf3-b183dd6c12a8,QB,Quarterback,150_pass_yds_each_half,,0.5,0.5
Aaron Rodgers,ecc8eb1b-f714-57a6-bcf3-b183dd6c12a8,QB,Quarterback,50_pass_yds_each_quarter,,0.5,0.5
Aaron Rodgers,ecc8eb1b-f714-57a6-bcf3-b183dd6c12a8,QB,Quarterback,game_high_passing_yards,,0.5,0.5
Aaron Rodgers,ecc8eb1b-f714-57a6-bcf3-b183dd6c12a8,QB,Quarterback,fumbles_lost,,0.5,0.5
Zachariah Branch,8699a914-7d44-5a36-b7a6-2063d3ea761f,WR,Wide Receiver,rush_rec_tds,,0.5,0.5
Eli Heidenreich,ecc8eb1b-f714-57a6-bcf3-b183dd6c12a8,RB,Running Back,rush_rec_tds,,0.5,0.5
Robert Tonyan,ecc8eb1b-f714-57a6-bcf3-b183dd6c12a8,TE,Tight End,rush_rec_tds,,0.5,0.5
Kaden Wetjen,ecc8eb1b-f714-57a6-bcf3-b183dd6c12a8,WR,Wide Receiver,rush_rec_tds,,0.5,0.5
Germie Bernard,ecc8eb1b-f714-57a6-bcf3-b183dd6c12a8,WR,Wide Receiver,rush_rec_tds,,0.5,0.5
Chris Blair,8699a914-7d44-5a36-b7a6-2063d3ea761f,WR,Wide Receiver,rush_rec_tds,,0.5,0.5
Riley Nowakowski,ecc8eb1b-f714-57a6-bcf3-b183dd6c12a8,FB,Full Back,rush_rec_tds,,0.5,0.5
Charlie Woerner,8699a914-7d44-5a36-b7a6-2063d3ea761f,TE,Tight End,rush_rec_tds,,0.5,0.5
Chris Boswell,ecc8eb1b-f714-57a6-bcf3-b183dd6c12a8,K,Kicker,field_goals_made,,1.5,1.5
Nick Folk,8699a914-7d44-5a36-b7a6-2063d3ea761f,K,Kicker,field_goals_made,,1.5,1.5
Chris Boswell,ecc8eb1b-f714-57a6-bcf3-b183dd6c12a8,K,Kicker,kicking_points,,7.5,7.5
Nick Folk,8699a914-7d44-5a36-b7a6-2063d3ea761f,K,Kicker,kicking_points,,5.5,5.5
Nick Folk,8699a914-7d44-5a36-b7a6-2063d3ea761f,K,Kicker,extra_points_made,,1.5,1.5
Chris Boswell,ecc8eb1b-f714-57a6-bcf3-b183dd6c12a8,K,Kicker,extra_points_made,,2.5,2.5
Jalen Ramsey,ecc8eb1b-f714-57a6-bcf3-b183dd6c12a8,CB,Cornerback,defensive_ints,,0.5,0.5
Germie Bernard,ecc8eb1b-f714-57a6-bcf3-b183dd6c12a8,WR,Wide Receiver,period_1_2_rush_rec_tds,,0.5,0.5
Jamel Dean,ecc8eb1b-f714-57a6-bcf3-b183dd6c12a8,CB,Cornerback,defensive_ints,,0.5,0.5
Xavier Watts,8699a914-7d44-5a36-b7a6-2063d3ea761f,SAF,Safety,defensive_ints,,0.5,0.5
Jessie Bates,8699a914-7d44-5a36-b7a6-2063d3ea761f,SAF,Safety,defensive_ints,,0.5,0.5
Jaquan Brisker,ecc8eb1b-f714-57a6-bcf3-b183dd6c12a8,SAF,Safety,defensive_ints,,0.5,0.5
Eli Heidenreich,ecc8eb1b-f714-57a6-bcf3-b183dd6c12a8,RB,Running Back,period_1_2_rush_rec_tds,,0.5,0.5
Patrick Queen,ecc8eb1b-f714-57a6-bcf3-b183dd6c12a8,LB,Linebacker,defensive_ints,,0.5,0.5
Joey Porter Jr.,ecc8eb1b-f714-57a6-bcf3-b183dd6c12a8,CB,Cornerback,defensive_ints,,0.5,0.5
Riley Nowakowski,ecc8eb1b-f714-57a6-bcf3-b183dd6c12a8,FB,Full Back,period_1_2_rush_rec_tds,,0.5,0.5
Kaden Wetjen,ecc8eb1b-f714-57a6-bcf3-b183dd6c12a8,WR,Wide Receiver,period_1_2_rush_rec_tds,,0.5,0.5
Zachariah Branch,8699a914-7d44-5a36-b7a6-2063d3ea761f,WR,Wide Receiver,period_1_2_rush_rec_tds,,0.5,0.5
Zachariah Branch,8699a914-7d44-5a36-b7a6-2063d3ea761f,WR,Wide Receiver,fumbles_lost,,0.5,0.5
Jahmyr Gibbs,a8980eb6-327f-5bc5-abf9-de1e944b566d,RB,Running Back,rush_rec_tds,,0.5,0.5
Jahmyr Gibbs,a8980eb6-327f-5bc5-abf9-de1e944b566d,RB,Running Back,rushing_yds,,83.5,83.5
Jahmyr Gibbs,a8980eb6-327f-5bc5-abf9-de1e944b566d,RB,Running Back,receiving_yds,,30.5,30.5
Jahmyr Gibbs,a8980eb6-327f-5bc5-abf9-de1e944b566d,RB,Running Back,rush_rec_yds,,119.5,119.5
Jahmyr Gibbs,a8980eb6-327f-5bc5-abf9-de1e944b566d,RB,Running Back,receiving_rec,,4.5,4.5
Jahmyr Gibbs,a8980eb6-327f-5bc5-abf9-de1e944b566d,RB,Running Back,rushing_att,,17.5,17.5
Jahmyr Gibbs,a8980eb6-327f-5bc5-abf9-de1e944b566d,RB,Running Back,receiving_tgts,,8.5,8.5
Jahmyr Gibbs,a8980eb6-327f-5bc5-abf9-de1e944b566d,RB,Running Back,receiving_tgts,,7.5,7.5
Jahmyr Gibbs,a8980eb6-327f-5bc5-abf9-de1e944b566d,RB,Running Back,receiving_tgts,,9.5,9.5
Jahmyr Gibbs,a8980eb6-327f-5bc5-abf9-de1e944b566d,RB,Running Back,receiving_tgts,,5.5,5.5
Jahmyr Gibbs,a8980eb6-327f-5bc5-abf9-de1e944b566d,RB,Running Back,receiving_tgts,,6.5,6.5
Jahmyr Gibbs,a8980eb6-327f-5bc5-abf9-de1e944b566d,RB,Running Back,receiving_tgts,,4.5,4.5
Jahmyr Gibbs,a8980eb6-327f-5bc5-abf9-de1e944b566d,RB,Running Back,receiving_long,,14.5,14.5
Jahmyr Gibbs,a8980eb6-327f-5bc5-abf9-de1e944b566d,RB,Running Back,rushing_long,,18.5,18.5
Jahmyr Gibbs,a8980eb6-327f-5bc5-abf9-de1e944b566d,RB,Running Back,period_first_touchdown_scored,,0.5,0.5
Jahmyr Gibbs,a8980eb6-327f-5bc5-abf9-de1e944b566d,RB,Running Back,last_touchdown_scored,,0.5,0.5
Jahmyr Gibbs,a8980eb6-327f-5bc5-abf9-de1e944b566d,RB,Running Back,fantasy_points,,19.95,19.95
Jahmyr Gibbs,a8980eb6-327f-5bc5-abf9-de1e944b566d,RB,Running Back,fantasy_points,,23.95,23.95
Jahmyr Gibbs,a8980eb6-327f-5bc5-abf9-de1e944b566d,RB,Running Back,fantasy_points,,27.95,27.95
Jahmyr Gibbs,a8980eb6-327f-5bc5-abf9-de1e944b566d,RB,Running Back,period_1_rush_rec_tds,,0.5,0.5
Jahmyr Gibbs,a8980eb6-327f-5bc5-abf9-de1e944b566d,RB,Running Back,period_1_receiving_yds,,5.5,5.5
Jahmyr Gibbs,a8980eb6-327f-5bc5-abf9-de1e944b566d,RB,Running Back,period_1_receiving_rec,,0.5,0.5
Jahmyr Gibbs,a8980eb6-327f-5bc5-abf9-de1e944b566d,RB,Running Back,period_1_rushing_yds,,17.5,17.5
Jahmyr Gibbs,a8980eb6-327f-5bc5-abf9-de1e944b566d,RB,Running Back,period_1_2_rush_rec_tds,,0.5,0.5
Jahmyr Gibbs,a8980eb6-327f-5bc5-abf9-de1e944b566d,RB,Running Back,period_1_2_receiving_yds,,17.5,17.5
Jahmyr Gibbs,a8980eb6-327f-5bc5-abf9-de1e944b566d,RB,Running Back,period_1_2_rushing_yds,,39.5,39.5
Jahmyr Gibbs,a8980eb6-327f-5bc5-abf9-de1e944b566d,RB,Running Back,25_rush_yds_each_half,,0.5,0.5
Jahmyr Gibbs,a8980eb6-327f-5bc5-abf9-de1e944b566d,RB,Running Back,period_1_2_receiving_rec,,2.5,2.5
Jahmyr Gibbs,a8980eb6-327f-5bc5-abf9-de1e944b566d,RB,Running Back,50_rush_yds_each_half,,0.5,0.5
Jahmyr Gibbs,a8980eb6-327f-5bc5-abf9-de1e944b566d,RB,Running Back,game_high_receiving_yards,,0.5,0.5
Jahmyr Gibbs,a8980eb6-327f-5bc5-abf9-de1e944b566d,RB,Running Back,game_high_rushing_yards,,0.5,0.5
Jahmyr Gibbs,a8980eb6-327f-5bc5-abf9-de1e944b566d,RB,Running Back,fumbles_lost,,0.5,0.5
Amon-Ra St. Brown,a8980eb6-327f-5bc5-abf9-de1e944b566d,WR,Wide Receiver,rush_rec_tds,,0.5,0.5
Amon-Ra St. Brown,a8980eb6-327f-5bc5-abf9-de1e944b566d,WR,Wide Receiver,receiving_yds,,78.5,78.5
Amon-Ra St. Brown,a8980eb6-327f-5bc5-abf9-de1e944b566d,WR,Wide Receiver,receiving_rec,,6.5,6.5
Amon-Ra St. Brown,a8980eb6-327f-5bc5-abf9-de1e944b566d,WR,Wide Receiver,receiving_tgts,,13.5,13.5
Amon-Ra St. Brown,a8980eb6-327f-5bc5-abf9-de1e944b566d,WR,Wide Receiver,receiving_tgts,,9.5,9.5
Amon-Ra St. Brown,a8980eb6-327f-5bc5-abf9-de1e944b566d,WR,Wide Receiver,receiving_tgts,,12.5,12.5
Amon-Ra St. Brown,a8980eb6-327f-5bc5-abf9-de1e944b566d,WR,Wide Receiver,receiving_tgts,,10.5,10.5
Amon-Ra St. Brown,a8980eb6-327f-5bc5-abf9-de1e944b566d,WR,Wide Receiver,receiving_tgts,,14.5,14.5
Amon-Ra St. Brown,a8980eb6-327f-5bc5-abf9-de1e944b566d,WR,Wide Receiver,receiving_tgts,,11.5,11.5
Amon-Ra St. Brown,a8980eb6-327f-5bc5-abf9-de1e944b566d,WR,Wide Receiver,receiving_long,,22.5,22.5
Amon-Ra St. Brown,a8980eb6-327f-5bc5-abf9-de1e944b566d,WR,Wide Receiver,period_first_touchdown_scored,,0.5,0.5
Amon-Ra St. Brown,a8980eb6-327f-5bc5-abf9-de1e944b566d,WR,Wide Receiver,last_touchdown_scored,,0.5,0.5
Amon-Ra St. Brown,a8980eb6-327f-5bc5-abf9-de1e944b566d,WR,Wide Receiver,fantasy_points,,17.75,17.75
Amon-Ra St. Brown,a8980eb6-327f-5bc5-abf9-de1e944b566d,WR,Wide Receiver,fantasy_points,,13.75,13.75
Amon-Ra St. Brown,a8980eb6-327f-5bc5-abf9-de1e944b566d,WR,Wide Receiver,fantasy_points,,21.75,21.75
Amon-Ra St. Brown,a8980eb6-327f-5bc5-abf9-de1e944b566d,WR,Wide Receiver,period_1_rush_rec_tds,,0.5,0.5
Amon-Ra St. Brown,a8980eb6-327f-5bc5-abf9-de1e944b566d,WR,Wide Receiver,period_1_receiving_yds,,15.5,15.5
Amon-Ra St. Brown,a8980eb6-327f-5bc5-abf9-de1e944b566d,WR,Wide Receiver,period_1_receiving_rec,,1.5,1.5
Amon-Ra St. Brown,a8980eb6-327f-5bc5-abf9-de1e944b566d,WR,Wide Receiver,period_1_2_rush_rec_tds,,0.5,0.5
Amon-Ra St. Brown,a8980eb6-327f-5bc5-abf9-de1e944b566d,WR,Wide Receiver,period_1_2_receiving_yds,,38.5,38.5
Amon-Ra St. Brown,a8980eb6-327f-5bc5-abf9-de1e944b566d,WR,Wide Receiver,25_rec_yds_each_half,,0.5,0.5
Amon-Ra St. Brown,a8980eb6-327f-5bc5-abf9-de1e944b566d,WR,Wide Receiver,50_rec_yds_each_half,,0.5,0.5
Amon-Ra St. Brown,a8980eb6-327f-5bc5-abf9-de1e944b566d,WR,Wide Receiver,period_1_2_receiving_rec,,3.5,3.5
Amon-Ra St. Brown,a8980eb6-327f-5bc5-abf9-de1e944b566d,WR,Wide Receiver,game_high_receiving_yards,,0.5,0.5
Amon-Ra St. Brown,a8980eb6-327f-5bc5-abf9-de1e944b566d,WR,Wide Receiver,fumbles_lost,,0.5,0.5
Jameson Williams,a8980eb6-327f-5bc5-abf9-de1e944b566d,WR,Wide Receiver,rush_rec_tds,,0.5,0.5
Travis Etienne Jr.,530518ed-91db-57c4-9077-27cc0dd9a293,RB,Running Back,rush_rec_tds,,0.5,0.5
Travis Etienne Jr.,530518ed-91db-57c4-9077-27cc0dd9a293,RB,Running Back,rushing_yds,,55.5,55.5
Jameson Williams,a8980eb6-327f-5bc5-abf9-de1e944b566d,WR,Wide Receiver,receiving_yds,,57.5,57.5
Travis Etienne Jr.,530518ed-91db-57c4-9077-27cc0dd9a293,RB,Running Back,receiving_yds,,17.5,17.5
Travis Etienne Jr.,530518ed-91db-57c4-9077-27cc0dd9a293,RB,Running Back,rush_rec_yds,,80.5,80.5
Jameson Williams,a8980eb6-327f-5bc5-abf9-de1e944b566d,WR,Wide Receiver,receiving_rec,,3.5,3.5
Travis Etienne Jr.,530518ed-91db-57c4-9077-27cc0dd9a293,RB,Running Back,receiving_rec,,2.5,2.5
Travis Etienne Jr.,530518ed-91db-57c4-9077-27cc0dd9a293,RB,Running Back,rushing_att,,15.5,15.5
Jameson Williams,a8980eb6-327f-5bc5-abf9-de1e944b566d,WR,Wide Receiver,receiving_tgts,,8.5,8.5
Jameson Williams,a8980eb6-327f-5bc5-abf9-de1e944b566d,WR,Wide Receiver,receiving_tgts,,7.5,7.5
Jameson Williams,a8980eb6-327f-5bc5-abf9-de1e944b566d,WR,Wide Receiver,receiving_tgts,,6.5,6.5
Jameson Williams,a8980eb6-327f-5bc5-abf9-de1e944b566d,WR,Wide Receiver,receiving_tgts,,9.5,9.5
Travis Etienne Jr.,530518ed-91db-57c4-9077-27cc0dd9a293,RB,Running Back,receiving_tgts,,6.5,6.5
Travis Etienne Jr.,530518ed-91db-57c4-9077-27cc0dd9a293,RB,Running Back,receiving_tgts,,7.5,7.5
Travis Etienne Jr.,530518ed-91db-57c4-9077-27cc0dd9a293,RB,Running Back,receiving_tgts,,3.5,3.5
Travis Etienne Jr.,530518ed-91db-57c4-9077-27cc0dd9a293,RB,Running Back,receiving_tgts,,4.5,4.5
Travis Etienne Jr.,530518ed-91db-57c4-9077-27cc0dd9a293,RB,Running Back,receiving_tgts,,5.5,5.5
Travis Etienne Jr.,530518ed-91db-57c4-9077-27cc0dd9a293,RB,Running Back,receiving_tgts,,8.5,8.5
Jameson Williams,a8980eb6-327f-5bc5-abf9-de1e944b566d,WR,Wide Receiver,receiving_tgts,,5.5,5.5
Jameson Williams,a8980eb6-327f-5bc5-abf9-de1e944b566d,WR,Wide Receiver,receiving_tgts,,10.5,10.5
Travis Etienne Jr.,530518ed-91db-57c4-9077-27cc0dd9a293,RB,Running Back,receiving_long,,9.5,9.5
Jameson Williams,a8980eb6-327f-5bc5-abf9-de1e944b566d,WR,Wide Receiver,receiving_long,,24.5,24.5
Travis Etienne Jr.,530518ed-91db-57c4-9077-27cc0dd9a293,RB,Running Back,rushing_long,,12.5,12.5
Jameson Williams,a8980eb6-327f-5bc5-abf9-de1e944b566d,WR,Wide Receiver,period_first_touchdown_scored,,0.5,0.5
Travis Etienne Jr.,530518ed-91db-57c4-9077-27cc0dd9a293,RB,Running Back,period_first_touchdown_scored,,0.5,0.5
Travis Etienne Jr.,530518ed-91db-57c4-9077-27cc0dd9a293,RB,Running Back,last_touchdown_scored,,0.5,0.5
Jameson Williams,a8980eb6-327f-5bc5-abf9-de1e944b566d,WR,Wide Receiver,fantasy_points,,17.95,17.95
Travis Etienne Jr.,530518ed-91db-57c4-9077-27cc0dd9a293,RB,Running Back,fantasy_points,,12.85,12.85
Jameson Williams,a8980eb6-327f-5bc5-abf9-de1e944b566d,WR,Wide Receiver,fantasy_points,,9.95,9.95
Travis Etienne Jr.,530518ed-91db-57c4-9077-27cc0dd9a293,RB,Running Back,fantasy_points,,20.85,20.85
Travis Etienne Jr.,530518ed-91db-57c4-9077-27cc0dd9a293,RB,Running Back,fantasy_points,,16.85,16.85
Jameson Williams,a8980eb6-327f-5bc5-abf9-de1e944b566d,WR,Wide Receiver,fantasy_points,,13.95,13.95
Jameson Williams,a8980eb6-327f-5bc5-abf9-de1e944b566d,WR,Wide Receiver,period_1_rush_rec_tds,,0.5,0.5
Travis Etienne Jr.,530518ed-91db-57c4-9077-27cc0dd9a293,RB,Running Back,period_1_rush_rec_tds,,0.5,0.5
Travis Etienne Jr.,530518ed-91db-57c4-9077-27cc0dd9a293,RB,Running Back,period_1_receiving_yds,,0.5,0.5
Jameson Williams,a8980eb6-327f-5bc5-abf9-de1e944b566d,WR,Wide Receiver,period_1_receiving_yds,,9.5,9.5
Jameson Williams,a8980eb6-327f-5bc5-abf9-de1e944b566d,WR,Wide Receiver,period_1_receiving_rec,,0.5,0.5
Travis Etienne Jr.,530518ed-91db-57c4-9077-27cc0dd9a293,RB,Running Back,period_1_receiving_rec,,0.5,0.5
Travis Etienne Jr.,530518ed-91db-57c4-9077-27cc0dd9a293,RB,Running Back,period_1_rushing_yds,,12.5,12.5
Travis Etienne Jr.,530518ed-91db-57c4-9077-27cc0dd9a293,RB,Running Back,period_1_2_rush_rec_tds,,0.5,0.5
Jameson Williams,a8980eb6-327f-5bc5-abf9-de1e944b566d,WR,Wide Receiver,period_1_2_rush_rec_tds,,0.5,0.5
Jameson Williams,a8980eb6-327f-5bc5-abf9-de1e944b566d,WR,Wide Receiver,25_rec_yds_each_half,,0.5,0.5
Jameson Williams,a8980eb6-327f-5bc5-abf9-de1e944b566d,WR,Wide Receiver,period_1_2_receiving_yds,,29.5,29.5
Travis Etienne Jr.,530518ed-91db-57c4-9077-27cc0dd9a293,RB,Running Back,period_1_2_receiving_yds,,7.5,7.5
Travis Etienne Jr.,530518ed-91db-57c4-9077-27cc0dd9a293,RB,Running Back,25_rush_yds_each_half,,0.5,0.5
Travis Etienne Jr.,530518ed-91db-57c4-9077-27cc0dd9a293,RB,Running Back,period_1_2_rushing_yds,,26.5,26.5
Jameson Williams,a8980eb6-327f-5bc5-abf9-de1e944b566d,WR,Wide Receiver,period_1_2_receiving_rec,,2.5,2.5
Travis Etienne Jr.,530518ed-91db-57c4-9077-27cc0dd9a293,RB,Running Back,period_1_2_receiving_rec,,1.5,1.5
Jameson Williams,a8980eb6-327f-5bc5-abf9-de1e944b566d,WR,Wide Receiver,50_rec_yds_each_half,,0.5,0.5
Travis Etienne Jr.,530518ed-91db-57c4-9077-27cc0dd9a293,RB,Running Back,50_rush_yds_each_half,,0.5,0.5
Jameson Williams,a8980eb6-327f-5bc5-abf9-de1e944b566d,WR,Wide Receiver,game_high_receiving_yards,,0.5,0.5
Travis Etienne Jr.,530518ed-91db-57c4-9077-27cc0dd9a293,RB,Running Back,game_high_rushing_yards,,0.5,0.5
Travis Etienne Jr.,530518ed-91db-57c4-9077-27cc0dd9a293,RB,Running Back,fumbles_lost,,0.5,0.5
Jameson Williams,a8980eb6-327f-5bc5-abf9-de1e944b566d,WR,Wide Receiver,fumbles_lost,,0.5,0.5
Sam LaPorta,a8980eb6-327f-5bc5-abf9-de1e944b566d,TE,Tight End,rush_rec_tds,,0.5,0.5
Sam LaPorta,a8980eb6-327f-5bc5-abf9-de1e944b566d,TE,Tight End,receiving_yds,,43.5,43.5
Sam LaPorta,a8980eb6-327f-5bc5-abf9-de1e944b566d,TE,Tight End,receiving_rec,,3.5,3.5
Sam LaPorta,a8980eb6-327f-5bc5-abf9-de1e944b566d,TE,Tight End,receiving_tgts,,8.5,8.5
Sam LaPorta,a8980eb6-327f-5bc5-abf9-de1e944b566d,TE,Tight End,receiving_tgts,,7.5,7.5
Sam LaPorta,a8980eb6-327f-5bc5-abf9-de1e944b566d,TE,Tight End,receiving_tgts,,6.5,6.5
Sam LaPorta,a8980eb6-327f-5bc5-abf9-de1e944b566d,TE,Tight End,receiving_tgts,,4.5,4.5
Sam LaPorta,a8980eb6-327f-5bc5-abf9-de1e944b566d,TE,Tight End,receiving_tgts,,9.5,9.5
Sam LaPorta,a8980eb6-327f-5bc5-abf9-de1e944b566d,TE,Tight End,receiving_tgts,,5.5,5.5
Sam LaPorta,a8980eb6-327f-5bc5-abf9-de1e944b566d,TE,Tight End,receiving_long,,18.5,18.5
Sam LaPorta,a8980eb6-327f-5bc5-abf9-de1e944b566d,TE,Tight End,period_first_touchdown_scored,,0.5,0.5
Sam LaPorta,a8980eb6-327f-5bc5-abf9-de1e944b566d,TE,Tight End,fantasy_points,,11.55,11.55
Sam LaPorta,a8980eb6-327f-5bc5-abf9-de1e944b566d,TE,Tight End,fantasy_points,,15.55,15.55
Sam LaPorta,a8980eb6-327f-5bc5-abf9-de1e944b566d,TE,Tight End,fantasy_points,,7.55,7.55
Sam LaPorta,a8980eb6-327f-5bc5-abf9-de1e944b566d,TE,Tight End,period_1_rush_rec_tds,,0.5,0.5
Sam LaPorta,a8980eb6-327f-5bc5-abf9-de1e944b566d,TE,Tight End,period_1_receiving_yds,,7.5,7.5
Sam LaPorta,a8980eb6-327f-5bc5-abf9-de1e944b566d,TE,Tight End,period_1_receiving_rec,,0.5,0.5
Sam LaPorta,a8980eb6-327f-5bc5-abf9-de1e944b566d,TE,Tight End,period_1_2_rush_rec_tds,,0.5,0.5
Sam LaPorta,a8980eb6-327f-5bc5-abf9-de1e944b566d,TE,Tight End,period_1_2_receiving_yds,,21.5,21.5
Sam LaPorta,a8980eb6-327f-5bc5-abf9-de1e944b566d,TE,Tight End,25_rec_yds_each_half,,0.5,0.5
Sam LaPorta,a8980eb6-327f-5bc5-abf9-de1e944b566d,TE,Tight End,period_1_2_receiving_rec,,2.5,2.5
Sam LaPorta,a8980eb6-327f-5bc5-abf9-de1e944b566d,TE,Tight End,game_high_receiving_yards,,0.5,0.5
Chris Olave,530518ed-91db-57c4-9077-27cc0dd9a293,WR,Wide Receiver,rush_rec_tds,,0.5,0.5
Chris Olave,530518ed-91db-57c4-9077-27cc0dd9a293,WR,Wide Receiver,receiving_yds,,77.5,77.5
Chris Olave,530518ed-91db-57c4-9077-27cc0dd9a293,WR,Wide Receiver,receiving_rec,,6.5,6.5
Chris Olave,530518ed-91db-57c4-9077-27cc0dd9a293,WR,Wide Receiver,receiving_tgts,,13.5,13.5
Chris Olave,530518ed-91db-57c4-9077-27cc0dd9a293,WR,Wide Receiver,receiving_tgts,,9.5,9.5
Chris Olave,530518ed-91db-57c4-9077-27cc0dd9a293,WR,Wide Receiver,receiving_tgts,,12.5,12.5
Chris Olave,530518ed-91db-57c4-9077-27cc0dd9a293,WR,Wide Receiver,receiving_tgts,,10.5,10.5
Chris Olave,530518ed-91db-57c4-9077-27cc0dd9a293,WR,Wide Receiver,receiving_tgts,,14.5,14.5
Chris Olave,530518ed-91db-57c4-9077-27cc0dd9a293,WR,Wide Receiver,receiving_tgts,,11.5,11.5
Chris Olave,530518ed-91db-57c4-9077-27cc0dd9a293,WR,Wide Receiver,receiving_long,,24.5,24.5
Chris Olave,530518ed-91db-57c4-9077-27cc0dd9a293,WR,Wide Receiver,period_first_touchdown_scored,,0.5,0.5
Chris Olave,530518ed-91db-57c4-9077-27cc0dd9a293,WR,Wide Receiver,last_touchdown_scored,,0.5,0.5
Chris Olave,530518ed-91db-57c4-9077-27cc0dd9a293,WR,Wide Receiver,fantasy_points,,20.85,20.85
Chris Olave,530518ed-91db-57c4-9077-27cc0dd9a293,WR,Wide Receiver,fantasy_points,,16.85,16.85
Chris Olave,530518ed-91db-57c4-9077-27cc0dd9a293,WR,Wide Receiver,fantasy_points,,12.85,12.85
Chris Olave,530518ed-91db-57c4-9077-27cc0dd9a293,WR,Wide Receiver,period_1_rush_rec_tds,,0.5,0.5
Chris Olave,530518ed-91db-57c4-9077-27cc0dd9a293,WR,Wide Receiver,period_1_receiving_yds,,12.5,12.5
Chris Olave,530518ed-91db-57c4-9077-27cc0dd9a293,WR,Wide Receiver,period_1_receiving_rec,,1.5,1.5
Chris Olave,530518ed-91db-57c4-9077-27cc0dd9a293,WR,Wide Receiver,period_1_2_rush_rec_tds,,0.5,0.5
Chris Olave,530518ed-91db-57c4-9077-27cc0dd9a293,WR,Wide Receiver,25_rec_yds_each_half,,0.5,0.5
Chris Olave,530518ed-91db-57c4-9077-27cc0dd9a293,WR,Wide Receiver,period_1_2_receiving_yds,,35.5,35.5
Chris Olave,530518ed-91db-57c4-9077-27cc0dd9a293,WR,Wide Receiver,50_rec_yds_each_half,,0.5,0.5
Chris Olave,530518ed-91db-57c4-9077-27cc0dd9a293,WR,Wide Receiver,period_1_2_receiving_rec,,3.5,3.5
Chris Olave,530518ed-91db-57c4-9077-27cc0dd9a293,WR,Wide Receiver,game_high_receiving_yards,,0.5,0.5
Chris Olave,530518ed-91db-57c4-9077-27cc0dd9a293,WR,Wide Receiver,fumbles_lost,,0.5,0.5
Juwan Johnson,530518ed-91db-57c4-9077-27cc0dd9a293,TE,Tight End,rush_rec_tds,,0.5,0.5
Juwan Johnson,530518ed-91db-57c4-9077-27cc0dd9a293,TE,Tight End,receiving_yds,,42.5,42.5
Juwan Johnson,530518ed-91db-57c4-9077-27cc0dd9a293,TE,Tight End,receiving_rec,,4.5,4.5
Juwan Johnson,530518ed-91db-57c4-9077-27cc0dd9a293,TE,Tight End,receiving_tgts,,6.5,6.5
Juwan Johnson,530518ed-91db-57c4-9077-27cc0dd9a293,TE,Tight End,receiving_tgts,,10.5,10.5
Juwan Johnson,530518ed-91db-57c4-9077-27cc0dd9a293,TE,Tight End,receiving_tgts,,8.5,8.5
Juwan Johnson,530518ed-91db-57c4-9077-27cc0dd9a293,TE,Tight End,receiving_tgts,,9.5,9.5
Juwan Johnson,530518ed-91db-57c4-9077-27cc0dd9a293,TE,Tight End,receiving_tgts,,5.5,5.5
Juwan Johnson,530518ed-91db-57c4-9077-27cc0dd9a293,TE,Tight End,receiving_tgts,,7.5,7.5
Juwan Johnson,530518ed-91db-57c4-9077-27cc0dd9a293,TE,Tight End,receiving_long,,17.5,17.5
Juwan Johnson,530518ed-91db-57c4-9077-27cc0dd9a293,TE,Tight End,period_first_touchdown_scored,,0.5,0.5
Juwan Johnson,530518ed-91db-57c4-9077-27cc0dd9a293,TE,Tight End,fantasy_points,,11.45,11.45
Juwan Johnson,530518ed-91db-57c4-9077-27cc0dd9a293,TE,Tight End,fantasy_points,,7.45,7.45
Juwan Johnson,530518ed-91db-57c4-9077-27cc0dd9a293,TE,Tight End,fantasy_points,,15.45,15.45
Juwan Johnson,530518ed-91db-57c4-9077-27cc0dd9a293,TE,Tight End,period_1_rush_rec_tds,,0.5,0.5
Juwan Johnson,530518ed-91db-57c4-9077-27cc0dd9a293,TE,Tight End,period_1_receiving_yds,,5.5,5.5
Juwan Johnson,530518ed-91db-57c4-9077-27cc0dd9a293,TE,Tight End,period_1_receiving_rec,,0.5,0.5
Juwan Johnson,530518ed-91db-57c4-9077-27cc0dd9a293,TE,Tight End,period_1_2_rush_rec_tds,,0.5,0.5
Juwan Johnson,530518ed-91db-57c4-9077-27cc0dd9a293,TE,Tight End,period_1_2_receiving_yds,,19.5,19.5
Juwan Johnson,530518ed-91db-57c4-9077-27cc0dd9a293,TE,Tight End,25_rec_yds_each_half,,0.5,0.5
Juwan Johnson,530518ed-91db-57c4-9077-27cc0dd9a293,TE,Tight End,50_rec_yds_each_half,,0.5,0.5
Juwan Johnson,530518ed-91db-57c4-9077-27cc0dd9a293,TE,Tight End,period_1_2_receiving_rec,,1.5,1.5
Juwan Johnson,530518ed-91db-57c4-9077-27cc0dd9a293,TE,Tight End,game_high_receiving_yards,,0.5,0.5
Juwan Johnson,530518ed-91db-57c4-9077-27cc0dd9a293,TE,Tight End,fumbles_lost,,0.5,0.5
Tyler Conklin,a8980eb6-327f-5bc5-abf9-de1e944b566d,TE,Tight End,rush_rec_tds,,0.5,0.5
Isaac TeSlaa,a8980eb6-327f-5bc5-abf9-de1e944b566d,WR,Wide Receiver,rush_rec_tds,,0.5,0.5
Isaac TeSlaa,a8980eb6-327f-5bc5-abf9-de1e944b566d,WR,Wide Receiver,receiving_yds,,16.5,16.5
Isaac TeSlaa,a8980eb6-327f-5bc5-abf9-de1e944b566d,WR,Wide Receiver,rush_rec_yds,,16.5,16.5
Isaac TeSlaa,a8980eb6-327f-5bc5-abf9-de1e944b566d,WR,Wide Receiver,receiving_rec,,1.5,1.5
Isaac TeSlaa,a8980eb6-327f-5bc5-abf9-de1e944b566d,WR,Wide Receiver,receiving_tgts,,4.5,4.5
Isaac TeSlaa,a8980eb6-327f-5bc5-abf9-de1e944b566d,WR,Wide Receiver,receiving_tgts,,2.5,2.5
Isaac TeSlaa,a8980eb6-327f-5bc5-abf9-de1e944b566d,WR,Wide Receiver,receiving_tgts,,6.5,6.5
Isaac TeSlaa,a8980eb6-327f-5bc5-abf9-de1e944b566d,WR,Wide Receiver,receiving_tgts,,5.5,5.5
Isaac TeSlaa,a8980eb6-327f-5bc5-abf9-de1e944b566d,WR,Wide Receiver,receiving_tgts,,3.5,3.5
Isaac TeSlaa,a8980eb6-327f-5bc5-abf9-de1e944b566d,WR,Wide Receiver,receiving_tgts,,1.5,1.5
Isaac TeSlaa,a8980eb6-327f-5bc5-abf9-de1e944b566d,WR,Wide Receiver,receiving_long,,12.5,12.5
Isaac TeSlaa,a8980eb6-327f-5bc5-abf9-de1e944b566d,WR,Wide Receiver,period_first_touchdown_scored,,0.5,0.5
Isaac TeSlaa,a8980eb6-327f-5bc5-abf9-de1e944b566d,WR,Wide Receiver,period_1_rush_rec_tds,,0.5,0.5
Isaac TeSlaa,a8980eb6-327f-5bc5-abf9-de1e944b566d,WR,Wide Receiver,period_1_2_rush_rec_tds,,0.5,0.5
Kendre Miller,530518ed-91db-57c4-9077-27cc0dd9a293,RB,Running Back,rush_rec_tds,,0.5,0.5
Kendre Miller,530518ed-91db-57c4-9077-27cc0dd9a293,RB,Running Back,period_1_rush_rec_tds,,0.5,0.5
Kendre Miller,530518ed-91db-57c4-9077-27cc0dd9a293,RB,Running Back,period_1_2_rush_rec_tds,,0.5,0.5
Devaughn Vele,530518ed-91db-57c4-9077-27cc0dd9a293,WR,Wide Receiver,rush_rec_tds,,0.5,0.5
Devaughn Vele,530518ed-91db-57c4-9077-27cc0dd9a293,WR,Wide Receiver,receiving_yds,,38.5,38.5
Devaughn Vele,530518ed-91db-57c4-9077-27cc0dd9a293,WR,Wide Receiver,receiving_rec,,3.5,3.5
Devaughn Vele,530518ed-91db-57c4-9077-27cc0dd9a293,WR,Wide Receiver,receiving_tgts,,9.5,9.5
Devaughn Vele,530518ed-91db-57c4-9077-27cc0dd9a293,WR,Wide Receiver,receiving_tgts,,8.5,8.5
Devaughn Vele,530518ed-91db-57c4-9077-27cc0dd9a293,WR,Wide Receiver,receiving_tgts,,4.5,4.5
Devaughn Vele,530518ed-91db-57c4-9077-27cc0dd9a293,WR,Wide Receiver,receiving_tgts,,7.5,7.5
Devaughn Vele,530518ed-91db-57c4-9077-27cc0dd9a293,WR,Wide Receiver,receiving_tgts,,5.5,5.5
Devaughn Vele,530518ed-91db-57c4-9077-27cc0dd9a293,WR,Wide Receiver,receiving_tgts,,6.5,6.5
Devaughn Vele,530518ed-91db-57c4-9077-27cc0dd9a293,WR,Wide Receiver,receiving_long,,17.5,17.5
Devaughn Vele,530518ed-91db-57c4-9077-27cc0dd9a293,WR,Wide Receiver,period_first_touchdown_scored,,0.5,0.5
Devaughn Vele,530518ed-91db-57c4-9077-27cc0dd9a293,WR,Wide Receiver,fantasy_points,,5.95,5.95
Devaughn Vele,530518ed-91db-57c4-9077-27cc0dd9a293,WR,Wide Receiver,period_1_rush_rec_tds,,0.5,0.5
Devaughn Vele,530518ed-91db-57c4-9077-27cc0dd9a293,WR,Wide Receiver,period_1_receiving_yds,,0.5,0.5
Devaughn Vele,530518ed-91db-57c4-9077-27cc0dd9a293,WR,Wide Receiver,period_1_receiving_rec,,0.5,0.5
Devaughn Vele,530518ed-91db-57c4-9077-27cc0dd9a293,WR,Wide Receiver,period_1_2_rush_rec_tds,,0.5,0.5
Devaughn Vele,530518ed-91db-57c4-9077-27cc0dd9a293,WR,Wide Receiver,25_rec_yds_each_half,,0.5,0.5
Devaughn Vele,530518ed-91db-57c4-9077-27cc0dd9a293,WR,Wide Receiver,period_1_2_receiving_yds,,15.5,15.5
Devaughn Vele,530518ed-91db-57c4-9077-27cc0dd9a293,WR,Wide Receiver,period_1_2_receiving_rec,,1.5,1.5
Devaughn Vele,530518ed-91db-57c4-9077-27cc0dd9a293,WR,Wide Receiver,game_high_receiving_yards,,0.5,0.5
Noah Fant,530518ed-91db-57c4-9077-27cc0dd9a293,TE,Tight End,rush_rec_tds,,0.5,0.5
Noah Fant,530518ed-91db-57c4-9077-27cc0dd9a293,TE,Tight End,period_1_2_rush_rec_tds,,0.5,0.5
Jared Goff,a8980eb6-327f-5bc5-abf9-de1e944b566d,QB,Quarterback,rush_rec_tds,,0.5,0.5
Jared Goff,a8980eb6-327f-5bc5-abf9-de1e944b566d,QB,Quarterback,passing_yds,,261.5,261.5
Jared Goff,a8980eb6-327f-5bc5-abf9-de1e944b566d,QB,Quarterback,passing_tds,,1.5,1.5
Jared Goff,a8980eb6-327f-5bc5-abf9-de1e944b566d,QB,Quarterback,period_1_passing_yds,,64.5,64.5
Jared Goff,a8980eb6-327f-5bc5-abf9-de1e944b566d,QB,Quarterback,passing_and_rushing_yds,,270.5,270.5
Jared Goff,a8980eb6-327f-5bc5-abf9-de1e944b566d,QB,Quarterback,passing_comps,,23.5,23.5
Jared Goff,a8980eb6-327f-5bc5-abf9-de1e944b566d,QB,Quarterback,passing_att,,33.5,33.5
Jared Goff,a8980eb6-327f-5bc5-abf9-de1e944b566d,QB,Quarterback,passing_ints,,0.5,0.5
Jared Goff,a8980eb6-327f-5bc5-abf9-de1e944b566d,QB,Quarterback,passing_long,,36.5,36.5
Jared Goff,a8980eb6-327f-5bc5-abf9-de1e944b566d,QB,Quarterback,fantasy_points,,19.15,19.15
Jared Goff,a8980eb6-327f-5bc5-abf9-de1e944b566d,QB,Quarterback,fantasy_points,,27.15,27.15
Jared Goff,a8980eb6-327f-5bc5-abf9-de1e944b566d,QB,Quarterback,fantasy_points,,23.15,23.15
Jared Goff,a8980eb6-327f-5bc5-abf9-de1e944b566d,QB,Quarterback,period_1_passing_tds,,0.5,0.5
Jared Goff,a8980eb6-327f-5bc5-abf9-de1e944b566d,QB,Quarterback,period_1_2_rush_rec_tds,,0.5,0.5
Jared Goff,a8980eb6-327f-5bc5-abf9-de1e944b566d,QB,Quarterback,period_1_2_passing_yds,,145.5,145.5
Jared Goff,a8980eb6-327f-5bc5-abf9-de1e944b566d,QB,Quarterback,period_1_2_passing_tds,,1.5,1.5
Jared Goff,a8980eb6-327f-5bc5-abf9-de1e944b566d,QB,Quarterback,25_pass_yds_each_quarter,,0.5,0.5
Jared Goff,a8980eb6-327f-5bc5-abf9-de1e944b566d,QB,Quarterback,100_pass_yds_each_half,,0.5,0.5
Jared Goff,a8980eb6-327f-5bc5-abf9-de1e944b566d,QB,Quarterback,50_pass_yds_each_quarter,,0.5,0.5
Jared Goff,a8980eb6-327f-5bc5-abf9-de1e944b566d,QB,Quarterback,150_pass_yds_each_half,,0.5,0.5
Jared Goff,a8980eb6-327f-5bc5-abf9-de1e944b566d,QB,Quarterback,game_high_passing_yards,,0.5,0.5
Jared Goff,a8980eb6-327f-5bc5-abf9-de1e944b566d,QB,Quarterback,fumbles_lost,,0.5,0.5
Bryce Lance,530518ed-91db-57c4-9077-27cc0dd9a293,WR,Wide Receiver,rush_rec_tds,,0.5,0.5
Barion Brown,530518ed-91db-57c4-9077-27cc0dd9a293,WR,Wide Receiver,rush_rec_tds,,0.5,0.5
Audric Estime,530518ed-91db-57c4-9077-27cc0dd9a293,RB,Running Back,rush_rec_tds,,0.5,0.5
Sione Vaki,a8980eb6-327f-5bc5-abf9-de1e944b566d,RB,Running Back,rush_rec_tds,,0.5,0.5
Jacob Saylors,a8980eb6-327f-5bc5-abf9-de1e944b566d,RB,Running Back,rush_rec_tds,,0.5,0.5
Tay Martin,a8980eb6-327f-5bc5-abf9-de1e944b566d,WR,Wide Receiver,rush_rec_tds,,0.5,0.5
Tyler Shough,530518ed-91db-57c4-9077-27cc0dd9a293,QB,Quarterback,rush_rec_tds,,0.5,0.5
Oscar Delp,530518ed-91db-57c4-9077-27cc0dd9a293,TE,Tight End,rush_rec_tds,,0.5,0.5
Brock Wright,a8980eb6-327f-5bc5-abf9-de1e944b566d,TE,Tight End,rush_rec_tds,,0.5,0.5
Tyler Shough,530518ed-91db-57c4-9077-27cc0dd9a293,QB,Quarterback,rushing_yds,,16.5,16.5
Tyler Shough,530518ed-91db-57c4-9077-27cc0dd9a293,QB,Quarterback,passing_yds,,246.5,246.5
Tyler Shough,530518ed-91db-57c4-9077-27cc0dd9a293,QB,Quarterback,passing_tds,,1.5,1.5
Tyler Shough,530518ed-91db-57c4-9077-27cc0dd9a293,QB,Quarterback,rushing_att,,3.5,3.5
Tyler Shough,530518ed-91db-57c4-9077-27cc0dd9a293,QB,Quarterback,period_1_passing_yds,,49.5,49.5
Tyler Shough,530518ed-91db-57c4-9077-27cc0dd9a293,QB,Quarterback,passing_and_rushing_yds,,266.5,266.5
Tyler Shough,530518ed-91db-57c4-9077-27cc0dd9a293,QB,Quarterback,passing_comps,,21.5,21.5
Tyler Shough,530518ed-91db-57c4-9077-27cc0dd9a293,QB,Quarterback,passing_att,,32.5,32.5
Tyler Shough,530518ed-91db-57c4-9077-27cc0dd9a293,QB,Quarterback,passing_ints,,0.5,0.5
Tyler Shough,530518ed-91db-57c4-9077-27cc0dd9a293,QB,Quarterback,rushing_long,,8.5,8.5
Tyler Shough,530518ed-91db-57c4-9077-27cc0dd9a293,QB,Quarterback,passing_long,,35.5,35.5
Jacob Saylors,a8980eb6-327f-5bc5-abf9-de1e944b566d,RB,Running Back,period_first_touchdown_scored,,0.5,0.5
Tyler Shough,530518ed-91db-57c4-9077-27cc0dd9a293,QB,Quarterback,period_first_touchdown_scored,,0.5,0.5
Audric Estime,530518ed-91db-57c4-9077-27cc0dd9a293,RB,Running Back,period_first_touchdown_scored,,0.5,0.5
Jake Bates,a8980eb6-327f-5bc5-abf9-de1e944b566d,K,Kicker,field_goals_made,,1.5,1.5
Daniel Carlson,530518ed-91db-57c4-9077-27cc0dd9a293,K,Kicker,field_goals_made,,1.5,1.5
Jake Bates,a8980eb6-327f-5bc5-abf9-de1e944b566d,K,Kicker,extra_points_made,,3.5,3.5
Daniel Carlson,530518ed-91db-57c4-9077-27cc0dd9a293,K,Kicker,extra_points_made,,1.5,1.5
Jake Bates,a8980eb6-327f-5bc5-abf9-de1e944b566d,K,Kicker,kicking_points,,7.5,7.5
Daniel Carlson,530518ed-91db-57c4-9077-27cc0dd9a293,K,Kicker,kicking_points,,6.5,6.5
Aidan Hutchinson,a8980eb6-327f-5bc5-abf9-de1e944b566d,DE,Defensive End,sacks,,0.75,0.75
Tyler Shough,530518ed-91db-57c4-9077-27cc0dd9a293,QB,Quarterback,fantasy_points,,21.35,21.35
Tyler Shough,530518ed-91db-57c4-9077-27cc0dd9a293,QB,Quarterback,fantasy_points,,17.35,17.35
Tyler Shough,530518ed-91db-57c4-9077-27cc0dd9a293,QB,Quarterback,fantasy_points,,25.35,25.35
Audric Estime,530518ed-91db-57c4-9077-27cc0dd9a293,RB,Running Back,period_1_rush_rec_tds,,0.5,0.5
Bryce Lance,530518ed-91db-57c4-9077-27cc0dd9a293,WR,Wide Receiver,period_1_rush_rec_tds,,0.5,0.5
Brock Wright,a8980eb6-327f-5bc5-abf9-de1e944b566d,TE,Tight End,period_1_rush_rec_tds,,0.5,0.5
Jacob Saylors,a8980eb6-327f-5bc5-abf9-de1e944b566d,RB,Running Back,period_1_rush_rec_tds,,0.5,0.5
Tyler Shough,530518ed-91db-57c4-9077-27cc0dd9a293,QB,Quarterback,period_1_rush_rec_tds,,0.5,0.5
Tyler Shough,530518ed-91db-57c4-9077-27cc0dd9a293,QB,Quarterback,period_1_passing_tds,,0.5,0.5
Tyler Shough,530518ed-91db-57c4-9077-27cc0dd9a293,QB,Quarterback,period_1_rushing_yds,,0.5,0.5
Avonte Maddox,a8980eb6-327f-5bc5-abf9-de1e944b566d,CB,Cornerback,defensive_ints,,0.5,0.5
Sione Vaki,a8980eb6-327f-5bc5-abf9-de1e944b566d,RB,Running Back,period_1_2_rush_rec_tds,,0.5,0.5
Chuck Clark,a8980eb6-327f-5bc5-abf9-de1e944b566d,SAF,Safety,defensive_ints,,0.5,0.5
Jacob Saylors,a8980eb6-327f-5bc5-abf9-de1e944b566d,RB,Running Back,period_1_2_rush_rec_tds,,0.5,0.5
Audric Estime,530518ed-91db-57c4-9077-27cc0dd9a293,RB,Running Back,period_1_2_rush_rec_tds,,0.5,0.5
Tay Martin,a8980eb6-327f-5bc5-abf9-de1e944b566d,WR,Wide Receiver,period_1_2_rush_rec_tds,,0.5,0.5
Kool-Aid McKinstry,530518ed-91db-57c4-9077-27cc0dd9a293,CB,Cornerback,defensive_ints,,0.5,0.5
Tyler Shough,530518ed-91db-57c4-9077-27cc0dd9a293,QB,Quarterback,period_1_2_rush_rec_tds,,0.5,0.5
Barion Brown,530518ed-91db-57c4-9077-27cc0dd9a293,WR,Wide Receiver,period_1_2_rush_rec_tds,,0.5,0.5
Brock Wright,a8980eb6-327f-5bc5-abf9-de1e944b566d,TE,Tight End,period_1_2_rush_rec_tds,,0.5,0.5
Julian Blackmon,530518ed-91db-57c4-9077-27cc0dd9a293,SAF,Safety,defensive_ints,,0.5,0.5
Bryce Lance,530518ed-91db-57c4-9077-27cc0dd9a293,WR,Wide Receiver,period_1_2_rush_rec_tds,,0.5,0.5
D.J. Reed,a8980eb6-327f-5bc5-abf9-de1e944b566d,CB,Cornerback,defensive_ints,,0.5,0.5
Tyler Shough,530518ed-91db-57c4-9077-27cc0dd9a293,QB,Quarterback,period_1_2_passing_yds,,116.5,116.5
Tyler Shough,530518ed-91db-57c4-9077-27cc0dd9a293,QB,Quarterback,25_rush_yds_each_half,,0.5,0.5
Tyler Shough,530518ed-91db-57c4-9077-27cc0dd9a293,QB,Quarterback,period_1_2_rushing_yds,,5.5,5.5
Tyler Shough,530518ed-91db-57c4-9077-27cc0dd9a293,QB,Quarterback,period_1_2_passing_tds,,0.5,0.5
Tyler Shough,530518ed-91db-57c4-9077-27cc0dd9a293,QB,Quarterback,100_pass_yds_each_half,,0.5,0.5
Tyler Shough,530518ed-91db-57c4-9077-27cc0dd9a293,QB,Quarterback,25_pass_yds_each_quarter,,0.5,0.5
Tyler Shough,530518ed-91db-57c4-9077-27cc0dd9a293,QB,Quarterback,50_pass_yds_each_quarter,,0.5,0.5
Tyler Shough,530518ed-91db-57c4-9077-27cc0dd9a293,QB,Quarterback,150_pass_yds_each_half,,0.5,0.5
Tyler Shough,530518ed-91db-57c4-9077-27cc0dd9a293,QB,Quarterback,game_high_passing_yards,,0.5,0.5
Tyler Shough,530518ed-91db-57c4-9077-27cc0dd9a293,QB,Quarterback,fumbles_lost,,0.5,0.5
Darren Waller,17f3bc4a-e2d6-5dc5-a554-00549ff0139f,TE,Tight End,rush_rec_tds,,0.5,0.5
Darren Waller,17f3bc4a-e2d6-5dc5-a554-00549ff0139f,TE,Tight End,period_first_touchdown_scored,,0.5,0.5
Darren Waller,17f3bc4a-e2d6-5dc5-a554-00549ff0139f,TE,Tight End,period_1_rush_rec_tds,,0.5,0.5
Darren Waller,17f3bc4a-e2d6-5dc5-a554-00549ff0139f,TE,Tight End,period_1_2_rush_rec_tds,,0.5,0.5
Caleb Williams,e8a4678a-ccdb-5f35-be13-aef6e59a5680,QB,Quarterback,rush_rec_tds,,0.5,0.5
Caleb Williams,e8a4678a-ccdb-5f35-be13-aef6e59a5680,QB,Quarterback,passing_yds,,227.5,227.5
Caleb Williams,e8a4678a-ccdb-5f35-be13-aef6e59a5680,QB,Quarterback,rushing_yds,,19.5,19.5
Caleb Williams,e8a4678a-ccdb-5f35-be13-aef6e59a5680,QB,Quarterback,passing_tds,,1.5,1.5
Caleb Williams,e8a4678a-ccdb-5f35-be13-aef6e59a5680,QB,Quarterback,rushing_att,,4.5,4.5
Caleb Williams,e8a4678a-ccdb-5f35-be13-aef6e59a5680,QB,Quarterback,period_1_passing_yds,,51.5,51.5
Caleb Williams,e8a4678a-ccdb-5f35-be13-aef6e59a5680,QB,Quarterback,passing_comps,,19.5,19.5
Caleb Williams,e8a4678a-ccdb-5f35-be13-aef6e59a5680,QB,Quarterback,passing_and_rushing_yds,,249.5,249.5
Caleb Williams,e8a4678a-ccdb-5f35-be13-aef6e59a5680,QB,Quarterback,passing_att,,32.5,32.5
Caleb Williams,e8a4678a-ccdb-5f35-be13-aef6e59a5680,QB,Quarterback,passing_ints,,0.5,0.5
Caleb Williams,e8a4678a-ccdb-5f35-be13-aef6e59a5680,QB,Quarterback,passing_long,,35.5,35.5
Caleb Williams,e8a4678a-ccdb-5f35-be13-aef6e59a5680,QB,Quarterback,rushing_long,,10.5,10.5
Caleb Williams,e8a4678a-ccdb-5f35-be13-aef6e59a5680,QB,Quarterback,period_first_touchdown_scored,,0.5,0.5
Caleb Williams,e8a4678a-ccdb-5f35-be13-aef6e59a5680,QB,Quarterback,fantasy_points,,18.95,18.95
Caleb Williams,e8a4678a-ccdb-5f35-be13-aef6e59a5680,QB,Quarterback,fantasy_points,,22.95,22.95
Caleb Williams,e8a4678a-ccdb-5f35-be13-aef6e59a5680,QB,Quarterback,fantasy_points,,26.95,26.95
Caleb Williams,e8a4678a-ccdb-5f35-be13-aef6e59a5680,QB,Quarterback,period_1_rush_rec_tds,,0.5,0.5
Caleb Williams,e8a4678a-ccdb-5f35-be13-aef6e59a5680,QB,Quarterback,period_1_passing_tds,,0.5,0.5
Caleb Williams,e8a4678a-ccdb-5f35-be13-aef6e59a5680,QB,Quarterback,period_1_rushing_yds,,0.5,0.5
Caleb Williams,e8a4678a-ccdb-5f35-be13-aef6e59a5680,QB,Quarterback,period_1_2_rush_rec_tds,,0.5,0.5
Caleb Williams,e8a4678a-ccdb-5f35-be13-aef6e59a5680,QB,Quarterback,period_1_2_passing_yds,,117.5,117.5
Caleb Williams,e8a4678a-ccdb-5f35-be13-aef6e59a5680,QB,Quarterback,period_1_2_rushing_yds,,8.5,8.5
Caleb Williams,e8a4678a-ccdb-5f35-be13-aef6e59a5680,QB,Quarterback,period_1_2_passing_tds,,0.5,0.5
Caleb Williams,e8a4678a-ccdb-5f35-be13-aef6e59a5680,QB,Quarterback,100_pass_yds_each_half,,0.5,0.5
Caleb Williams,e8a4678a-ccdb-5f35-be13-aef6e59a5680,QB,Quarterback,25_pass_yds_each_quarter,,0.5,0.5
Caleb Williams,e8a4678a-ccdb-5f35-be13-aef6e59a5680,QB,Quarterback,150_pass_yds_each_half,,0.5,0.5
Caleb Williams,e8a4678a-ccdb-5f35-be13-aef6e59a5680,QB,Quarterback,50_pass_yds_each_quarter,,0.5,0.5
Caleb Williams,e8a4678a-ccdb-5f35-be13-aef6e59a5680,QB,Quarterback,game_high_passing_yards,,0.5,0.5
Caleb Williams,e8a4678a-ccdb-5f35-be13-aef6e59a5680,QB,Quarterback,fumbles_lost,,0.5,0.5
Chuba Hubbard,17f3bc4a-e2d6-5dc5-a554-00549ff0139f,RB,Running Back,rush_rec_tds,,0.5,0.5
Chuba Hubbard,17f3bc4a-e2d6-5dc5-a554-00549ff0139f,RB,Running Back,period_first_touchdown_scored,,0.5,0.5
Chuba Hubbard,17f3bc4a-e2d6-5dc5-a554-00549ff0139f,RB,Running Back,last_touchdown_scored,,0.5,0.5
D'Andre Swift,e8a4678a-ccdb-5f35-be13-aef6e59a5680,RB,Running Back,rush_rec_tds,,0.5,0.5
D'Andre Swift,e8a4678a-ccdb-5f35-be13-aef6e59a5680,RB,Running Back,rushing_yds,,67.5,67.5
D'Andre Swift,e8a4678a-ccdb-5f35-be13-aef6e59a5680,RB,Running Back,receiving_yds,,12.5,12.5
D'Andre Swift,e8a4678a-ccdb-5f35-be13-aef6e59a5680,RB,Running Back,rush_rec_yds,,78.5,78.5
D'Andre Swift,e8a4678a-ccdb-5f35-be13-aef6e59a5680,RB,Running Back,receiving_rec,,2.5,2.5
D'Andre Swift,e8a4678a-ccdb-5f35-be13-aef6e59a5680,RB,Running Back,rushing_att,,15.5,15.5
D'Andre Swift,e8a4678a-ccdb-5f35-be13-aef6e59a5680,RB,Running Back,receiving_tgts,,2.5,2.5
D'Andre Swift,e8a4678a-ccdb-5f35-be13-aef6e59a5680,RB,Running Back,receiving_tgts,,6.5,6.5
D'Andre Swift,e8a4678a-ccdb-5f35-be13-aef6e59a5680,RB,Running Back,receiving_tgts,,5.5,5.5
D'Andre Swift,e8a4678a-ccdb-5f35-be13-aef6e59a5680,RB,Running Back,receiving_tgts,,3.5,3.5
D'Andre Swift,e8a4678a-ccdb-5f35-be13-aef6e59a5680,RB,Running Back,receiving_tgts,,7.5,7.5
D'Andre Swift,e8a4678a-ccdb-5f35-be13-aef6e59a5680,RB,Running Back,receiving_tgts,,4.5,4.5
D'Andre Swift,e8a4678a-ccdb-5f35-be13-aef6e59a5680,RB,Running Back,receiving_long,,8.5,8.5
D'Andre Swift,e8a4678a-ccdb-5f35-be13-aef6e59a5680,RB,Running Back,rushing_long,,14.5,14.5
D'Andre Swift,e8a4678a-ccdb-5f35-be13-aef6e59a5680,RB,Running Back,period_first_touchdown_scored,,0.5,0.5
D'Andre Swift,e8a4678a-ccdb-5f35-be13-aef6e59a5680,RB,Running Back,last_touchdown_scored,,0.5,0.5
D'Andre Swift,e8a4678a-ccdb-5f35-be13-aef6e59a5680,RB,Running Back,fantasy_points,,18.05,18.05
D'Andre Swift,e8a4678a-ccdb-5f35-be13-aef6e59a5680,RB,Running Back,fantasy_points,,14.05,14.05
D'Andre Swift,e8a4678a-ccdb-5f35-be13-aef6e59a5680,RB,Running Back,fantasy_points,,22.05,22.05
D'Andre Swift,e8a4678a-ccdb-5f35-be13-aef6e59a5680,RB,Running Back,period_1_rush_rec_tds,,0.5,0.5
D'Andre Swift,e8a4678a-ccdb-5f35-be13-aef6e59a5680,RB,Running Back,period_1_receiving_yds,,0.5,0.5
D'Andre Swift,e8a4678a-ccdb-5f35-be13-aef6e59a5680,RB,Running Back,period_1_receiving_rec,,0.5,0.5
D'Andre Swift,e8a4678a-ccdb-5f35-be13-aef6e59a5680,RB,Running Back,period_1_rushing_yds,,14.5,14.5
D'Andre Swift,e8a4678a-ccdb-5f35-be13-aef6e59a5680,RB,Running Back,period_1_2_rush_rec_tds,,0.5,0.5
D'Andre Swift,e8a4678a-ccdb-5f35-be13-aef6e59a5680,RB,Running Back,period_1_2_receiving_yds,,4.5,4.5
D'Andre Swift,e8a4678a-ccdb-5f35-be13-aef6e59a5680,RB,Running Back,period_1_2_rushing_yds,,29.5,29.5
D'Andre Swift,e8a4678a-ccdb-5f35-be13-aef6e59a5680,RB,Running Back,period_1_2_receiving_rec,,0.5,0.5
D'Andre Swift,e8a4678a-ccdb-5f35-be13-aef6e59a5680,RB,Running Back,fumbles_lost,,0.5,0.5
Tetairoa McMillan,17f3bc4a-e2d6-5dc5-a554-00549ff0139f,WR,Wide Receiver,rush_rec_tds,,0.5,0.5
Rome Odunze,e8a4678a-ccdb-5f35-be13-aef6e59a5680,WR,Wide Receiver,rush_rec_tds,,0.5,0.5
Tetairoa McMillan,17f3bc4a-e2d6-5dc5-a554-00549ff0139f,WR,Wide Receiver,receiving_yds,,58.5,58.5
Rome Odunze,e8a4678a-ccdb-5f35-be13-aef6e59a5680,WR,Wide Receiver,receiving_yds,,45.5,45.5
Rome Odunze,e8a4678a-ccdb-5f35-be13-aef6e59a5680,WR,Wide Receiver,receiving_rec,,3.5,3.5
Tetairoa McMillan,17f3bc4a-e2d6-5dc5-a554-00549ff0139f,WR,Wide Receiver,receiving_rec,,4.5,4.5
Tetairoa McMillan,17f3bc4a-e2d6-5dc5-a554-00549ff0139f,WR,Wide Receiver,receiving_tgts,,9.5,9.5
Rome Odunze,e8a4678a-ccdb-5f35-be13-aef6e59a5680,WR,Wide Receiver,receiving_tgts,,8.5,8.5
Rome Odunze,e8a4678a-ccdb-5f35-be13-aef6e59a5680,WR,Wide Receiver,receiving_tgts,,7.5,7.5
Tetairoa McMillan,17f3bc4a-e2d6-5dc5-a554-00549ff0139f,WR,Wide Receiver,receiving_tgts,,11.5,11.5
Tetairoa McMillan,17f3bc4a-e2d6-5dc5-a554-00549ff0139f,WR,Wide Receiver,receiving_tgts,,6.5,6.5
Tetairoa McMillan,17f3bc4a-e2d6-5dc5-a554-00549ff0139f,WR,Wide Receiver,receiving_tgts,,8.5,8.5
Rome Odunze,e8a4678a-ccdb-5f35-be13-aef6e59a5680,WR,Wide Receiver,receiving_tgts,,9.5,9.5
Tetairoa McMillan,17f3bc4a-e2d6-5dc5-a554-00549ff0139f,WR,Wide Receiver,receiving_tgts,,7.5,7.5
Rome Odunze,e8a4678a-ccdb-5f35-be13-aef6e59a5680,WR,Wide Receiver,receiving_tgts,,4.5,4.5
Rome Odunze,e8a4678a-ccdb-5f35-be13-aef6e59a5680,WR,Wide Receiver,receiving_tgts,,6.5,6.5
Tetairoa McMillan,17f3bc4a-e2d6-5dc5-a554-00549ff0139f,WR,Wide Receiver,receiving_tgts,,10.5,10.5
Rome Odunze,e8a4678a-ccdb-5f35-be13-aef6e59a5680,WR,Wide Receiver,receiving_tgts,,5.5,5.5
Rome Odunze,e8a4678a-ccdb-5f35-be13-aef6e59a5680,WR,Wide Receiver,receiving_long,,20.5,20.5
Tetairoa McMillan,17f3bc4a-e2d6-5dc5-a554-00549ff0139f,WR,Wide Receiver,receiving_long,,21.5,21.5
Tetairoa McMillan,17f3bc4a-e2d6-5dc5-a554-00549ff0139f,WR,Wide Receiver,period_first_touchdown_scored,,0.5,0.5
Rome Odunze,e8a4678a-ccdb-5f35-be13-aef6e59a5680,WR,Wide Receiver,period_first_touchdown_scored,,0.5,0.5
Tetairoa McMillan,17f3bc4a-e2d6-5dc5-a554-00549ff0139f,WR,Wide Receiver,last_touchdown_scored,,0.5,0.5
Tetairoa McMillan,17f3bc4a-e2d6-5dc5-a554-00549ff0139f,WR,Wide Receiver,fantasy_points,,13.95,13.95
Tetairoa McMillan,17f3bc4a-e2d6-5dc5-a554-00549ff0139f,WR,Wide Receiver,fantasy_points,,9.95,9.95
Tetairoa McMillan,17f3bc4a-e2d6-5dc5-a554-00549ff0139f,WR,Wide Receiver,fantasy_points,,17.95,17.95
Rome Odunze,e8a4678a-ccdb-5f35-be13-aef6e59a5680,WR,Wide Receiver,fantasy_points,,7.75,7.75
Rome Odunze,e8a4678a-ccdb-5f35-be13-aef6e59a5680,WR,Wide Receiver,fantasy_points,,15.75,15.75
Rome Odunze,e8a4678a-ccdb-5f35-be13-aef6e59a5680,WR,Wide Receiver,fantasy_points,,11.75,11.75
Tetairoa McMillan,17f3bc4a-e2d6-5dc5-a554-00549ff0139f,WR,Wide Receiver,period_1_rush_rec_tds,,0.5,0.5
Rome Odunze,e8a4678a-ccdb-5f35-be13-aef6e59a5680,WR,Wide Receiver,period_1_rush_rec_tds,,0.5,0.5
Rome Odunze,e8a4678a-ccdb-5f35-be13-aef6e59a5680,WR,Wide Receiver,period_1_receiving_yds,,5.5,5.5
Tetairoa McMillan,17f3bc4a-e2d6-5dc5-a554-00549ff0139f,WR,Wide Receiver,period_1_receiving_yds,,7.5,7.5
Rome Odunze,e8a4678a-ccdb-5f35-be13-aef6e59a5680,WR,Wide Receiver,period_1_receiving_rec,,0.5,0.5
Tetairoa McMillan,17f3bc4a-e2d6-5dc5-a554-00549ff0139f,WR,Wide Receiver,period_1_receiving_rec,,0.5,0.5
Tetairoa McMillan,17f3bc4a-e2d6-5dc5-a554-00549ff0139f,WR,Wide Receiver,period_1_2_rush_rec_tds,,0.5,0.5
Rome Odunze,e8a4678a-ccdb-5f35-be13-aef6e59a5680,WR,Wide Receiver,period_1_2_rush_rec_tds,,0.5,0.5
Tetairoa McMillan,17f3bc4a-e2d6-5dc5-a554-00549ff0139f,WR,Wide Receiver,period_1_2_receiving_yds,,24.5,24.5
Rome Odunze,e8a4678a-ccdb-5f35-be13-aef6e59a5680,WR,Wide Receiver,period_1_2_receiving_yds,,20.5,20.5
Rome Odunze,e8a4678a-ccdb-5f35-be13-aef6e59a5680,WR,Wide Receiver,25_rec_yds_each_half,,0.5,0.5
Tetairoa McMillan,17f3bc4a-e2d6-5dc5-a554-00549ff0139f,WR,Wide Receiver,25_rec_yds_each_half,,0.5,0.5
Rome Odunze,e8a4678a-ccdb-5f35-be13-aef6e59a5680,WR,Wide Receiver,50_rec_yds_each_half,,0.5,0.5
Rome Odunze,e8a4678a-ccdb-5f35-be13-aef6e59a5680,WR,Wide Receiver,period_1_2_receiving_rec,,1.5,1.5
Tetairoa McMillan,17f3bc4a-e2d6-5dc5-a554-00549ff0139f,WR,Wide Receiver,50_rec_yds_each_half,,0.5,0.5
Tetairoa McMillan,17f3bc4a-e2d6-5dc5-a554-00549ff0139f,WR,Wide Receiver,period_1_2_receiving_rec,,2.5,2.5
Rome Odunze,e8a4678a-ccdb-5f35-be13-aef6e59a5680,WR,Wide Receiver,game_high_receiving_yards,,0.5,0.5
Tetairoa McMillan,17f3bc4a-e2d6-5dc5-a554-00549ff0139f,WR,Wide Receiver,game_high_receiving_yards,,0.5,0.5
Tetairoa McMillan,17f3bc4a-e2d6-5dc5-a554-00549ff0139f,WR,Wide Receiver,fumbles_lost,,0.5,0.5
Xavier Legette,17f3bc4a-e2d6-5dc5-a554-00549ff0139f,WR,Wide Receiver,rush_rec_tds,,0.5,0.5
Xavier Legette,17f3bc4a-e2d6-5dc5-a554-00549ff0139f,WR,Wide Receiver,receiving_yds,,18.5,18.5
Xavier Legette,17f3bc4a-e2d6-5dc5-a554-00549ff0139f,WR,Wide Receiver,receiving_rec,,1.5,1.5
Xavier Legette,17f3bc4a-e2d6-5dc5-a554-00549ff0139f,WR,Wide Receiver,receiving_tgts,,2.5,2.5
Xavier Legette,17f3bc4a-e2d6-5dc5-a554-00549ff0139f,WR,Wide Receiver,receiving_tgts,,3.5,3.5
Xavier Legette,17f3bc4a-e2d6-5dc5-a554-00549ff0139f,WR,Wide Receiver,receiving_tgts,,6.5,6.5
Xavier Legette,17f3bc4a-e2d6-5dc5-a554-00549ff0139f,WR,Wide Receiver,receiving_tgts,,5.5,5.5
Xavier Legette,17f3bc4a-e2d6-5dc5-a554-00549ff0139f,WR,Wide Receiver,receiving_tgts,,4.5,4.5
Xavier Legette,17f3bc4a-e2d6-5dc5-a554-00549ff0139f,WR,Wide Receiver,receiving_tgts,,7.5,7.5
Xavier Legette,17f3bc4a-e2d6-5dc5-a554-00549ff0139f,WR,Wide Receiver,receiving_long,,12.5,12.5
Xavier Legette,17f3bc4a-e2d6-5dc5-a554-00549ff0139f,WR,Wide Receiver,period_1_receiving_yds,,0.5,0.5
Xavier Legette,17f3bc4a-e2d6-5dc5-a554-00549ff0139f,WR,Wide Receiver,period_1_receiving_rec,,0.5,0.5
Xavier Legette,17f3bc4a-e2d6-5dc5-a554-00549ff0139f,WR,Wide Receiver,period_1_2_rush_rec_tds,,0.5,0.5
Xavier Legette,17f3bc4a-e2d6-5dc5-a554-00549ff0139f,WR,Wide Receiver,period_1_2_receiving_yds,,6.5,6.5
Xavier Legette,17f3bc4a-e2d6-5dc5-a554-00549ff0139f,WR,Wide Receiver,25_rec_yds_each_half,,0.5,0.5
Xavier Legette,17f3bc4a-e2d6-5dc5-a554-00549ff0139f,WR,Wide Receiver,period_1_2_receiving_rec,,0.5,0.5
Xavier Legette,17f3bc4a-e2d6-5dc5-a554-00549ff0139f,WR,Wide Receiver,game_high_receiving_yards,,0.5,0.5
Luther Burden,e8a4678a-ccdb-5f35-be13-aef6e59a5680,WR,Wide Receiver,rush_rec_tds,,0.5,0.5
Luther Burden,e8a4678a-ccdb-5f35-be13-aef6e59a5680,WR,Wide Receiver,receiving_yds,,54.5,54.5
Luther Burden,e8a4678a-ccdb-5f35-be13-aef6e59a5680,WR,Wide Receiver,rush_rec_yds,,59.5,59.5
Luther Burden,e8a4678a-ccdb-5f35-be13-aef6e59a5680,WR,Wide Receiver,receiving_rec,,4.5,4.5
Luther Burden,e8a4678a-ccdb-5f35-be13-aef6e59a5680,WR,Wide Receiver,receiving_tgts,,8.5,8.5
Luther Burden,e8a4678a-ccdb-5f35-be13-aef6e59a5680,WR,Wide Receiver,receiving_tgts,,9.5,9.5
Luther Burden,e8a4678a-ccdb-5f35-be13-aef6e59a5680,WR,Wide Receiver,receiving_tgts,,6.5,6.5
Luther Burden,e8a4678a-ccdb-5f35-be13-aef6e59a5680,WR,Wide Receiver,receiving_tgts,,10.5,10.5
Luther Burden,e8a4678a-ccdb-5f35-be13-aef6e59a5680,WR,Wide Receiver,receiving_tgts,,11.5,11.5
Luther Burden,e8a4678a-ccdb-5f35-be13-aef6e59a5680,WR,Wide Receiver,receiving_tgts,,7.5,7.5
Luther Burden,e8a4678a-ccdb-5f35-be13-aef6e59a5680,WR,Wide Receiver,receiving_long,,21.5,21.5
Luther Burden,e8a4678a-ccdb-5f35-be13-aef6e59a5680,WR,Wide Receiver,period_first_touchdown_scored,,0.5,0.5
Luther Burden,e8a4678a-ccdb-5f35-be13-aef6e59a5680,WR,Wide Receiver,fantasy_points,,17.45,17.45
Luther Burden,e8a4678a-ccdb-5f35-be13-aef6e59a5680,WR,Wide Receiver,fantasy_points,,9.45,9.45
Luther Burden,e8a4678a-ccdb-5f35-be13-aef6e59a5680,WR,Wide Receiver,fantasy_points,,13.45,13.45
Luther Burden,e8a4678a-ccdb-5f35-be13-aef6e59a5680,WR,Wide Receiver,period_1_rush_rec_tds,,0.5,0.5
Luther Burden,e8a4678a-ccdb-5f35-be13-aef6e59a5680,WR,Wide Receiver,period_1_receiving_yds,,8.5,8.5
Luther Burden,e8a4678a-ccdb-5f35-be13-aef6e59a5680,WR,Wide Receiver,period_1_receiving_rec,,1.5,1.5
Luther Burden,e8a4678a-ccdb-5f35-be13-aef6e59a5680,WR,Wide Receiver,period_1_2_rush_rec_tds,,0.5,0.5
Luther Burden,e8a4678a-ccdb-5f35-be13-aef6e59a5680,WR,Wide Receiver,period_1_2_receiving_yds,,25.5,25.5
Luther Burden,e8a4678a-ccdb-5f35-be13-aef6e59a5680,WR,Wide Receiver,25_rec_yds_each_half,,0.5,0.5
Luther Burden,e8a4678a-ccdb-5f35-be13-aef6e59a5680,WR,Wide Receiver,period_1_2_receiving_rec,,2.5,2.5
Luther Burden,e8a4678a-ccdb-5f35-be13-aef6e59a5680,WR,Wide Receiver,50_rec_yds_each_half,,0.5,0.5
Luther Burden,e8a4678a-ccdb-5f35-be13-aef6e59a5680,WR,Wide Receiver,game_high_receiving_yards,,0.5,0.5
Luther Burden,e8a4678a-ccdb-5f35-be13-aef6e59a5680,WR,Wide Receiver,fumbles_lost,,0.5,0.5
Bryce Young,17f3bc4a-e2d6-5dc5-a554-00549ff0139f,QB,Quarterback,rush_rec_tds,,0.5,0.5
Bryce Young,17f3bc4a-e2d6-5dc5-a554-00549ff0139f,QB,Quarterback,rushing_yds,,14.5,14.5
Bryce Young,17f3bc4a-e2d6-5dc5-a554-00549ff0139f,QB,Quarterback,passing_yds,,207.5,207.5
Bryce Young,17f3bc4a-e2d6-5dc5-a554-00549ff0139f,QB,Quarterback,passing_tds,,1.5,1.5
Bryce Young,17f3bc4a-e2d6-5dc5-a554-00549ff0139f,QB,Quarterback,period_1_passing_yds,,41.5,41.5
Bryce Young,17f3bc4a-e2d6-5dc5-a554-00549ff0139f,QB,Quarterback,rushing_att,,3.5,3.5
Bryce Young,17f3bc4a-e2d6-5dc5-a554-00549ff0139f,QB,Quarterback,passing_and_rushing_yds,,227.5,227.5
Bryce Young,17f3bc4a-e2d6-5dc5-a554-00549ff0139f,QB,Quarterback,passing_comps,,19.5,19.5
Bryce Young,17f3bc4a-e2d6-5dc5-a554-00549ff0139f,QB,Quarterback,passing_att,,30.5,30.5
Bryce Young,17f3bc4a-e2d6-5dc5-a554-00549ff0139f,QB,Quarterback,passing_ints,,0.5,0.5
Bryce Young,17f3bc4a-e2d6-5dc5-a554-00549ff0139f,QB,Quarterback,passing_long,,33.5,33.5
Bryce Young,17f3bc4a-e2d6-5dc5-a554-00549ff0139f,QB,Quarterback,rushing_long,,8.5,8.5
Bryce Young,17f3bc4a-e2d6-5dc5-a554-00549ff0139f,QB,Quarterback,period_first_touchdown_scored,,0.5,0.5
Bryce Young,17f3bc4a-e2d6-5dc5-a554-00549ff0139f,QB,Quarterback,fantasy_points,,20.45,20.45
Bryce Young,17f3bc4a-e2d6-5dc5-a554-00549ff0139f,QB,Quarterback,fantasy_points,,16.45,16.45
Bryce Young,17f3bc4a-e2d6-5dc5-a554-00549ff0139f,QB,Quarterback,fantasy_points,,24.45,24.45
Bryce Young,17f3bc4a-e2d6-5dc5-a554-00549ff0139f,QB,Quarterback,period_1_rush_rec_tds,,0.5,0.5
Bryce Young,17f3bc4a-e2d6-5dc5-a554-00549ff0139f,QB,Quarterback,period_1_passing_tds,,0.5,0.5
Bryce Young,17f3bc4a-e2d6-5dc5-a554-00549ff0139f,QB,Quarterback,period_1_rushing_yds,,0.5,0.5
Bryce Young,17f3bc4a-e2d6-5dc5-a554-00549ff0139f,QB,Quarterback,period_1_2_rush_rec_tds,,0.5,0.5
Bryce Young,17f3bc4a-e2d6-5dc5-a554-00549ff0139f,QB,Quarterback,period_1_2_passing_yds,,101.5,101.5
Bryce Young,17f3bc4a-e2d6-5dc5-a554-00549ff0139f,QB,Quarterback,period_1_2_rushing_yds,,4.5,4.5
Bryce Young,17f3bc4a-e2d6-5dc5-a554-00549ff0139f,QB,Quarterback,period_1_2_passing_tds,,0.5,0.5
Bryce Young,17f3bc4a-e2d6-5dc5-a554-00549ff0139f,QB,Quarterback,25_pass_yds_each_quarter,,0.5,0.5
Bryce Young,17f3bc4a-e2d6-5dc5-a554-00549ff0139f,QB,Quarterback,100_pass_yds_each_half,,0.5,0.5
Bryce Young,17f3bc4a-e2d6-5dc5-a554-00549ff0139f,QB,Quarterback,50_pass_yds_each_quarter,,0.5,0.5
Bryce Young,17f3bc4a-e2d6-5dc5-a554-00549ff0139f,QB,Quarterback,150_pass_yds_each_half,,0.5,0.5
Bryce Young,17f3bc4a-e2d6-5dc5-a554-00549ff0139f,QB,Quarterback,game_high_passing_yards,,0.5,0.5
Bryce Young,17f3bc4a-e2d6-5dc5-a554-00549ff0139f,QB,Quarterback,fumbles_lost,,0.5,0.5
Roschon Johnson,e8a4678a-ccdb-5f35-be13-aef6e59a5680,RB,Running Back,rush_rec_tds,,0.5,0.5
Roschon Johnson,e8a4678a-ccdb-5f35-be13-aef6e59a5680,RB,Running Back,period_1_2_rush_rec_tds,,0.5,0.5
Colston Loveland,e8a4678a-ccdb-5f35-be13-aef6e59a5680,TE,Tight End,rush_rec_tds,,0.5,0.5
Colston Loveland,e8a4678a-ccdb-5f35-be13-aef6e59a5680,TE,Tight End,receiving_yds,,51.5,51.5
Colston Loveland,e8a4678a-ccdb-5f35-be13-aef6e59a5680,TE,Tight End,receiving_rec,,4.5,4.5
Colston Loveland,e8a4678a-ccdb-5f35-be13-aef6e59a5680,TE,Tight End,receiving_tgts,,10.5,10.5
Colston Loveland,e8a4678a-ccdb-5f35-be13-aef6e59a5680,TE,Tight End,receiving_tgts,,9.5,9.5
Colston Loveland,e8a4678a-ccdb-5f35-be13-aef6e59a5680,TE,Tight End,receiving_tgts,,6.5,6.5
Colston Loveland,e8a4678a-ccdb-5f35-be13-aef6e59a5680,TE,Tight End,receiving_tgts,,5.5,5.5
Colston Loveland,e8a4678a-ccdb-5f35-be13-aef6e59a5680,TE,Tight End,receiving_tgts,,8.5,8.5
Colston Loveland,e8a4678a-ccdb-5f35-be13-aef6e59a5680,TE,Tight End,receiving_tgts,,7.5,7.5
Colston Loveland,e8a4678a-ccdb-5f35-be13-aef6e59a5680,TE,Tight End,receiving_long,,18.5,18.5
Colston Loveland,e8a4678a-ccdb-5f35-be13-aef6e59a5680,TE,Tight End,period_first_touchdown_scored,,0.5,0.5
Colston Loveland,e8a4678a-ccdb-5f35-be13-aef6e59a5680,TE,Tight End,fantasy_points,,8.45,8.45
Colston Loveland,e8a4678a-ccdb-5f35-be13-aef6e59a5680,TE,Tight End,fantasy_points,,16.45,16.45
Colston Loveland,e8a4678a-ccdb-5f35-be13-aef6e59a5680,TE,Tight End,fantasy_points,,12.45,12.45
Colston Loveland,e8a4678a-ccdb-5f35-be13-aef6e59a5680,TE,Tight End,period_1_rush_rec_tds,,0.5,0.5
Colston Loveland,e8a4678a-ccdb-5f35-be13-aef6e59a5680,TE,Tight End,period_1_receiving_yds,,8.5,8.5
Colston Loveland,e8a4678a-ccdb-5f35-be13-aef6e59a5680,TE,Tight End,period_1_receiving_rec,,0.5,0.5
Colston Loveland,e8a4678a-ccdb-5f35-be13-aef6e59a5680,TE,Tight End,period_1_2_rush_rec_tds,,0.5,0.5
Colston Loveland,e8a4678a-ccdb-5f35-be13-aef6e59a5680,TE,Tight End,25_rec_yds_each_half,,0.5,0.5
Colston Loveland,e8a4678a-ccdb-5f35-be13-aef6e59a5680,TE,Tight End,period_1_2_receiving_yds,,22.5,22.5
Colston Loveland,e8a4678a-ccdb-5f35-be13-aef6e59a5680,TE,Tight End,50_rec_yds_each_half,,0.5,0.5
Colston Loveland,e8a4678a-ccdb-5f35-be13-aef6e59a5680,TE,Tight End,period_1_2_receiving_rec,,2.5,2.5
Colston Loveland,e8a4678a-ccdb-5f35-be13-aef6e59a5680,TE,Tight End,game_high_receiving_yards,,0.5,0.5
Jalen Coker,17f3bc4a-e2d6-5dc5-a554-00549ff0139f,WR,Wide Receiver,rush_rec_tds,,0.5,0.5
Jalen Coker,17f3bc4a-e2d6-5dc5-a554-00549ff0139f,WR,Wide Receiver,receiving_yds,,39.5,39.5
Jalen Coker,17f3bc4a-e2d6-5dc5-a554-00549ff0139f,WR,Wide Receiver,receiving_rec,,3.5,3.5
Jalen Coker,17f3bc4a-e2d6-5dc5-a554-00549ff0139f,WR,Wide Receiver,receiving_tgts,,8.5,8.5
Jalen Coker,17f3bc4a-e2d6-5dc5-a554-00549ff0139f,WR,Wide Receiver,receiving_tgts,,5.5,5.5
Jalen Coker,17f3bc4a-e2d6-5dc5-a554-00549ff0139f,WR,Wide Receiver,receiving_tgts,,7.5,7.5
Jalen Coker,17f3bc4a-e2d6-5dc5-a554-00549ff0139f,WR,Wide Receiver,receiving_tgts,,4.5,4.5
Jalen Coker,17f3bc4a-e2d6-5dc5-a554-00549ff0139f,WR,Wide Receiver,receiving_tgts,,9.5,9.5
Jalen Coker,17f3bc4a-e2d6-5dc5-a554-00549ff0139f,WR,Wide Receiver,receiving_tgts,,6.5,6.5
Jalen Coker,17f3bc4a-e2d6-5dc5-a554-00549ff0139f,WR,Wide Receiver,receiving_long,,16.5,16.5
Jalen Coker,17f3bc4a-e2d6-5dc5-a554-00549ff0139f,WR,Wide Receiver,period_first_touchdown_scored,,0.5,0.5
Jalen Coker,17f3bc4a-e2d6-5dc5-a554-00549ff0139f,WR,Wide Receiver,fantasy_points,,6.35,6.35
Jalen Coker,17f3bc4a-e2d6-5dc5-a554-00549ff0139f,WR,Wide Receiver,fantasy_points,,10.35,10.35
Jalen Coker,17f3bc4a-e2d6-5dc5-a554-00549ff0139f,WR,Wide Receiver,fantasy_points,,14.35,14.35
Jalen Coker,17f3bc4a-e2d6-5dc5-a554-00549ff0139f,WR,Wide Receiver,period_1_rush_rec_tds,,0.5,0.5
Jalen Coker,17f3bc4a-e2d6-5dc5-a554-00549ff0139f,WR,Wide Receiver,period_1_receiving_yds,,2.5,2.5
Jalen Coker,17f3bc4a-e2d6-5dc5-a554-00549ff0139f,WR,Wide Receiver,period_1_receiving_rec,,0.5,0.5
Jalen Coker,17f3bc4a-e2d6-5dc5-a554-00549ff0139f,WR,Wide Receiver,period_1_2_rush_rec_tds,,0.5,0.5
Jalen Coker,17f3bc4a-e2d6-5dc5-a554-00549ff0139f,WR,Wide Receiver,period_1_2_receiving_yds,,14.5,14.5
Jalen Coker,17f3bc4a-e2d6-5dc5-a554-00549ff0139f,WR,Wide Receiver,25_rec_yds_each_half,,0.5,0.5
Jalen Coker,17f3bc4a-e2d6-5dc5-a554-00549ff0139f,WR,Wide Receiver,period_1_2_receiving_rec,,1.5,1.5
Jalen Coker,17f3bc4a-e2d6-5dc5-a554-00549ff0139f,WR,Wide Receiver,game_high_receiving_yards,,0.5,0.5
Jalen Coker,17f3bc4a-e2d6-5dc5-a554-00549ff0139f,WR,Wide Receiver,fumbles_lost,,0.5,0.5
Cole Kmet,e8a4678a-ccdb-5f35-be13-aef6e59a5680,TE,Tight End,rush_rec_tds,,0.5,0.5
Cole Kmet,e8a4678a-ccdb-5f35-be13-aef6e59a5680,TE,Tight End,receiving_yds,,14.5,14.5
Cole Kmet,e8a4678a-ccdb-5f35-be13-aef6e59a5680,TE,Tight End,receiving_rec,,1.5,1.5
Cole Kmet,e8a4678a-ccdb-5f35-be13-aef6e59a5680,TE,Tight End,receiving_tgts,,3.5,3.5
Cole Kmet,e8a4678a-ccdb-5f35-be13-aef6e59a5680,TE,Tight End,receiving_tgts,,2.5,2.5
Cole Kmet,e8a4678a-ccdb-5f35-be13-aef6e59a5680,TE,Tight End,receiving_tgts,,1.5,1.5
Cole Kmet,e8a4678a-ccdb-5f35-be13-aef6e59a5680,TE,Tight End,receiving_tgts,,5.5,5.5
Cole Kmet,e8a4678a-ccdb-5f35-be13-aef6e59a5680,TE,Tight End,receiving_tgts,,4.5,4.5
Cole Kmet,e8a4678a-ccdb-5f35-be13-aef6e59a5680,TE,Tight End,receiving_tgts,,6.5,6.5
Cole Kmet,e8a4678a-ccdb-5f35-be13-aef6e59a5680,TE,Tight End,receiving_long,,9.5,9.5
Cole Kmet,e8a4678a-ccdb-5f35-be13-aef6e59a5680,TE,Tight End,period_first_touchdown_scored,,0.5,0.5
Cole Kmet,e8a4678a-ccdb-5f35-be13-aef6e59a5680,TE,Tight End,period_1_rush_rec_tds,,0.5,0.5
Cole Kmet,e8a4678a-ccdb-5f35-be13-aef6e59a5680,TE,Tight End,period_1_receiving_yds,,0.5,0.5
Cole Kmet,e8a4678a-ccdb-5f35-be13-aef6e59a5680,TE,Tight End,period_1_receiving_rec,,0.5,0.5
Cole Kmet,e8a4678a-ccdb-5f35-be13-aef6e59a5680,TE,Tight End,period_1_2_rush_rec_tds,,0.5,0.5
Cole Kmet,e8a4678a-ccdb-5f35-be13-aef6e59a5680,TE,Tight End,period_1_2_receiving_yds,,4.5,4.5
Cole Kmet,e8a4678a-ccdb-5f35-be13-aef6e59a5680,TE,Tight End,period_1_2_receiving_rec,,0.5,0.5
Tommy Tremble,17f3bc4a-e2d6-5dc5-a554-00549ff0139f,TE,Tight End,rush_rec_tds,,0.5,0.5
Tommy Tremble,17f3bc4a-e2d6-5dc5-a554-00549ff0139f,TE,Tight End,period_first_touchdown_scored,,0.5,0.5
Tommy Tremble,17f3bc4a-e2d6-5dc5-a554-00549ff0139f,TE,Tight End,period_1_rush_rec_tds,,0.5,0.5
Tommy Tremble,17f3bc4a-e2d6-5dc5-a554-00549ff0139f,TE,Tight End,period_1_2_rush_rec_tds,,0.5,0.5
Kalif Raymond,e8a4678a-ccdb-5f35-be13-aef6e59a5680,WR,Wide Receiver,rush_rec_tds,,0.5,0.5
Kalif Raymond,e8a4678a-ccdb-5f35-be13-aef6e59a5680,WR,Wide Receiver,receiving_yds,,17.5,17.5
Kalif Raymond,e8a4678a-ccdb-5f35-be13-aef6e59a5680,WR,Wide Receiver,receiving_rec,,1.5,1.5
Kalif Raymond,e8a4678a-ccdb-5f35-be13-aef6e59a5680,WR,Wide Receiver,receiving_tgts,,3.5,3.5
Kalif Raymond,e8a4678a-ccdb-5f35-be13-aef6e59a5680,WR,Wide Receiver,receiving_tgts,,5.5,5.5
Kalif Raymond,e8a4678a-ccdb-5f35-be13-aef6e59a5680,WR,Wide Receiver,receiving_tgts,,2.5,2.5
Kalif Raymond,e8a4678a-ccdb-5f35-be13-aef6e59a5680,WR,Wide Receiver,receiving_tgts,,6.5,6.5
Kalif Raymond,e8a4678a-ccdb-5f35-be13-aef6e59a5680,WR,Wide Receiver,receiving_tgts,,4.5,4.5
Kalif Raymond,e8a4678a-ccdb-5f35-be13-aef6e59a5680,WR,Wide Receiver,receiving_tgts,,7.5,7.5
Kalif Raymond,e8a4678a-ccdb-5f35-be13-aef6e59a5680,WR,Wide Receiver,receiving_long,,12.5,12.5
Kalif Raymond,e8a4678a-ccdb-5f35-be13-aef6e59a5680,WR,Wide Receiver,period_first_touchdown_scored,,0.5,0.5
Kalif Raymond,e8a4678a-ccdb-5f35-be13-aef6e59a5680,WR,Wide Receiver,period_1_rush_rec_tds,,0.5,0.5
Kalif Raymond,e8a4678a-ccdb-5f35-be13-aef6e59a5680,WR,Wide Receiver,period_1_receiving_yds,,0.5,0.5
Kalif Raymond,e8a4678a-ccdb-5f35-be13-aef6e59a5680,WR,Wide Receiver,period_1_receiving_rec,,0.5,0.5
Kalif Raymond,e8a4678a-ccdb-5f35-be13-aef6e59a5680,WR,Wide Receiver,period_1_2_rush_rec_tds,,0.5,0.5
Kalif Raymond,e8a4678a-ccdb-5f35-be13-aef6e59a5680,WR,Wide Receiver,25_rec_yds_each_half,,0.5,0.5
Kalif Raymond,e8a4678a-ccdb-5f35-be13-aef6e59a5680,WR,Wide Receiver,period_1_2_receiving_yds,,5.5,5.5
Kalif Raymond,e8a4678a-ccdb-5f35-be13-aef6e59a5680,WR,Wide Receiver,period_1_2_receiving_rec,,0.5,0.5
Kalif Raymond,e8a4678a-ccdb-5f35-be13-aef6e59a5680,WR,Wide Receiver,game_high_receiving_yards,,0.5,0.5
Kalif Raymond,e8a4678a-ccdb-5f35-be13-aef6e59a5680,WR,Wide Receiver,fumbles_lost,,0.5,0.5
John Metchie III,17f3bc4a-e2d6-5dc5-a554-00549ff0139f,WR,Wide Receiver,rush_rec_tds,,0.5,0.5
Mitchell Evans,17f3bc4a-e2d6-5dc5-a554-00549ff0139f,TE,Tight End,rush_rec_tds,,0.5,0.5
Mitchell Evans,17f3bc4a-e2d6-5dc5-a554-00549ff0139f,TE,Tight End,period_1_rush_rec_tds,,0.5,0.5
Mitchell Evans,17f3bc4a-e2d6-5dc5-a554-00549ff0139f,TE,Tight End,period_1_2_rush_rec_tds,,0.5,0.5
Jimmy Horn,17f3bc4a-e2d6-5dc5-a554-00549ff0139f,WR,Wide Receiver,rush_rec_tds,,0.5,0.5
Jimmy Horn,17f3bc4a-e2d6-5dc5-a554-00549ff0139f,WR,Wide Receiver,period_1_2_rush_rec_tds,,0.5,0.5
Brycen Tremayne,17f3bc4a-e2d6-5dc5-a554-00549ff0139f,WR,Wide Receiver,rush_rec_tds,,0.5,0.5
Sam Roush,e8a4678a-ccdb-5f35-be13-aef6e59a5680,TE,Tight End,rush_rec_tds,,0.5,0.5
Jahdae Walker,e8a4678a-ccdb-5f35-be13-aef6e59a5680,WR,Wide Receiver,rush_rec_tds,,0.5,0.5
Jonathon Brooks,17f3bc4a-e2d6-5dc5-a554-00549ff0139f,RB,Running Back,rush_rec_tds,,0.5,0.5
Zavion Thomas,e8a4678a-ccdb-5f35-be13-aef6e59a5680,WR,Wide Receiver,rush_rec_tds,,0.5,0.5
Jonathon Brooks,17f3bc4a-e2d6-5dc5-a554-00549ff0139f,RB,Running Back,period_first_touchdown_scored,,0.5,0.5
Jonathon Brooks,17f3bc4a-e2d6-5dc5-a554-00549ff0139f,RB,Running Back,last_touchdown_scored,,0.5,0.5
Ryan Fitzgerald,17f3bc4a-e2d6-5dc5-a554-00549ff0139f,K,Kicker,field_goals_made,,1.5,1.5
Cairo Santos,e8a4678a-ccdb-5f35-be13-aef6e59a5680,K,Kicker,field_goals_made,,1.5,1.5
Cairo Santos,e8a4678a-ccdb-5f35-be13-aef6e59a5680,K,Kicker,kicking_points,,7.5,7.5
Ryan Fitzgerald,17f3bc4a-e2d6-5dc5-a554-00549ff0139f,K,Kicker,extra_points_made,,2.5,2.5
Ryan Fitzgerald,17f3bc4a-e2d6-5dc5-a554-00549ff0139f,K,Kicker,kicking_points,,6.5,6.5
Cairo Santos,e8a4678a-ccdb-5f35-be13-aef6e59a5680,K,Kicker,extra_points_made,,2.5,2.5
Montez Sweat,e8a4678a-ccdb-5f35-be13-aef6e59a5680,DL,Defensive Line,sacks,,0.25,0.25
Jonathon Brooks,17f3bc4a-e2d6-5dc5-a554-00549ff0139f,RB,Running Back,fantasy_points,,15.45,15.45
Jonathon Brooks,17f3bc4a-e2d6-5dc5-a554-00549ff0139f,RB,Running Back,fantasy_points,,11.45,11.45
Jonathon Brooks,17f3bc4a-e2d6-5dc5-a554-00549ff0139f,RB,Running Back,fantasy_points,,7.45,7.45
Jonathon Brooks,17f3bc4a-e2d6-5dc5-a554-00549ff0139f,RB,Running Back,period_1_rush_rec_tds,,0.5,0.5
Jaylon Johnson,e8a4678a-ccdb-5f35-be13-aef6e59a5680,DB,Defensive Back,defensive_ints,,0.5,0.5
Dillon Thieneman,e8a4678a-ccdb-5f35-be13-aef6e59a5680,SAF,Safety,defensive_ints,,0.5,0.5
Tre'von Moehrig,17f3bc4a-e2d6-5dc5-a554-00549ff0139f,SAF,Safety,defensive_ints,,0.5,0.5
Jahdae Walker,e8a4678a-ccdb-5f35-be13-aef6e59a5680,WR,Wide Receiver,period_1_2_rush_rec_tds,,0.5,0.5
Jonathon Brooks,17f3bc4a-e2d6-5dc5-a554-00549ff0139f,RB,Running Back,period_1_2_rush_rec_tds,,0.5,0.5
Brycen Tremayne,17f3bc4a-e2d6-5dc5-a554-00549ff0139f,WR,Wide Receiver,period_1_2_rush_rec_tds,,0.5,0.5
Devin Bush,e8a4678a-ccdb-5f35-be13-aef6e59a5680,LB,Linebacker,defensive_ints,,0.5,0.5
Devin Lloyd,17f3bc4a-e2d6-5dc5-a554-00549ff0139f,LB,Linebacker,defensive_ints,,0.5,0.5
Xavier Woods,e8a4678a-ccdb-5f35-be13-aef6e59a5680,SAF,Safety,defensive_ints,,0.5,0.5
Mike Jackson,17f3bc4a-e2d6-5dc5-a554-00549ff0139f,CB,Cornerback,defensive_ints,,0.5,0.5
Zavion Thomas,e8a4678a-ccdb-5f35-be13-aef6e59a5680,WR,Wide Receiver,period_1_2_rush_rec_tds,,0.5,0.5
Jaycee Horn,17f3bc4a-e2d6-5dc5-a554-00549ff0139f,CB,Cornerback,defensive_ints,,0.5,0.5
Brian Thomas,b49b653c-dc7c-516e-b1c2-da1b30d1b1a6,WR,Wide Receiver,rush_rec_tds,,0.5,0.5
Brian Thomas,b49b653c-dc7c-516e-b1c2-da1b30d1b1a6,WR,Wide Receiver,rush_rec_yds,,38.5,38.5
Brian Thomas,b49b653c-dc7c-516e-b1c2-da1b30d1b1a6,WR,Wide Receiver,receiving_yds,,37.5,37.5
Brian Thomas,b49b653c-dc7c-516e-b1c2-da1b30d1b1a6,WR,Wide Receiver,receiving_rec,,2.5,2.5
Brian Thomas,b49b653c-dc7c-516e-b1c2-da1b30d1b1a6,WR,Wide Receiver,receiving_tgts,,4.5,4.5
Brian Thomas,b49b653c-dc7c-516e-b1c2-da1b30d1b1a6,WR,Wide Receiver,receiving_tgts,,7.5,7.5
Brian Thomas,b49b653c-dc7c-516e-b1c2-da1b30d1b1a6,WR,Wide Receiver,receiving_tgts,,6.5,6.5
Brian Thomas,b49b653c-dc7c-516e-b1c2-da1b30d1b1a6,WR,Wide Receiver,receiving_tgts,,8.5,8.5
Brian Thomas,b49b653c-dc7c-516e-b1c2-da1b30d1b1a6,WR,Wide Receiver,receiving_tgts,,5.5,5.5
Brian Thomas,b49b653c-dc7c-516e-b1c2-da1b30d1b1a6,WR,Wide Receiver,receiving_tgts,,9.5,9.5
Brian Thomas,b49b653c-dc7c-516e-b1c2-da1b30d1b1a6,WR,Wide Receiver,receiving_long,,19.5,19.5
Brian Thomas,b49b653c-dc7c-516e-b1c2-da1b30d1b1a6,WR,Wide Receiver,period_first_touchdown_scored,,0.5,0.5
Brian Thomas,b49b653c-dc7c-516e-b1c2-da1b30d1b1a6,WR,Wide Receiver,fantasy_points,,14.45,14.45
Brian Thomas,b49b653c-dc7c-516e-b1c2-da1b30d1b1a6,WR,Wide Receiver,fantasy_points,,6.45,6.45
Brian Thomas,b49b653c-dc7c-516e-b1c2-da1b30d1b1a6,WR,Wide Receiver,fantasy_points,,10.45,10.45
Brian Thomas,b49b653c-dc7c-516e-b1c2-da1b30d1b1a6,WR,Wide Receiver,period_1_rush_rec_tds,,0.5,0.5
Brian Thomas,b49b653c-dc7c-516e-b1c2-da1b30d1b1a6,WR,Wide Receiver,period_1_receiving_yds,,3.5,3.5
Brian Thomas,b49b653c-dc7c-516e-b1c2-da1b30d1b1a6,WR,Wide Receiver,period_1_receiving_rec,,0.5,0.5
Brian Thomas,b49b653c-dc7c-516e-b1c2-da1b30d1b1a6,WR,Wide Receiver,period_1_2_rush_rec_tds,,0.5,0.5
Brian Thomas,b49b653c-dc7c-516e-b1c2-da1b30d1b1a6,WR,Wide Receiver,period_1_2_receiving_yds,,17.5,17.5
Brian Thomas,b49b653c-dc7c-516e-b1c2-da1b30d1b1a6,WR,Wide Receiver,25_rec_yds_each_half,,0.5,0.5
Brian Thomas,b49b653c-dc7c-516e-b1c2-da1b30d1b1a6,WR,Wide Receiver,50_rec_yds_each_half,,0.5,0.5
Brian Thomas,b49b653c-dc7c-516e-b1c2-da1b30d1b1a6,WR,Wide Receiver,period_1_2_receiving_rec,,1.5,1.5
Brian Thomas,b49b653c-dc7c-516e-b1c2-da1b30d1b1a6,WR,Wide Receiver,game_high_receiving_yards,,0.5,0.5
Quinshon Judkins,338ae7df-02ad-5a94-9767-60f511bd55e1,RB,Running Back,rush_rec_tds,,0.5,0.5
Quinshon Judkins,338ae7df-02ad-5a94-9767-60f511bd55e1,RB,Running Back,rushing_yds,,58.5,58.5
Quinshon Judkins,338ae7df-02ad-5a94-9767-60f511bd55e1,RB,Running Back,receiving_yds,,9.5,9.5
Quinshon Judkins,338ae7df-02ad-5a94-9767-60f511bd55e1,RB,Running Back,rush_rec_yds,,73.5,73.5
Quinshon Judkins,338ae7df-02ad-5a94-9767-60f511bd55e1,RB,Running Back,receiving_rec,,1.5,1.5
Quinshon Judkins,338ae7df-02ad-5a94-9767-60f511bd55e1,RB,Running Back,rushing_att,,16.5,16.5
Quinshon Judkins,338ae7df-02ad-5a94-9767-60f511bd55e1,RB,Running Back,receiving_tgts,,2.5,2.5
Quinshon Judkins,338ae7df-02ad-5a94-9767-60f511bd55e1,RB,Running Back,receiving_tgts,,1.5,1.5
Quinshon Judkins,338ae7df-02ad-5a94-9767-60f511bd55e1,RB,Running Back,receiving_tgts,,3.5,3.5
Quinshon Judkins,338ae7df-02ad-5a94-9767-60f511bd55e1,RB,Running Back,receiving_tgts,,4.5,4.5
Quinshon Judkins,338ae7df-02ad-5a94-9767-60f511bd55e1,RB,Running Back,receiving_tgts,,5.5,5.5
Quinshon Judkins,338ae7df-02ad-5a94-9767-60f511bd55e1,RB,Running Back,receiving_tgts,,6.5,6.5
Quinshon Judkins,338ae7df-02ad-5a94-9767-60f511bd55e1,RB,Running Back,receiving_long,,7.5,7.5
Quinshon Judkins,338ae7df-02ad-5a94-9767-60f511bd55e1,RB,Running Back,rushing_long,,12.5,12.5
Quinshon Judkins,338ae7df-02ad-5a94-9767-60f511bd55e1,RB,Running Back,period_first_touchdown_scored,,0.5,0.5
Quinshon Judkins,338ae7df-02ad-5a94-9767-60f511bd55e1,RB,Running Back,last_touchdown_scored,,0.5,0.5
Quinshon Judkins,338ae7df-02ad-5a94-9767-60f511bd55e1,RB,Running Back,fantasy_points,,13.55,13.55
Quinshon Judkins,338ae7df-02ad-5a94-9767-60f511bd55e1,RB,Running Back,fantasy_points,,17.55,17.55
Quinshon Judkins,338ae7df-02ad-5a94-9767-60f511bd55e1,RB,Running Back,fantasy_points,,9.55,9.55
Quinshon Judkins,338ae7df-02ad-5a94-9767-60f511bd55e1,RB,Running Back,period_1_rush_rec_tds,,0.5,0.5
Quinshon Judkins,338ae7df-02ad-5a94-9767-60f511bd55e1,RB,Running Back,period_1_receiving_yds,,0.5,0.5
Quinshon Judkins,338ae7df-02ad-5a94-9767-60f511bd55e1,RB,Running Back,period_1_receiving_rec,,0.5,0.5
Quinshon Judkins,338ae7df-02ad-5a94-9767-60f511bd55e1,RB,Running Back,period_1_rushing_yds,,12.5,12.5
Quinshon Judkins,338ae7df-02ad-5a94-9767-60f511bd55e1,RB,Running Back,period_1_2_rush_rec_tds,,0.5,0.5
Quinshon Judkins,338ae7df-02ad-5a94-9767-60f511bd55e1,RB,Running Back,period_1_2_receiving_yds,,1.5,1.5
Quinshon Judkins,338ae7df-02ad-5a94-9767-60f511bd55e1,RB,Running Back,period_1_2_rushing_yds,,27.5,27.5
Quinshon Judkins,338ae7df-02ad-5a94-9767-60f511bd55e1,RB,Running Back,25_rush_yds_each_half,,0.5,0.5
Quinshon Judkins,338ae7df-02ad-5a94-9767-60f511bd55e1,RB,Running Back,period_1_2_receiving_rec,,0.5,0.5
Quinshon Judkins,338ae7df-02ad-5a94-9767-60f511bd55e1,RB,Running Back,50_rush_yds_each_half,,0.5,0.5
Quinshon Judkins,338ae7df-02ad-5a94-9767-60f511bd55e1,RB,Running Back,game_high_rushing_yards,,0.5,0.5
Quinshon Judkins,338ae7df-02ad-5a94-9767-60f511bd55e1,RB,Running Back,fumbles_lost,,0.5,0.5
Jakobi Meyers,b49b653c-dc7c-516e-b1c2-da1b30d1b1a6,WR,Wide Receiver,rush_rec_tds,,0.5,0.5
Jakobi Meyers,b49b653c-dc7c-516e-b1c2-da1b30d1b1a6,WR,Wide Receiver,rush_rec_yds,,38.5,38.5
Jakobi Meyers,b49b653c-dc7c-516e-b1c2-da1b30d1b1a6,WR,Wide Receiver,receiving_yds,,38.5,38.5
Jakobi Meyers,b49b653c-dc7c-516e-b1c2-da1b30d1b1a6,WR,Wide Receiver,receiving_rec,,3.5,3.5
Jakobi Meyers,b49b653c-dc7c-516e-b1c2-da1b30d1b1a6,WR,Wide Receiver,receiving_tgts,,9.5,9.5
Jakobi Meyers,b49b653c-dc7c-516e-b1c2-da1b30d1b1a6,WR,Wide Receiver,receiving_tgts,,5.5,5.5
Jakobi Meyers,b49b653c-dc7c-516e-b1c2-da1b30d1b1a6,WR,Wide Receiver,receiving_tgts,,7.5,7.5
Jakobi Meyers,b49b653c-dc7c-516e-b1c2-da1b30d1b1a6,WR,Wide Receiver,receiving_tgts,,6.5,6.5
Jakobi Meyers,b49b653c-dc7c-516e-b1c2-da1b30d1b1a6,WR,Wide Receiver,receiving_tgts,,8.5,8.5
Jakobi Meyers,b49b653c-dc7c-516e-b1c2-da1b30d1b1a6,WR,Wide Receiver,receiving_tgts,,10.5,10.5
Jakobi Meyers,b49b653c-dc7c-516e-b1c2-da1b30d1b1a6,WR,Wide Receiver,receiving_long,,16.5,16.5
Jakobi Meyers,b49b653c-dc7c-516e-b1c2-da1b30d1b1a6,WR,Wide Receiver,period_first_touchdown_scored,,0.5,0.5
Jakobi Meyers,b49b653c-dc7c-516e-b1c2-da1b30d1b1a6,WR,Wide Receiver,fantasy_points,,14.25,14.25
Jakobi Meyers,b49b653c-dc7c-516e-b1c2-da1b30d1b1a6,WR,Wide Receiver,fantasy_points,,10.25,10.25
Jakobi Meyers,b49b653c-dc7c-516e-b1c2-da1b30d1b1a6,WR,Wide Receiver,fantasy_points,,6.25,6.25
Jakobi Meyers,b49b653c-dc7c-516e-b1c2-da1b30d1b1a6,WR,Wide Receiver,period_1_rush_rec_tds,,0.5,0.5
Jakobi Meyers,b49b653c-dc7c-516e-b1c2-da1b30d1b1a6,WR,Wide Receiver,period_1_receiving_yds,,5.5,5.5
Jakobi Meyers,b49b653c-dc7c-516e-b1c2-da1b30d1b1a6,WR,Wide Receiver,period_1_receiving_rec,,0.5,0.5
Jakobi Meyers,b49b653c-dc7c-516e-b1c2-da1b30d1b1a6,WR,Wide Receiver,period_1_2_rush_rec_tds,,0.5,0.5
Jakobi Meyers,b49b653c-dc7c-516e-b1c2-da1b30d1b1a6,WR,Wide Receiver,period_1_2_receiving_yds,,18.5,18.5
Jakobi Meyers,b49b653c-dc7c-516e-b1c2-da1b30d1b1a6,WR,Wide Receiver,25_rec_yds_each_half,,0.5,0.5
Jakobi Meyers,b49b653c-dc7c-516e-b1c2-da1b30d1b1a6,WR,Wide Receiver,period_1_2_receiving_rec,,1.5,1.5
Jakobi Meyers,b49b653c-dc7c-516e-b1c2-da1b30d1b1a6,WR,Wide Receiver,game_high_receiving_yards,,0.5,0.5
Jerry Jeudy,338ae7df-02ad-5a94-9767-60f511bd55e1,WR,Wide Receiver,rush_rec_tds,,0.5,0.5
Jerry Jeudy,338ae7df-02ad-5a94-9767-60f511bd55e1,WR,Wide Receiver,receiving_yds,,31.5,31.5
Jerry Jeudy,338ae7df-02ad-5a94-9767-60f511bd55e1,WR,Wide Receiver,rush_rec_yds,,29.5,29.5
Jerry Jeudy,338ae7df-02ad-5a94-9767-60f511bd55e1,WR,Wide Receiver,receiving_rec,,2.5,2.5
Jerry Jeudy,338ae7df-02ad-5a94-9767-60f511bd55e1,WR,Wide Receiver,receiving_tgts,,8.5,8.5
Jerry Jeudy,338ae7df-02ad-5a94-9767-60f511bd55e1,WR,Wide Receiver,receiving_tgts,,4.5,4.5
Jerry Jeudy,338ae7df-02ad-5a94-9767-60f511bd55e1,WR,Wide Receiver,receiving_tgts,,3.5,3.5
Jerry Jeudy,338ae7df-02ad-5a94-9767-60f511bd55e1,WR,Wide Receiver,receiving_tgts,,5.5,5.5
Jerry Jeudy,338ae7df-02ad-5a94-9767-60f511bd55e1,WR,Wide Receiver,receiving_tgts,,7.5,7.5
Jerry Jeudy,338ae7df-02ad-5a94-9767-60f511bd55e1,WR,Wide Receiver,receiving_tgts,,6.5,6.5
Jerry Jeudy,338ae7df-02ad-5a94-9767-60f511bd55e1,WR,Wide Receiver,receiving_long,,15.5,15.5
Jerry Jeudy,338ae7df-02ad-5a94-9767-60f511bd55e1,WR,Wide Receiver,period_first_touchdown_scored,,0.5,0.5
Jerry Jeudy,338ae7df-02ad-5a94-9767-60f511bd55e1,WR,Wide Receiver,period_1_rush_rec_tds,,0.5,0.5
Jerry Jeudy,338ae7df-02ad-5a94-9767-60f511bd55e1,WR,Wide Receiver,period_1_receiving_yds,,0.5,0.5
Jerry Jeudy,338ae7df-02ad-5a94-9767-60f511bd55e1,WR,Wide Receiver,period_1_receiving_rec,,0.5,0.5
Jerry Jeudy,338ae7df-02ad-5a94-9767-60f511bd55e1,WR,Wide Receiver,period_1_2_rush_rec_tds,,0.5,0.5
Jerry Jeudy,338ae7df-02ad-5a94-9767-60f511bd55e1,WR,Wide Receiver,25_rec_yds_each_half,,0.5,0.5
Jerry Jeudy,338ae7df-02ad-5a94-9767-60f511bd55e1,WR,Wide Receiver,period_1_2_receiving_yds,,11.5,11.5
Jerry Jeudy,338ae7df-02ad-5a94-9767-60f511bd55e1,WR,Wide Receiver,period_1_2_receiving_rec,,1.5,1.5
Jerry Jeudy,338ae7df-02ad-5a94-9767-60f511bd55e1,WR,Wide Receiver,game_high_receiving_yards,,0.5,0.5
Dylan Sampson,338ae7df-02ad-5a94-9767-60f511bd55e1,RB,Running Back,rush_rec_tds,,0.5,0.5
Dylan Sampson,338ae7df-02ad-5a94-9767-60f511bd55e1,RB,Running Back,period_first_touchdown_scored,,0.5,0.5
Dylan Sampson,338ae7df-02ad-5a94-9767-60f511bd55e1,RB,Running Back,period_1_rush_rec_tds,,0.5,0.5
Dylan Sampson,338ae7df-02ad-5a94-9767-60f511bd55e1,RB,Running Back,period_1_2_rush_rec_tds,,0.5,0.5
Trevor Lawrence,b49b653c-dc7c-516e-b1c2-da1b30d1b1a6,QB,Quarterback,rush_rec_tds,,0.5,0.5
Chris Rodriguez,b49b653c-dc7c-516e-b1c2-da1b30d1b1a6,RB,Running Back,rush_rec_tds,,0.5,0.5
Chris Rodriguez,b49b653c-dc7c-516e-b1c2-da1b30d1b1a6,RB,Running Back,rushing_yds,,33.5,33.5
Trevor Lawrence,b49b653c-dc7c-516e-b1c2-da1b30d1b1a6,QB,Quarterback,rushing_yds,,17.5,17.5
Trevor Lawrence,b49b653c-dc7c-516e-b1c2-da1b30d1b1a6,QB,Quarterback,passing_yds,,238.5,238.5
Chris Rodriguez,b49b653c-dc7c-516e-b1c2-da1b30d1b1a6,RB,Running Back,rush_rec_yds,,38.5,38.5
Chris Rodriguez,b49b653c-dc7c-516e-b1c2-da1b30d1b1a6,RB,Running Back,receiving_yds,,1.5,1.5
Trevor Lawrence,b49b653c-dc7c-516e-b1c2-da1b30d1b1a6,QB,Quarterback,passing_tds,,1.5,1.5
Chris Rodriguez,b49b653c-dc7c-516e-b1c2-da1b30d1b1a6,RB,Running Back,receiving_rec,,0.5,0.5
Trevor Lawrence,b49b653c-dc7c-516e-b1c2-da1b30d1b1a6,QB,Quarterback,period_1_passing_yds,,55.5,55.5
Trevor Lawrence,b49b653c-dc7c-516e-b1c2-da1b30d1b1a6,QB,Quarterback,rushing_att,,4.5,4.5
Chris Rodriguez,b49b653c-dc7c-516e-b1c2-da1b30d1b1a6,RB,Running Back,rushing_att,,7.5,7.5
Trevor Lawrence,b49b653c-dc7c-516e-b1c2-da1b30d1b1a6,QB,Quarterback,passing_and_rushing_yds,,251.5,251.5
Trevor Lawrence,b49b653c-dc7c-516e-b1c2-da1b30d1b1a6,QB,Quarterback,passing_comps,,20.5,20.5
Trevor Lawrence,b49b653c-dc7c-516e-b1c2-da1b30d1b1a6,QB,Quarterback,passing_att,,32.5,32.5
Trevor Lawrence,b49b653c-dc7c-516e-b1c2-da1b30d1b1a6,QB,Quarterback,passing_ints,,0.5,0.5
Chris Rodriguez,b49b653c-dc7c-516e-b1c2-da1b30d1b1a6,RB,Running Back,receiving_long,,1.5,1.5
Trevor Lawrence,b49b653c-dc7c-516e-b1c2-da1b30d1b1a6,QB,Quarterback,passing_long,,35.5,35.5
Trevor Lawrence,b49b653c-dc7c-516e-b1c2-da1b30d1b1a6,QB,Quarterback,rushing_long,,9.5,9.5
Chris Rodriguez,b49b653c-dc7c-516e-b1c2-da1b30d1b1a6,RB,Running Back,rushing_long,,10.5,10.5
Trevor Lawrence,b49b653c-dc7c-516e-b1c2-da1b30d1b1a6,QB,Quarterback,period_first_touchdown_scored,,0.5,0.5
Chris Rodriguez,b49b653c-dc7c-516e-b1c2-da1b30d1b1a6,RB,Running Back,period_first_touchdown_scored,,0.5,0.5
Chris Rodriguez,b49b653c-dc7c-516e-b1c2-da1b30d1b1a6,RB,Running Back,last_touchdown_scored,,0.5,0.5
Chris Rodriguez,b49b653c-dc7c-516e-b1c2-da1b30d1b1a6,RB,Running Back,fantasy_points,,5.05,5.05
Trevor Lawrence,b49b653c-dc7c-516e-b1c2-da1b30d1b1a6,QB,Quarterback,fantasy_points,,26.65,26.65
Trevor Lawrence,b49b653c-dc7c-516e-b1c2-da1b30d1b1a6,QB,Quarterback,fantasy_points,,22.65,22.65
Trevor Lawrence,b49b653c-dc7c-516e-b1c2-da1b30d1b1a6,QB,Quarterback,fantasy_points,,18.65,18.65
Chris Rodriguez,b49b653c-dc7c-516e-b1c2-da1b30d1b1a6,RB,Running Back,period_1_rush_rec_tds,,0.5,0.5
Trevor Lawrence,b49b653c-dc7c-516e-b1c2-da1b30d1b1a6,QB,Quarterback,period_1_rush_rec_tds,,0.5,0.5
Trevor Lawrence,b49b653c-dc7c-516e-b1c2-da1b30d1b1a6,QB,Quarterback,period_1_passing_tds,,0.5,0.5
Chris Rodriguez,b49b653c-dc7c-516e-b1c2-da1b30d1b1a6,RB,Running Back,period_1_receiving_yds,,0.5,0.5
Chris Rodriguez,b49b653c-dc7c-516e-b1c2-da1b30d1b1a6,RB,Running Back,period_1_receiving_rec,,0.5,0.5
Trevor Lawrence,b49b653c-dc7c-516e-b1c2-da1b30d1b1a6,QB,Quarterback,period_1_rushing_yds,,0.5,0.5
Chris Rodriguez,b49b653c-dc7c-516e-b1c2-da1b30d1b1a6,RB,Running Back,period_1_rushing_yds,,5.5,5.5
Chris Rodriguez,b49b653c-dc7c-516e-b1c2-da1b30d1b1a6,RB,Running Back,period_1_2_rush_rec_tds,,0.5,0.5
Trevor Lawrence,b49b653c-dc7c-516e-b1c2-da1b30d1b1a6,QB,Quarterback,period_1_2_rush_rec_tds,,0.5,0.5
Trevor Lawrence,b49b653c-dc7c-516e-b1c2-da1b30d1b1a6,QB,Quarterback,period_1_2_passing_yds,,125.5,125.5
Chris Rodriguez,b49b653c-dc7c-516e-b1c2-da1b30d1b1a6,RB,Running Back,period_1_2_receiving_yds,,0.5,0.5
Chris Rodriguez,b49b653c-dc7c-516e-b1c2-da1b30d1b1a6,RB,Running Back,period_1_2_rushing_yds,,13.5,13.5
Trevor Lawrence,b49b653c-dc7c-516e-b1c2-da1b30d1b1a6,QB,Quarterback,period_1_2_rushing_yds,,7.5,7.5
Chris Rodriguez,b49b653c-dc7c-516e-b1c2-da1b30d1b1a6,RB,Running Back,25_rush_yds_each_half,,0.5,0.5
Chris Rodriguez,b49b653c-dc7c-516e-b1c2-da1b30d1b1a6,RB,Running Back,period_1_2_receiving_rec,,0.5,0.5
Trevor Lawrence,b49b653c-dc7c-516e-b1c2-da1b30d1b1a6,QB,Quarterback,period_1_2_passing_tds,,0.5,0.5
Trevor Lawrence,b49b653c-dc7c-516e-b1c2-da1b30d1b1a6,QB,Quarterback,100_pass_yds_each_half,,0.5,0.5
Trevor Lawrence,b49b653c-dc7c-516e-b1c2-da1b30d1b1a6,QB,Quarterback,25_pass_yds_each_quarter,,0.5,0.5
Trevor Lawrence,b49b653c-dc7c-516e-b1c2-da1b30d1b1a6,QB,Quarterback,50_pass_yds_each_quarter,,0.5,0.5
Trevor Lawrence,b49b653c-dc7c-516e-b1c2-da1b30d1b1a6,QB,Quarterback,150_pass_yds_each_half,,0.5,0.5
Trevor Lawrence,b49b653c-dc7c-516e-b1c2-da1b30d1b1a6,QB,Quarterback,game_high_passing_yards,,0.5,0.5
Trevor Lawrence,b49b653c-dc7c-516e-b1c2-da1b30d1b1a6,QB,Quarterback,game_high_rushing_yards,,0.5,0.5
Chris Rodriguez,b49b653c-dc7c-516e-b1c2-da1b30d1b1a6,RB,Running Back,game_high_rushing_yards,,0.5,0.5
Trevor Lawrence,b49b653c-dc7c-516e-b1c2-da1b30d1b1a6,QB,Quarterback,fumbles_lost,,0.5,0.5
Chris Rodriguez,b49b653c-dc7c-516e-b1c2-da1b30d1b1a6,RB,Running Back,fumbles_lost,,0.5,0.5
Brenton Strange,b49b653c-dc7c-516e-b1c2-da1b30d1b1a6,TE,Tight End,rush_rec_tds,,0.5,0.5
Brenton Strange,b49b653c-dc7c-516e-b1c2-da1b30d1b1a6,TE,Tight End,receiving_yds,,35.5,35.5
Brenton Strange,b49b653c-dc7c-516e-b1c2-da1b30d1b1a6,TE,Tight End,receiving_rec,,3.5,3.5
Brenton Strange,b49b653c-dc7c-516e-b1c2-da1b30d1b1a6,TE,Tight End,receiving_tgts,,9.5,9.5
Brenton Strange,b49b653c-dc7c-516e-b1c2-da1b30d1b1a6,TE,Tight End,receiving_tgts,,6.5,6.5
Brenton Strange,b49b653c-dc7c-516e-b1c2-da1b30d1b1a6,TE,Tight End,receiving_tgts,,8.5,8.5
Brenton Strange,b49b653c-dc7c-516e-b1c2-da1b30d1b1a6,TE,Tight End,receiving_tgts,,7.5,7.5
Brenton Strange,b49b653c-dc7c-516e-b1c2-da1b30d1b1a6,TE,Tight End,receiving_tgts,,4.5,4.5
Brenton Strange,b49b653c-dc7c-516e-b1c2-da1b30d1b1a6,TE,Tight End,receiving_long,,16.5,16.5
Brenton Strange,b49b653c-dc7c-516e-b1c2-da1b30d1b1a6,TE,Tight End,period_first_touchdown_scored,,0.5,0.5
Brenton Strange,b49b653c-dc7c-516e-b1c2-da1b30d1b1a6,TE,Tight End,fantasy_points,,14.25,14.25
Brenton Strange,b49b653c-dc7c-516e-b1c2-da1b30d1b1a6,TE,Tight End,fantasy_points,,6.25,6.25
Brenton Strange,b49b653c-dc7c-516e-b1c2-da1b30d1b1a6,TE,Tight End,fantasy_points,,10.25,10.25
Brenton Strange,b49b653c-dc7c-516e-b1c2-da1b30d1b1a6,TE,Tight End,period_1_rush_rec_tds,,0.5,0.5
Brenton Strange,b49b653c-dc7c-516e-b1c2-da1b30d1b1a6,TE,Tight End,period_1_receiving_yds,,5.5,5.5
Brenton Strange,b49b653c-dc7c-516e-b1c2-da1b30d1b1a6,TE,Tight End,period_1_receiving_rec,,0.5,0.5
Brenton Strange,b49b653c-dc7c-516e-b1c2-da1b30d1b1a6,TE,Tight End,period_1_2_rush_rec_tds,,0.5,0.5
Brenton Strange,b49b653c-dc7c-516e-b1c2-da1b30d1b1a6,TE,Tight End,period_1_2_receiving_yds,,17.5,17.5
Brenton Strange,b49b653c-dc7c-516e-b1c2-da1b30d1b1a6,TE,Tight End,25_rec_yds_each_half,,0.5,0.5
Brenton Strange,b49b653c-dc7c-516e-b1c2-da1b30d1b1a6,TE,Tight End,period_1_2_receiving_rec,,1.5,1.5
Brenton Strange,b49b653c-dc7c-516e-b1c2-da1b30d1b1a6,TE,Tight End,game_high_receiving_yards,,0.5,0.5
Raheim Sanders,338ae7df-02ad-5a94-9767-60f511bd55e1,RB,Running Back,rush_rec_tds,,0.5,0.5
Raheim Sanders,338ae7df-02ad-5a94-9767-60f511bd55e1,RB,Running Back,period_1_2_rush_rec_tds,,0.5,0.5
Bhayshul Tuten,b49b653c-dc7c-516e-b1c2-da1b30d1b1a6,RB,Running Back,rush_rec_tds,,0.5,0.5
Bhayshul Tuten,b49b653c-dc7c-516e-b1c2-da1b30d1b1a6,RB,Running Back,rushing_yds,,51.5,51.5
Bhayshul Tuten,b49b653c-dc7c-516e-b1c2-da1b30d1b1a6,RB,Running Back,rush_rec_yds,,63.5,63.5
Bhayshul Tuten,b49b653c-dc7c-516e-b1c2-da1b30d1b1a6,RB,Running Back,receiving_yds,,11.5,11.5
Bhayshul Tuten,b49b653c-dc7c-516e-b1c2-da1b30d1b1a6,RB,Running Back,receiving_rec,,1.5,1.5
Bhayshul Tuten,b49b653c-dc7c-516e-b1c2-da1b30d1b1a6,RB,Running Back,rushing_att,,12.5,12.5
Bhayshul Tuten,b49b653c-dc7c-516e-b1c2-da1b30d1b1a6,RB,Running Back,receiving_tgts,,5.5,5.5
Bhayshul Tuten,b49b653c-dc7c-516e-b1c2-da1b30d1b1a6,RB,Running Back,receiving_tgts,,6.5,6.5
Bhayshul Tuten,b49b653c-dc7c-516e-b1c2-da1b30d1b1a6,RB,Running Back,receiving_tgts,,4.5,4.5
Bhayshul Tuten,b49b653c-dc7c-516e-b1c2-da1b30d1b1a6,RB,Running Back,receiving_tgts,,2.5,2.5
Bhayshul Tuten,b49b653c-dc7c-516e-b1c2-da1b30d1b1a6,RB,Running Back,receiving_tgts,,3.5,3.5
Bhayshul Tuten,b49b653c-dc7c-516e-b1c2-da1b30d1b1a6,RB,Running Back,receiving_long,,8.5,8.5
Bhayshul Tuten,b49b653c-dc7c-516e-b1c2-da1b30d1b1a6,RB,Running Back,rushing_long,,12.5,12.5
Bhayshul Tuten,b49b653c-dc7c-516e-b1c2-da1b30d1b1a6,RB,Running Back,period_first_touchdown_scored,,0.5,0.5
Bhayshul Tuten,b49b653c-dc7c-516e-b1c2-da1b30d1b1a6,RB,Running Back,last_touchdown_scored,,0.5,0.5
Bhayshul Tuten,b49b653c-dc7c-516e-b1c2-da1b30d1b1a6,RB,Running Back,fantasy_points,,13.15,13.15
Bhayshul Tuten,b49b653c-dc7c-516e-b1c2-da1b30d1b1a6,RB,Running Back,fantasy_points,,17.15,17.15
Bhayshul Tuten,b49b653c-dc7c-516e-b1c2-da1b30d1b1a6,RB,Running Back,fantasy_points,,9.15,9.15
Bhayshul Tuten,b49b653c-dc7c-516e-b1c2-da1b30d1b1a6,RB,Running Back,period_1_rush_rec_tds,,0.5,0.5
Bhayshul Tuten,b49b653c-dc7c-516e-b1c2-da1b30d1b1a6,RB,Running Back,period_1_receiving_yds,,0.5,0.5
Bhayshul Tuten,b49b653c-dc7c-516e-b1c2-da1b30d1b1a6,RB,Running Back,period_1_receiving_rec,,0.5,0.5
Bhayshul Tuten,b49b653c-dc7c-516e-b1c2-da1b30d1b1a6,RB,Running Back,period_1_rushing_yds,,9.5,9.5
Bhayshul Tuten,b49b653c-dc7c-516e-b1c2-da1b30d1b1a6,RB,Running Back,period_1_2_rush_rec_tds,,0.5,0.5
Bhayshul Tuten,b49b653c-dc7c-516e-b1c2-da1b30d1b1a6,RB,Running Back,period_1_2_receiving_yds,,4.5,4.5
Bhayshul Tuten,b49b653c-dc7c-516e-b1c2-da1b30d1b1a6,RB,Running Back,period_1_2_rushing_yds,,21.5,21.5
Bhayshul Tuten,b49b653c-dc7c-516e-b1c2-da1b30d1b1a6,RB,Running Back,25_rush_yds_each_half,,0.5,0.5
Bhayshul Tuten,b49b653c-dc7c-516e-b1c2-da1b30d1b1a6,RB,Running Back,period_1_2_receiving_rec,,0.5,0.5
Bhayshul Tuten,b49b653c-dc7c-516e-b1c2-da1b30d1b1a6,RB,Running Back,50_rush_yds_each_half,,0.5,0.5
Bhayshul Tuten,b49b653c-dc7c-516e-b1c2-da1b30d1b1a6,RB,Running Back,game_high_rushing_yards,,0.5,0.5
Bhayshul Tuten,b49b653c-dc7c-516e-b1c2-da1b30d1b1a6,RB,Running Back,fumbles_lost,,0.5,0.5
Parker Washington,b49b653c-dc7c-516e-b1c2-da1b30d1b1a6,WR,Wide Receiver,rush_rec_tds,,0.5,0.5
Parker Washington,b49b653c-dc7c-516e-b1c2-da1b30d1b1a6,WR,Wide Receiver,receiving_yds,,51.5,51.5
Parker Washington,b49b653c-dc7c-516e-b1c2-da1b30d1b1a6,WR,Wide Receiver,rush_rec_yds,,52.5,52.5
Parker Washington,b49b653c-dc7c-516e-b1c2-da1b30d1b1a6,WR,Wide Receiver,receiving_rec,,3.5,3.5
Parker Washington,b49b653c-dc7c-516e-b1c2-da1b30d1b1a6,WR,Wide Receiver,receiving_tgts,,6.5,6.5
Parker Washington,b49b653c-dc7c-516e-b1c2-da1b30d1b1a6,WR,Wide Receiver,receiving_tgts,,7.5,7.5
Parker Washington,b49b653c-dc7c-516e-b1c2-da1b30d1b1a6,WR,Wide Receiver,receiving_tgts,,8.5,8.5
Parker Washington,b49b653c-dc7c-516e-b1c2-da1b30d1b1a6,WR,Wide Receiver,receiving_tgts,,10.5,10.5
Parker Washington,b49b653c-dc7c-516e-b1c2-da1b30d1b1a6,WR,Wide Receiver,receiving_tgts,,11.5,11.5
Parker Washington,b49b653c-dc7c-516e-b1c2-da1b30d1b1a6,WR,Wide Receiver,receiving_tgts,,9.5,9.5
Parker Washington,b49b653c-dc7c-516e-b1c2-da1b30d1b1a6,WR,Wide Receiver,receiving_long,,20.5,20.5
Parker Washington,b49b653c-dc7c-516e-b1c2-da1b30d1b1a6,WR,Wide Receiver,period_first_touchdown_scored,,0.5,0.5
Parker Washington,b49b653c-dc7c-516e-b1c2-da1b30d1b1a6,WR,Wide Receiver,fantasy_points,,16.55,16.55
Parker Washington,b49b653c-dc7c-516e-b1c2-da1b30d1b1a6,WR,Wide Receiver,fantasy_points,,8.55,8.55
Parker Washington,b49b653c-dc7c-516e-b1c2-da1b30d1b1a6,WR,Wide Receiver,fantasy_points,,12.55,12.55
Parker Washington,b49b653c-dc7c-516e-b1c2-da1b30d1b1a6,WR,Wide Receiver,period_1_rush_rec_tds,,0.5,0.5
Parker Washington,b49b653c-dc7c-516e-b1c2-da1b30d1b1a6,WR,Wide Receiver,period_1_receiving_yds,,8.5,8.5
Parker Washington,b49b653c-dc7c-516e-b1c2-da1b30d1b1a6,WR,Wide Receiver,period_1_receiving_rec,,0.5,0.5
Parker Washington,b49b653c-dc7c-516e-b1c2-da1b30d1b1a6,WR,Wide Receiver,period_1_2_rush_rec_tds,,0.5,0.5
Parker Washington,b49b653c-dc7c-516e-b1c2-da1b30d1b1a6,WR,Wide Receiver,period_1_2_receiving_yds,,25.5,25.5
Parker Washington,b49b653c-dc7c-516e-b1c2-da1b30d1b1a6,WR,Wide Receiver,25_rec_yds_each_half,,0.5,0.5
Parker Washington,b49b653c-dc7c-516e-b1c2-da1b30d1b1a6,WR,Wide Receiver,50_rec_yds_each_half,,0.5,0.5
Parker Washington,b49b653c-dc7c-516e-b1c2-da1b30d1b1a6,WR,Wide Receiver,period_1_2_receiving_rec,,2.5,2.5
Parker Washington,b49b653c-dc7c-516e-b1c2-da1b30d1b1a6,WR,Wide Receiver,game_high_receiving_yards,,0.5,0.5
Parker Washington,b49b653c-dc7c-516e-b1c2-da1b30d1b1a6,WR,Wide Receiver,fumbles_lost,,0.5,0.5
Harold Fannin,338ae7df-02ad-5a94-9767-60f511bd55e1,TE,Tight End,rush_rec_tds,,0.5,0.5
Harold Fannin,338ae7df-02ad-5a94-9767-60f511bd55e1,TE,Tight End,receiving_yds,,35.5,35.5
Harold Fannin,338ae7df-02ad-5a94-9767-60f511bd55e1,TE,Tight End,receiving_rec,,4.5,4.5
Harold Fannin,338ae7df-02ad-5a94-9767-60f511bd55e1,TE,Tight End,receiving_tgts,,9.5,9.5
Harold Fannin,338ae7df-02ad-5a94-9767-60f511bd55e1,TE,Tight End,receiving_tgts,,7.5,7.5
Harold Fannin,338ae7df-02ad-5a94-9767-60f511bd55e1,TE,Tight End,receiving_tgts,,10.5,10.5
Harold Fannin,338ae7df-02ad-5a94-9767-60f511bd55e1,TE,Tight End,receiving_tgts,,5.5,5.5
Harold Fannin,338ae7df-02ad-5a94-9767-60f511bd55e1,TE,Tight End,receiving_tgts,,8.5,8.5
Harold Fannin,338ae7df-02ad-5a94-9767-60f511bd55e1,TE,Tight End,receiving_tgts,,6.5,6.5
Harold Fannin,338ae7df-02ad-5a94-9767-60f511bd55e1,TE,Tight End,receiving_long,,14.5,14.5
Harold Fannin,338ae7df-02ad-5a94-9767-60f511bd55e1,TE,Tight End,period_first_touchdown_scored,,0.5,0.5
Harold Fannin,338ae7df-02ad-5a94-9767-60f511bd55e1,TE,Tight End,fantasy_points,,5.95,5.95
Harold Fannin,338ae7df-02ad-5a94-9767-60f511bd55e1,TE,Tight End,period_1_rush_rec_tds,,0.5,0.5
Harold Fannin,338ae7df-02ad-5a94-9767-60f511bd55e1,TE,Tight End,period_1_receiving_yds,,3.5,3.5
Harold Fannin,338ae7df-02ad-5a94-9767-60f511bd55e1,TE,Tight End,period_1_receiving_rec,,0.5,0.5
Harold Fannin,338ae7df-02ad-5a94-9767-60f511bd55e1,TE,Tight End,period_1_2_rush_rec_tds,,0.5,0.5
Harold Fannin,338ae7df-02ad-5a94-9767-60f511bd55e1,TE,Tight End,period_1_2_receiving_yds,,14.5,14.5
Harold Fannin,338ae7df-02ad-5a94-9767-60f511bd55e1,TE,Tight End,25_rec_yds_each_half,,0.5,0.5
Harold Fannin,338ae7df-02ad-5a94-9767-60f511bd55e1,TE,Tight End,period_1_2_receiving_rec,,1.5,1.5
Harold Fannin,338ae7df-02ad-5a94-9767-60f511bd55e1,TE,Tight End,game_high_receiving_yards,,0.5,0.5
Isaiah Bond,338ae7df-02ad-5a94-9767-60f511bd55e1,WR,Wide Receiver,rush_rec_tds,,0.5,0.5
Blake Whiteheart,338ae7df-02ad-5a94-9767-60f511bd55e1,TE,Tight End,rush_rec_tds,,0.5,0.5
Deshaun Watson,338ae7df-02ad-5a94-9767-60f511bd55e1,QB,Quarterback,rush_rec_tds,,0.5,0.5
Nate Boerkircher,b49b653c-dc7c-516e-b1c2-da1b30d1b1a6,TE,Tight End,rush_rec_tds,,0.5,0.5
Denzel Boston,338ae7df-02ad-5a94-9767-60f511bd55e1,WR,Wide Receiver,rush_rec_tds,,0.5,0.5
KC Concepcion,338ae7df-02ad-5a94-9767-60f511bd55e1,WR,Wide Receiver,rush_rec_tds,,0.5,0.5
Josh Cameron,b49b653c-dc7c-516e-b1c2-da1b30d1b1a6,WR,Wide Receiver,rush_rec_tds,,0.5,0.5
Tanner Koziol,b49b653c-dc7c-516e-b1c2-da1b30d1b1a6,TE,Tight End,rush_rec_tds,,0.5,0.5
Ameer Abdullah,b49b653c-dc7c-516e-b1c2-da1b30d1b1a6,RB,Running Back,rush_rec_tds,,0.5,0.5
Deshaun Watson,338ae7df-02ad-5a94-9767-60f511bd55e1,QB,Quarterback,rushing_yds,,17.5,17.5
Deshaun Watson,338ae7df-02ad-5a94-9767-60f511bd55e1,QB,Quarterback,passing_yds,,178.5,178.5
KC Concepcion,338ae7df-02ad-5a94-9767-60f511bd55e1,WR,Wide Receiver,receiving_yds,,33.5,33.5
Deshaun Watson,338ae7df-02ad-5a94-9767-60f511bd55e1,QB,Quarterback,passing_tds,,0.5,0.5
Denzel Boston,338ae7df-02ad-5a94-9767-60f511bd55e1,WR,Wide Receiver,receiving_yds,,23.5,23.5
KC Concepcion,338ae7df-02ad-5a94-9767-60f511bd55e1,WR,Wide Receiver,receiving_rec,,3.5,3.5
Denzel Boston,338ae7df-02ad-5a94-9767-60f511bd55e1,WR,Wide Receiver,receiving_rec,,2.5,2.5
Deshaun Watson,338ae7df-02ad-5a94-9767-60f511bd55e1,QB,Quarterback,rushing_att,,4.5,4.5
Deshaun Watson,338ae7df-02ad-5a94-9767-60f511bd55e1,QB,Quarterback,period_1_passing_yds,,31.5,31.5
Deshaun Watson,338ae7df-02ad-5a94-9767-60f511bd55e1,QB,Quarterback,passing_and_rushing_yds,,197.5,197.5
Deshaun Watson,338ae7df-02ad-5a94-9767-60f511bd55e1,QB,Quarterback,passing_comps,,17.5,17.5
Deshaun Watson,338ae7df-02ad-5a94-9767-60f511bd55e1,QB,Quarterback,passing_ints,,0.5,0.5
Denzel Boston,338ae7df-02ad-5a94-9767-60f511bd55e1,WR,Wide Receiver,receiving_tgts,,7.5,7.5
Denzel Boston,338ae7df-02ad-5a94-9767-60f511bd55e1,WR,Wide Receiver,receiving_tgts,,5.5,5.5
KC Concepcion,338ae7df-02ad-5a94-9767-60f511bd55e1,WR,Wide Receiver,receiving_tgts,,8.5,8.5
Denzel Boston,338ae7df-02ad-5a94-9767-60f511bd55e1,WR,Wide Receiver,receiving_tgts,,8.5,8.5
KC Concepcion,338ae7df-02ad-5a94-9767-60f511bd55e1,WR,Wide Receiver,receiving_tgts,,4.5,4.5
KC Concepcion,338ae7df-02ad-5a94-9767-60f511bd55e1,WR,Wide Receiver,receiving_tgts,,5.5,5.5
KC Concepcion,338ae7df-02ad-5a94-9767-60f511bd55e1,WR,Wide Receiver,receiving_tgts,,9.5,9.5
KC Concepcion,338ae7df-02ad-5a94-9767-60f511bd55e1,WR,Wide Receiver,receiving_tgts,,7.5,7.5
Denzel Boston,338ae7df-02ad-5a94-9767-60f511bd55e1,WR,Wide Receiver,receiving_tgts,,3.5,3.5
KC Concepcion,338ae7df-02ad-5a94-9767-60f511bd55e1,WR,Wide Receiver,receiving_tgts,,6.5,6.5
Denzel Boston,338ae7df-02ad-5a94-9767-60f511bd55e1,WR,Wide Receiver,receiving_tgts,,4.5,4.5
Denzel Boston,338ae7df-02ad-5a94-9767-60f511bd55e1,WR,Wide Receiver,receiving_tgts,,6.5,6.5
Denzel Boston,338ae7df-02ad-5a94-9767-60f511bd55e1,WR,Wide Receiver,receiving_long,,12.5,12.5
KC Concepcion,338ae7df-02ad-5a94-9767-60f511bd55e1,WR,Wide Receiver,receiving_long,,16.5,16.5
Deshaun Watson,338ae7df-02ad-5a94-9767-60f511bd55e1,QB,Quarterback,rushing_long,,8.5,8.5
Deshaun Watson,338ae7df-02ad-5a94-9767-60f511bd55e1,QB,Quarterback,passing_long,,31.5,31.5
Deshaun Watson,338ae7df-02ad-5a94-9767-60f511bd55e1,QB,Quarterback,period_first_touchdown_scored,,0.5,0.5
Denzel Boston,338ae7df-02ad-5a94-9767-60f511bd55e1,WR,Wide Receiver,period_first_touchdown_scored,,0.5,0.5
KC Concepcion,338ae7df-02ad-5a94-9767-60f511bd55e1,WR,Wide Receiver,period_first_touchdown_scored,,0.5,0.5
Cam Little,b49b653c-dc7c-516e-b1c2-da1b30d1b1a6,K,Kicker,field_goals_made,,1.5,1.5
Andre Szmyt,338ae7df-02ad-5a94-9767-60f511bd55e1,K,Kicker,field_goals_made,,1.5,1.5
Cam Little,b49b653c-dc7c-516e-b1c2-da1b30d1b1a6,K,Kicker,extra_points_made,,2.5,2.5
Cam Little,b49b653c-dc7c-516e-b1c2-da1b30d1b1a6,K,Kicker,kicking_points,,7.5,7.5
Andre Szmyt,338ae7df-02ad-5a94-9767-60f511bd55e1,K,Kicker,extra_points_made,,1.5,1.5
Andre Szmyt,338ae7df-02ad-5a94-9767-60f511bd55e1,K,Kicker,kicking_points,,4.5,4.5
Deshaun Watson,338ae7df-02ad-5a94-9767-60f511bd55e1,QB,Quarterback,fantasy_points,,11.65,11.65
Deshaun Watson,338ae7df-02ad-5a94-9767-60f511bd55e1,QB,Quarterback,fantasy_points,,15.65,15.65
Deshaun Watson,338ae7df-02ad-5a94-9767-60f511bd55e1,QB,Quarterback,fantasy_points,,19.65,19.65
KC Concepcion,338ae7df-02ad-5a94-9767-60f511bd55e1,WR,Wide Receiver,fantasy_points,,5.25,5.25
KC Concepcion,338ae7df-02ad-5a94-9767-60f511bd55e1,WR,Wide Receiver,period_1_rush_rec_tds,,0.5,0.5
Denzel Boston,338ae7df-02ad-5a94-9767-60f511bd55e1,WR,Wide Receiver,period_1_rush_rec_tds,,0.5,0.5
Deshaun Watson,338ae7df-02ad-5a94-9767-60f511bd55e1,QB,Quarterback,period_1_rush_rec_tds,,0.5,0.5
Deshaun Watson,338ae7df-02ad-5a94-9767-60f511bd55e1,QB,Quarterback,period_1_passing_tds,,0.5,0.5
Denzel Boston,338ae7df-02ad-5a94-9767-60f511bd55e1,WR,Wide Receiver,period_1_receiving_yds,,0.5,0.5
KC Concepcion,338ae7df-02ad-5a94-9767-60f511bd55e1,WR,Wide Receiver,period_1_receiving_yds,,0.5,0.5
KC Concepcion,338ae7df-02ad-5a94-9767-60f511bd55e1,WR,Wide Receiver,period_1_receiving_rec,,0.5,0.5
Denzel Boston,338ae7df-02ad-5a94-9767-60f511bd55e1,WR,Wide Receiver,period_1_receiving_rec,,0.5,0.5
Deshaun Watson,338ae7df-02ad-5a94-9767-60f511bd55e1,QB,Quarterback,period_1_rushing_yds,,0.5,0.5
Tyson Campbell,338ae7df-02ad-5a94-9767-60f511bd55e1,CB,Cornerback,defensive_ints,,0.5,0.5
Jourdan Lewis,b49b653c-dc7c-516e-b1c2-da1b30d1b1a6,CB,Cornerback,defensive_ints,,0.5,0.5
KC Concepcion,338ae7df-02ad-5a94-9767-60f511bd55e1,WR,Wide Receiver,period_1_2_rush_rec_tds,,0.5,0.5
Deshaun Watson,338ae7df-02ad-5a94-9767-60f511bd55e1,QB,Quarterback,period_1_2_rush_rec_tds,,0.5,0.5
Jarrian Jones,b49b653c-dc7c-516e-b1c2-da1b30d1b1a6,CB,Cornerback,defensive_ints,,0.5,0.5
Nate Boerkircher,b49b653c-dc7c-516e-b1c2-da1b30d1b1a6,TE,Tight End,period_1_2_rush_rec_tds,,0.5,0.5
Ameer Abdullah,b49b653c-dc7c-516e-b1c2-da1b30d1b1a6,RB,Running Back,period_1_2_rush_rec_tds,,0.5,0.5
Eric Murray,b49b653c-dc7c-516e-b1c2-da1b30d1b1a6,SAF,Safety,defensive_ints,,0.5,0.5
Ronnie Hickman,338ae7df-02ad-5a94-9767-60f511bd55e1,SAF,Safety,defensive_ints,,0.5,0.5
Denzel Boston,338ae7df-02ad-5a94-9767-60f511bd55e1,WR,Wide Receiver,period_1_2_rush_rec_tds,,0.5,0.5
Grant Delpit,338ae7df-02ad-5a94-9767-60f511bd55e1,SAF,Safety,defensive_ints,,0.5,0.5
Carson Schwesinger,338ae7df-02ad-5a94-9767-60f511bd55e1,LB,Linebacker,defensive_ints,,0.5,0.5
Antonio Johnson,b49b653c-dc7c-516e-b1c2-da1b30d1b1a6,SAF,Safety,defensive_ints,,0.5,0.5
Denzel Ward,338ae7df-02ad-5a94-9767-60f511bd55e1,CB,Cornerback,defensive_ints,,0.5,0.5
Foyesade Oluokun,b49b653c-dc7c-516e-b1c2-da1b30d1b1a6,LB,Linebacker,defensive_ints,,0.5,0.5
Montaric Brown,b49b653c-dc7c-516e-b1c2-da1b30d1b1a6,CB,Cornerback,defensive_ints,,0.5,0.5
Deshaun Watson,338ae7df-02ad-5a94-9767-60f511bd55e1,QB,Quarterback,period_1_2_passing_yds,,78.5,78.5
KC Concepcion,338ae7df-02ad-5a94-9767-60f511bd55e1,WR,Wide Receiver,period_1_2_receiving_yds,,11.5,11.5
KC Concepcion,338ae7df-02ad-5a94-9767-60f511bd55e1,WR,Wide Receiver,25_rec_yds_each_half,,0.5,0.5
Denzel Boston,338ae7df-02ad-5a94-9767-60f511bd55e1,WR,Wide Receiver,period_1_2_receiving_yds,,6.5,6.5
Denzel Boston,338ae7df-02ad-5a94-9767-60f511bd55e1,WR,Wide Receiver,25_rec_yds_each_half,,0.5,0.5
Deshaun Watson,338ae7df-02ad-5a94-9767-60f511bd55e1,QB,Quarterback,period_1_2_rushing_yds,,6.5,6.5
KC Concepcion,338ae7df-02ad-5a94-9767-60f511bd55e1,WR,Wide Receiver,period_1_2_receiving_rec,,1.5,1.5
Denzel Boston,338ae7df-02ad-5a94-9767-60f511bd55e1,WR,Wide Receiver,period_1_2_receiving_rec,,0.5,0.5
Deshaun Watson,338ae7df-02ad-5a94-9767-60f511bd55e1,QB,Quarterback,period_1_2_passing_tds,,0.5,0.5
Deshaun Watson,338ae7df-02ad-5a94-9767-60f511bd55e1,QB,Quarterback,25_pass_yds_each_quarter,,0.5,0.5
Deshaun Watson,338ae7df-02ad-5a94-9767-60f511bd55e1,QB,Quarterback,100_pass_yds_each_half,,0.5,0.5
Deshaun Watson,338ae7df-02ad-5a94-9767-60f511bd55e1,QB,Quarterback,game_high_passing_yards,,0.5,0.5
KC Concepcion,338ae7df-02ad-5a94-9767-60f511bd55e1,WR,Wide Receiver,game_high_receiving_yards,,0.5,0.5
Denzel Boston,338ae7df-02ad-5a94-9767-60f511bd55e1,WR,Wide Receiver,game_high_receiving_yards,,0.5,0.5
Deshaun Watson,338ae7df-02ad-5a94-9767-60f511bd55e1,QB,Quarterback,game_high_rushing_yards,,0.5,0.5
KC Concepcion,338ae7df-02ad-5a94-9767-60f511bd55e1,WR,Wide Receiver,fumbles_lost,,0.5,0.5
Deshaun Watson,338ae7df-02ad-5a94-9767-60f511bd55e1,QB,Quarterback,fumbles_lost,,0.5,0.5
Geno Smith,516ded41-e882-5175-9a00-d0b4c028eb74,QB,Quarterback,rush_rec_tds,,0.5,0.5
Geno Smith,516ded41-e882-5175-9a00-d0b4c028eb74,QB,Quarterback,passing_yds,,204.5,204.5
Geno Smith,516ded41-e882-5175-9a00-d0b4c028eb74,QB,Quarterback,rushing_yds,,6.5,6.5
Geno Smith,516ded41-e882-5175-9a00-d0b4c028eb74,QB,Quarterback,passing_tds,,0.5,0.5
Geno Smith,516ded41-e882-5175-9a00-d0b4c028eb74,QB,Quarterback,rushing_att,,2.5,2.5
Geno Smith,516ded41-e882-5175-9a00-d0b4c028eb74,QB,Quarterback,period_1_passing_yds,,41.5,41.5
Geno Smith,516ded41-e882-5175-9a00-d0b4c028eb74,QB,Quarterback,passing_and_rushing_yds,,213.5,213.5
Geno Smith,516ded41-e882-5175-9a00-d0b4c028eb74,QB,Quarterback,passing_comps,,20.5,20.5
Geno Smith,516ded41-e882-5175-9a00-d0b4c028eb74,QB,Quarterback,passing_att,,30.5,30.5
Geno Smith,516ded41-e882-5175-9a00-d0b4c028eb74,QB,Quarterback,passing_ints,,0.5,0.5
Geno Smith,516ded41-e882-5175-9a00-d0b4c028eb74,QB,Quarterback,passing_long,,32.5,32.5
Geno Smith,516ded41-e882-5175-9a00-d0b4c028eb74,QB,Quarterback,rushing_long,,4.5,4.5
Geno Smith,516ded41-e882-5175-9a00-d0b4c028eb74,QB,Quarterback,fantasy_points,,12.95,12.95
Geno Smith,516ded41-e882-5175-9a00-d0b4c028eb74,QB,Quarterback,fantasy_points,,16.95,16.95
Geno Smith,516ded41-e882-5175-9a00-d0b4c028eb74,QB,Quarterback,fantasy_points,,20.95,20.95
Geno Smith,516ded41-e882-5175-9a00-d0b4c028eb74,QB,Quarterback,period_1_passing_tds,,0.5,0.5
Geno Smith,516ded41-e882-5175-9a00-d0b4c028eb74,QB,Quarterback,period_1_rushing_yds,,0.5,0.5
Geno Smith,516ded41-e882-5175-9a00-d0b4c028eb74,QB,Quarterback,period_1_2_rush_rec_tds,,0.5,0.5
Geno Smith,516ded41-e882-5175-9a00-d0b4c028eb74,QB,Quarterback,period_1_2_passing_yds,,99.5,99.5
Geno Smith,516ded41-e882-5175-9a00-d0b4c028eb74,QB,Quarterback,period_1_2_rushing_yds,,1.5,1.5
Geno Smith,516ded41-e882-5175-9a00-d0b4c028eb74,QB,Quarterback,period_1_2_passing_tds,,0.5,0.5
Geno Smith,516ded41-e882-5175-9a00-d0b4c028eb74,QB,Quarterback,100_pass_yds_each_half,,0.5,0.5
Geno Smith,516ded41-e882-5175-9a00-d0b4c028eb74,QB,Quarterback,25_pass_yds_each_quarter,,0.5,0.5
Geno Smith,516ded41-e882-5175-9a00-d0b4c028eb74,QB,Quarterback,50_pass_yds_each_quarter,,0.5,0.5
Geno Smith,516ded41-e882-5175-9a00-d0b4c028eb74,QB,Quarterback,game_high_passing_yards,,0.5,0.5
Geno Smith,516ded41-e882-5175-9a00-d0b4c028eb74,QB,Quarterback,fumbles_lost,,0.5,0.5
Breece Hall,516ded41-e882-5175-9a00-d0b4c028eb74,RB,Running Back,rush_rec_tds,,0.5,0.5
Breece Hall,516ded41-e882-5175-9a00-d0b4c028eb74,RB,Running Back,rushing_yds,,64.5,64.5
Breece Hall,516ded41-e882-5175-9a00-d0b4c028eb74,RB,Running Back,rush_rec_yds,,85.5,85.5
Breece Hall,516ded41-e882-5175-9a00-d0b4c028eb74,RB,Running Back,receiving_yds,,18.5,18.5
Breece Hall,516ded41-e882-5175-9a00-d0b4c028eb74,RB,Running Back,receiving_rec,,2.5,2.5
Breece Hall,516ded41-e882-5175-9a00-d0b4c028eb74,RB,Running Back,rushing_att,,16.5,16.5
Breece Hall,516ded41-e882-5175-9a00-d0b4c028eb74,RB,Running Back,receiving_tgts,,2.5,2.5
Breece Hall,516ded41-e882-5175-9a00-d0b4c028eb74,RB,Running Back,receiving_tgts,,5.5,5.5
Breece Hall,516ded41-e882-5175-9a00-d0b4c028eb74,RB,Running Back,receiving_tgts,,3.5,3.5
Breece Hall,516ded41-e882-5175-9a00-d0b4c028eb74,RB,Running Back,receiving_tgts,,4.5,4.5
Breece Hall,516ded41-e882-5175-9a00-d0b4c028eb74,RB,Running Back,receiving_tgts,,7.5,7.5
Breece Hall,516ded41-e882-5175-9a00-d0b4c028eb74,RB,Running Back,receiving_tgts,,6.5,6.5
Breece Hall,516ded41-e882-5175-9a00-d0b4c028eb74,RB,Running Back,receiving_long,,11.5,11.5
Breece Hall,516ded41-e882-5175-9a00-d0b4c028eb74,RB,Running Back,rushing_long,,14.5,14.5
Breece Hall,516ded41-e882-5175-9a00-d0b4c028eb74,RB,Running Back,period_first_touchdown_scored,,0.5,0.5
Breece Hall,516ded41-e882-5175-9a00-d0b4c028eb74,RB,Running Back,last_touchdown_scored,,0.5,0.5
Breece Hall,516ded41-e882-5175-9a00-d0b4c028eb74,RB,Running Back,fantasy_points,,16.95,16.95
Breece Hall,516ded41-e882-5175-9a00-d0b4c028eb74,RB,Running Back,fantasy_points,,12.95,12.95
Breece Hall,516ded41-e882-5175-9a00-d0b4c028eb74,RB,Running Back,fantasy_points,,20.95,20.95
Breece Hall,516ded41-e882-5175-9a00-d0b4c028eb74,RB,Running Back,period_1_rush_rec_tds,,0.5,0.5
Breece Hall,516ded41-e882-5175-9a00-d0b4c028eb74,RB,Running Back,period_1_receiving_yds,,0.5,0.5
Breece Hall,516ded41-e882-5175-9a00-d0b4c028eb74,RB,Running Back,period_1_receiving_rec,,0.5,0.5
Breece Hall,516ded41-e882-5175-9a00-d0b4c028eb74,RB,Running Back,period_1_rushing_yds,,14.5,14.5
Breece Hall,516ded41-e882-5175-9a00-d0b4c028eb74,RB,Running Back,period_1_2_rush_rec_tds,,0.5,0.5
Breece Hall,516ded41-e882-5175-9a00-d0b4c028eb74,RB,Running Back,period_1_2_receiving_yds,,7.5,7.5
Breece Hall,516ded41-e882-5175-9a00-d0b4c028eb74,RB,Running Back,25_rush_yds_each_half,,0.5,0.5
Breece Hall,516ded41-e882-5175-9a00-d0b4c028eb74,RB,Running Back,period_1_2_rushing_yds,,31.5,31.5
Breece Hall,516ded41-e882-5175-9a00-d0b4c028eb74,RB,Running Back,period_1_2_receiving_rec,,1.5,1.5
Breece Hall,516ded41-e882-5175-9a00-d0b4c028eb74,RB,Running Back,50_rush_yds_each_half,,0.5,0.5
Breece Hall,516ded41-e882-5175-9a00-d0b4c028eb74,RB,Running Back,game_high_rushing_yards,,0.5,0.5
Breece Hall,516ded41-e882-5175-9a00-d0b4c028eb74,RB,Running Back,fumbles_lost,,0.5,0.5
Tony Pollard,f96aa8db-21c2-5b86-b49d-7e64b4eda61d,RB,Running Back,rush_rec_tds,,0.5,0.5
Tony Pollard,f96aa8db-21c2-5b86-b49d-7e64b4eda61d,RB,Running Back,rushing_yds,,54.5,54.5
Tony Pollard,f96aa8db-21c2-5b86-b49d-7e64b4eda61d,RB,Running Back,rush_rec_yds,,63.5,63.5
Tony Pollard,f96aa8db-21c2-5b86-b49d-7e64b4eda61d,RB,Running Back,receiving_yds,,7.5,7.5
Tony Pollard,f96aa8db-21c2-5b86-b49d-7e64b4eda61d,RB,Running Back,receiving_rec,,1.5,1.5
Tony Pollard,f96aa8db-21c2-5b86-b49d-7e64b4eda61d,RB,Running Back,rushing_att,,14.5,14.5
Tony Pollard,f96aa8db-21c2-5b86-b49d-7e64b4eda61d,RB,Running Back,receiving_tgts,,3.5,3.5
Tony Pollard,f96aa8db-21c2-5b86-b49d-7e64b4eda61d,RB,Running Back,receiving_tgts,,1.5,1.5
Tony Pollard,f96aa8db-21c2-5b86-b49d-7e64b4eda61d,RB,Running Back,receiving_tgts,,5.5,5.5
Tony Pollard,f96aa8db-21c2-5b86-b49d-7e64b4eda61d,RB,Running Back,receiving_tgts,,2.5,2.5
Tony Pollard,f96aa8db-21c2-5b86-b49d-7e64b4eda61d,RB,Running Back,receiving_tgts,,4.5,4.5
Tony Pollard,f96aa8db-21c2-5b86-b49d-7e64b4eda61d,RB,Running Back,receiving_long,,6.5,6.5
Tony Pollard,f96aa8db-21c2-5b86-b49d-7e64b4eda61d,RB,Running Back,rushing_long,,12.5,12.5
Tony Pollard,f96aa8db-21c2-5b86-b49d-7e64b4eda61d,RB,Running Back,period_first_touchdown_scored,,0.5,0.5
Tony Pollard,f96aa8db-21c2-5b86-b49d-7e64b4eda61d,RB,Running Back,last_touchdown_scored,,0.5,0.5
Tony Pollard,f96aa8db-21c2-5b86-b49d-7e64b4eda61d,RB,Running Back,fantasy_points,,9.15,9.15
Tony Pollard,f96aa8db-21c2-5b86-b49d-7e64b4eda61d,RB,Running Back,fantasy_points,,17.15,17.15
Tony Pollard,f96aa8db-21c2-5b86-b49d-7e64b4eda61d,RB,Running Back,fantasy_points,,13.15,13.15
Tony Pollard,f96aa8db-21c2-5b86-b49d-7e64b4eda61d,RB,Running Back,period_1_rush_rec_tds,,0.5,0.5
Tony Pollard,f96aa8db-21c2-5b86-b49d-7e64b4eda61d,RB,Running Back,period_1_receiving_yds,,0.5,0.5
Tony Pollard,f96aa8db-21c2-5b86-b49d-7e64b4eda61d,RB,Running Back,period_1_receiving_rec,,0.5,0.5
Tony Pollard,f96aa8db-21c2-5b86-b49d-7e64b4eda61d,RB,Running Back,period_1_rushing_yds,,11.5,11.5
Tony Pollard,f96aa8db-21c2-5b86-b49d-7e64b4eda61d,RB,Running Back,period_1_2_rush_rec_tds,,0.5,0.5
Tony Pollard,f96aa8db-21c2-5b86-b49d-7e64b4eda61d,RB,Running Back,period_1_2_receiving_yds,,0.5,0.5
Tony Pollard,f96aa8db-21c2-5b86-b49d-7e64b4eda61d,RB,Running Back,25_rush_yds_each_half,,0.5,0.5
Tony Pollard,f96aa8db-21c2-5b86-b49d-7e64b4eda61d,RB,Running Back,period_1_2_rushing_yds,,24.5,24.5
Tony Pollard,f96aa8db-21c2-5b86-b49d-7e64b4eda61d,RB,Running Back,period_1_2_receiving_rec,,0.5,0.5
Tony Pollard,f96aa8db-21c2-5b86-b49d-7e64b4eda61d,RB,Running Back,game_high_rushing_yards,,0.5,0.5
Tony Pollard,f96aa8db-21c2-5b86-b49d-7e64b4eda61d,RB,Running Back,fumbles_lost,,0.5,0.5
Garrett Wilson,516ded41-e882-5175-9a00-d0b4c028eb74,WR,Wide Receiver,rush_rec_tds,,0.5,0.5
Garrett Wilson,516ded41-e882-5175-9a00-d0b4c028eb74,WR,Wide Receiver,receiving_yds,,61.5,61.5
Garrett Wilson,516ded41-e882-5175-9a00-d0b4c028eb74,WR,Wide Receiver,receiving_rec,,5.5,5.5
Garrett Wilson,516ded41-e882-5175-9a00-d0b4c028eb74,WR,Wide Receiver,receiving_tgts,,11.5,11.5
Garrett Wilson,516ded41-e882-5175-9a00-d0b4c028eb74,WR,Wide Receiver,receiving_tgts,,12.5,12.5
Garrett Wilson,516ded41-e882-5175-9a00-d0b4c028eb74,WR,Wide Receiver,receiving_tgts,,10.5,10.5
Garrett Wilson,516ded41-e882-5175-9a00-d0b4c028eb74,WR,Wide Receiver,receiving_tgts,,8.5,8.5
Garrett Wilson,516ded41-e882-5175-9a00-d0b4c028eb74,WR,Wide Receiver,receiving_tgts,,7.5,7.5
Garrett Wilson,516ded41-e882-5175-9a00-d0b4c028eb74,WR,Wide Receiver,receiving_tgts,,9.5,9.5
Garrett Wilson,516ded41-e882-5175-9a00-d0b4c028eb74,WR,Wide Receiver,receiving_long,,19.5,19.5
Garrett Wilson,516ded41-e882-5175-9a00-d0b4c028eb74,WR,Wide Receiver,period_first_touchdown_scored,,0.5,0.5
Garrett Wilson,516ded41-e882-5175-9a00-d0b4c028eb74,WR,Wide Receiver,last_touchdown_scored,,0.5,0.5
Garrett Wilson,516ded41-e882-5175-9a00-d0b4c028eb74,WR,Wide Receiver,fantasy_points,,17.85,17.85
Garrett Wilson,516ded41-e882-5175-9a00-d0b4c028eb74,WR,Wide Receiver,fantasy_points,,13.85,13.85
Garrett Wilson,516ded41-e882-5175-9a00-d0b4c028eb74,WR,Wide Receiver,fantasy_points,,9.85,9.85
Garrett Wilson,516ded41-e882-5175-9a00-d0b4c028eb74,WR,Wide Receiver,period_1_rush_rec_tds,,0.5,0.5
Garrett Wilson,516ded41-e882-5175-9a00-d0b4c028eb74,WR,Wide Receiver,period_1_receiving_yds,,9.5,9.5
Garrett Wilson,516ded41-e882-5175-9a00-d0b4c028eb74,WR,Wide Receiver,period_1_receiving_rec,,1.5,1.5
Garrett Wilson,516ded41-e882-5175-9a00-d0b4c028eb74,WR,Wide Receiver,period_1_2_rush_rec_tds,,0.5,0.5
Garrett Wilson,516ded41-e882-5175-9a00-d0b4c028eb74,WR,Wide Receiver,period_1_2_receiving_yds,,26.5,26.5
Garrett Wilson,516ded41-e882-5175-9a00-d0b4c028eb74,WR,Wide Receiver,25_rec_yds_each_half,,0.5,0.5
Garrett Wilson,516ded41-e882-5175-9a00-d0b4c028eb74,WR,Wide Receiver,50_rec_yds_each_half,,0.5,0.5
Garrett Wilson,516ded41-e882-5175-9a00-d0b4c028eb74,WR,Wide Receiver,period_1_2_receiving_rec,,2.5,2.5
Garrett Wilson,516ded41-e882-5175-9a00-d0b4c028eb74,WR,Wide Receiver,game_high_receiving_yards,,0.5,0.5
Garrett Wilson,516ded41-e882-5175-9a00-d0b4c028eb74,WR,Wide Receiver,fumbles_lost,,0.5,0.5
Calvin Ridley,f96aa8db-21c2-5b86-b49d-7e64b4eda61d,WR,Wide Receiver,rush_rec_tds,,0.5,0.5
Calvin Ridley,f96aa8db-21c2-5b86-b49d-7e64b4eda61d,WR,Wide Receiver,rush_rec_yds,,25.5,25.5
Calvin Ridley,f96aa8db-21c2-5b86-b49d-7e64b4eda61d,WR,Wide Receiver,receiving_yds,,27.5,27.5
Calvin Ridley,f96aa8db-21c2-5b86-b49d-7e64b4eda61d,WR,Wide Receiver,receiving_rec,,2.5,2.5
Calvin Ridley,f96aa8db-21c2-5b86-b49d-7e64b4eda61d,WR,Wide Receiver,receiving_tgts,,3.5,3.5
Calvin Ridley,f96aa8db-21c2-5b86-b49d-7e64b4eda61d,WR,Wide Receiver,receiving_tgts,,4.5,4.5
Calvin Ridley,f96aa8db-21c2-5b86-b49d-7e64b4eda61d,WR,Wide Receiver,receiving_tgts,,5.5,5.5
Calvin Ridley,f96aa8db-21c2-5b86-b49d-7e64b4eda61d,WR,Wide Receiver,receiving_tgts,,6.5,6.5
Calvin Ridley,f96aa8db-21c2-5b86-b49d-7e64b4eda61d,WR,Wide Receiver,receiving_tgts,,7.5,7.5
Calvin Ridley,f96aa8db-21c2-5b86-b49d-7e64b4eda61d,WR,Wide Receiver,receiving_tgts,,2.5,2.5
Calvin Ridley,f96aa8db-21c2-5b86-b49d-7e64b4eda61d,WR,Wide Receiver,receiving_long,,15.5,15.5
Calvin Ridley,f96aa8db-21c2-5b86-b49d-7e64b4eda61d,WR,Wide Receiver,period_first_touchdown_scored,,0.5,0.5
Calvin Ridley,f96aa8db-21c2-5b86-b49d-7e64b4eda61d,WR,Wide Receiver,period_1_rush_rec_tds,,0.5,0.5
Calvin Ridley,f96aa8db-21c2-5b86-b49d-7e64b4eda61d,WR,Wide Receiver,period_1_receiving_yds,,0.5,0.5
Calvin Ridley,f96aa8db-21c2-5b86-b49d-7e64b4eda61d,WR,Wide Receiver,period_1_receiving_rec,,0.5,0.5
Calvin Ridley,f96aa8db-21c2-5b86-b49d-7e64b4eda61d,WR,Wide Receiver,period_1_2_rush_rec_tds,,0.5,0.5
Calvin Ridley,f96aa8db-21c2-5b86-b49d-7e64b4eda61d,WR,Wide Receiver,25_rec_yds_each_half,,0.5,0.5
Calvin Ridley,f96aa8db-21c2-5b86-b49d-7e64b4eda61d,WR,Wide Receiver,period_1_2_receiving_yds,,9.5,9.5
Calvin Ridley,f96aa8db-21c2-5b86-b49d-7e64b4eda61d,WR,Wide Receiver,period_1_2_receiving_rec,,0.5,0.5
Calvin Ridley,f96aa8db-21c2-5b86-b49d-7e64b4eda61d,WR,Wide Receiver,game_high_receiving_yards,,0.5,0.5
Wan'Dale Robinson,f96aa8db-21c2-5b86-b49d-7e64b4eda61d,WR,Wide Receiver,rush_rec_tds,,0.5,0.5
Wan'Dale Robinson,f96aa8db-21c2-5b86-b49d-7e64b4eda61d,WR,Wide Receiver,receiving_yds,,41.5,41.5
Wan'Dale Robinson,f96aa8db-21c2-5b86-b49d-7e64b4eda61d,WR,Wide Receiver,receiving_rec,,4.5,4.5
Wan'Dale Robinson,f96aa8db-21c2-5b86-b49d-7e64b4eda61d,WR,Wide Receiver,receiving_tgts,,7.5,7.5
Wan'Dale Robinson,f96aa8db-21c2-5b86-b49d-7e64b4eda61d,WR,Wide Receiver,receiving_tgts,,9.5,9.5
Wan'Dale Robinson,f96aa8db-21c2-5b86-b49d-7e64b4eda61d,WR,Wide Receiver,receiving_tgts,,6.5,6.5
Wan'Dale Robinson,f96aa8db-21c2-5b86-b49d-7e64b4eda61d,WR,Wide Receiver,receiving_tgts,,8.5,8.5
Wan'Dale Robinson,f96aa8db-21c2-5b86-b49d-7e64b4eda61d,WR,Wide Receiver,receiving_tgts,,10.5,10.5
Wan'Dale Robinson,f96aa8db-21c2-5b86-b49d-7e64b4eda61d,WR,Wide Receiver,receiving_tgts,,11.5,11.5
Wan'Dale Robinson,f96aa8db-21c2-5b86-b49d-7e64b4eda61d,WR,Wide Receiver,receiving_long,,16.5,16.5
Wan'Dale Robinson,f96aa8db-21c2-5b86-b49d-7e64b4eda61d,WR,Wide Receiver,period_first_touchdown_scored,,0.5,0.5
Wan'Dale Robinson,f96aa8db-21c2-5b86-b49d-7e64b4eda61d,WR,Wide Receiver,fantasy_points,,6.95,6.95
Wan'Dale Robinson,f96aa8db-21c2-5b86-b49d-7e64b4eda61d,WR,Wide Receiver,fantasy_points,,14.95,14.95
Wan'Dale Robinson,f96aa8db-21c2-5b86-b49d-7e64b4eda61d,WR,Wide Receiver,fantasy_points,,10.95,10.95
Wan'Dale Robinson,f96aa8db-21c2-5b86-b49d-7e64b4eda61d,WR,Wide Receiver,period_1_rush_rec_tds,,0.5,0.5
Wan'Dale Robinson,f96aa8db-21c2-5b86-b49d-7e64b4eda61d,WR,Wide Receiver,period_1_receiving_yds,,5.5,5.5
Wan'Dale Robinson,f96aa8db-21c2-5b86-b49d-7e64b4eda61d,WR,Wide Receiver,period_1_receiving_rec,,0.5,0.5
Wan'Dale Robinson,f96aa8db-21c2-5b86-b49d-7e64b4eda61d,WR,Wide Receiver,period_1_2_rush_rec_tds,,0.5,0.5
Wan'Dale Robinson,f96aa8db-21c2-5b86-b49d-7e64b4eda61d,WR,Wide Receiver,period_1_2_receiving_yds,,17.5,17.5
Wan'Dale Robinson,f96aa8db-21c2-5b86-b49d-7e64b4eda61d,WR,Wide Receiver,25_rec_yds_each_half,,0.5,0.5
Wan'Dale Robinson,f96aa8db-21c2-5b86-b49d-7e64b4eda61d,WR,Wide Receiver,period_1_2_receiving_rec,,2.5,2.5
Wan'Dale Robinson,f96aa8db-21c2-5b86-b49d-7e64b4eda61d,WR,Wide Receiver,50_rec_yds_each_half,,0.5,0.5
Wan'Dale Robinson,f96aa8db-21c2-5b86-b49d-7e64b4eda61d,WR,Wide Receiver,game_high_receiving_yards,,0.5,0.5
Wan'Dale Robinson,f96aa8db-21c2-5b86-b49d-7e64b4eda61d,WR,Wide Receiver,fumbles_lost,,0.5,0.5
Braelon Allen,516ded41-e882-5175-9a00-d0b4c028eb74,RB,Running Back,rush_rec_tds,,0.5,0.5
Braelon Allen,516ded41-e882-5175-9a00-d0b4c028eb74,RB,Running Back,rushing_yds,,18.5,18.5
Braelon Allen,516ded41-e882-5175-9a00-d0b4c028eb74,RB,Running Back,rush_rec_yds,,23.5,23.5
Braelon Allen,516ded41-e882-5175-9a00-d0b4c028eb74,RB,Running Back,receiving_yds,,0.5,0.5
Braelon Allen,516ded41-e882-5175-9a00-d0b4c028eb74,RB,Running Back,receiving_rec,,0.5,0.5
Braelon Allen,516ded41-e882-5175-9a00-d0b4c028eb74,RB,Running Back,rushing_att,,5.5,5.5
Braelon Allen,516ded41-e882-5175-9a00-d0b4c028eb74,RB,Running Back,receiving_long,,0.5,0.5
Braelon Allen,516ded41-e882-5175-9a00-d0b4c028eb74,RB,Running Back,rushing_long,,7.5,7.5
Braelon Allen,516ded41-e882-5175-9a00-d0b4c028eb74,RB,Running Back,period_first_touchdown_scored,,0.5,0.5
Braelon Allen,516ded41-e882-5175-9a00-d0b4c028eb74,RB,Running Back,period_1_rush_rec_tds,,0.5,0.5
Braelon Allen,516ded41-e882-5175-9a00-d0b4c028eb74,RB,Running Back,period_1_receiving_yds,,0.5,0.5
Braelon Allen,516ded41-e882-5175-9a00-d0b4c028eb74,RB,Running Back,period_1_receiving_rec,,0.5,0.5
Braelon Allen,516ded41-e882-5175-9a00-d0b4c028eb74,RB,Running Back,period_1_rushing_yds,,2.5,2.5
Braelon Allen,516ded41-e882-5175-9a00-d0b4c028eb74,RB,Running Back,period_1_2_rush_rec_tds,,0.5,0.5
Braelon Allen,516ded41-e882-5175-9a00-d0b4c028eb74,RB,Running Back,period_1_2_receiving_yds,,0.5,0.5
Braelon Allen,516ded41-e882-5175-9a00-d0b4c028eb74,RB,Running Back,period_1_2_rushing_yds,,7.5,7.5
Braelon Allen,516ded41-e882-5175-9a00-d0b4c028eb74,RB,Running Back,period_1_2_receiving_rec,,0.5,0.5
Braelon Allen,516ded41-e882-5175-9a00-d0b4c028eb74,RB,Running Back,game_high_rushing_yards,,0.5,0.5
Braelon Allen,516ded41-e882-5175-9a00-d0b4c028eb74,RB,Running Back,fumbles_lost,,0.5,0.5
Elic Ayomanor,f96aa8db-21c2-5b86-b49d-7e64b4eda61d,WR,Wide Receiver,rush_rec_tds,,0.5,0.5
Elic Ayomanor,f96aa8db-21c2-5b86-b49d-7e64b4eda61d,WR,Wide Receiver,period_1_2_rush_rec_tds,,0.5,0.5
Mason Taylor,516ded41-e882-5175-9a00-d0b4c028eb74,TE,Tight End,rush_rec_tds,,0.5,0.5
Mason Taylor,516ded41-e882-5175-9a00-d0b4c028eb74,TE,Tight End,receiving_yds,,18.5,18.5
Mason Taylor,516ded41-e882-5175-9a00-d0b4c028eb74,TE,Tight End,receiving_rec,,2.5,2.5
Mason Taylor,516ded41-e882-5175-9a00-d0b4c028eb74,TE,Tight End,receiving_tgts,,6.5,6.5
Mason Taylor,516ded41-e882-5175-9a00-d0b4c028eb74,TE,Tight End,receiving_tgts,,4.5,4.5
Mason Taylor,516ded41-e882-5175-9a00-d0b4c028eb74,TE,Tight End,receiving_tgts,,3.5,3.5
Mason Taylor,516ded41-e882-5175-9a00-d0b4c028eb74,TE,Tight End,receiving_tgts,,5.5,5.5
Mason Taylor,516ded41-e882-5175-9a00-d0b4c028eb74,TE,Tight End,receiving_tgts,,2.5,2.5
Mason Taylor,516ded41-e882-5175-9a00-d0b4c028eb74,TE,Tight End,receiving_tgts,,7.5,7.5
Mason Taylor,516ded41-e882-5175-9a00-d0b4c028eb74,TE,Tight End,receiving_long,,10.5,10.5
Mason Taylor,516ded41-e882-5175-9a00-d0b4c028eb74,TE,Tight End,period_first_touchdown_scored,,0.5,0.5
Mason Taylor,516ded41-e882-5175-9a00-d0b4c028eb74,TE,Tight End,period_1_rush_rec_tds,,0.5,0.5
Mason Taylor,516ded41-e882-5175-9a00-d0b4c028eb74,TE,Tight End,period_1_receiving_yds,,0.5,0.5
Mason Taylor,516ded41-e882-5175-9a00-d0b4c028eb74,TE,Tight End,period_1_receiving_rec,,0.5,0.5
Mason Taylor,516ded41-e882-5175-9a00-d0b4c028eb74,TE,Tight End,period_1_2_rush_rec_tds,,0.5,0.5
Mason Taylor,516ded41-e882-5175-9a00-d0b4c028eb74,TE,Tight End,period_1_2_receiving_yds,,6.5,6.5
Mason Taylor,516ded41-e882-5175-9a00-d0b4c028eb74,TE,Tight End,25_rec_yds_each_half,,0.5,0.5
Mason Taylor,516ded41-e882-5175-9a00-d0b4c028eb74,TE,Tight End,period_1_2_receiving_rec,,0.5,0.5
Tyjae Spears,f96aa8db-21c2-5b86-b49d-7e64b4eda61d,RB,Running Back,rush_rec_tds,,0.5,0.5
Tyjae Spears,f96aa8db-21c2-5b86-b49d-7e64b4eda61d,RB,Running Back,rushing_yds,,19.5,19.5
Tyjae Spears,f96aa8db-21c2-5b86-b49d-7e64b4eda61d,RB,Running Back,receiving_yds,,20.5,20.5
Tyjae Spears,f96aa8db-21c2-5b86-b49d-7e64b4eda61d,RB,Running Back,rush_rec_yds,,43.5,43.5
Tyjae Spears,f96aa8db-21c2-5b86-b49d-7e64b4eda61d,RB,Running Back,receiving_rec,,2.5,2.5
Tyjae Spears,f96aa8db-21c2-5b86-b49d-7e64b4eda61d,RB,Running Back,rushing_att,,5.5,5.5
Tyjae Spears,f96aa8db-21c2-5b86-b49d-7e64b4eda61d,RB,Running Back,receiving_tgts,,6.5,6.5
Tyjae Spears,f96aa8db-21c2-5b86-b49d-7e64b4eda61d,RB,Running Back,receiving_tgts,,5.5,5.5
Tyjae Spears,f96aa8db-21c2-5b86-b49d-7e64b4eda61d,RB,Running Back,receiving_tgts,,7.5,7.5
Tyjae Spears,f96aa8db-21c2-5b86-b49d-7e64b4eda61d,RB,Running Back,receiving_tgts,,8.5,8.5
Tyjae Spears,f96aa8db-21c2-5b86-b49d-7e64b4eda61d,RB,Running Back,receiving_tgts,,3.5,3.5
Tyjae Spears,f96aa8db-21c2-5b86-b49d-7e64b4eda61d,RB,Running Back,receiving_tgts,,4.5,4.5
Tyjae Spears,f96aa8db-21c2-5b86-b49d-7e64b4eda61d,RB,Running Back,receiving_long,,11.5,11.5
Tyjae Spears,f96aa8db-21c2-5b86-b49d-7e64b4eda61d,RB,Running Back,rushing_long,,8.5,8.5
Tyjae Spears,f96aa8db-21c2-5b86-b49d-7e64b4eda61d,RB,Running Back,period_first_touchdown_scored,,0.5,0.5
Tyjae Spears,f96aa8db-21c2-5b86-b49d-7e64b4eda61d,RB,Running Back,fantasy_points,,6.55,6.55
Tyjae Spears,f96aa8db-21c2-5b86-b49d-7e64b4eda61d,RB,Running Back,fantasy_points,,14.55,14.55
Tyjae Spears,f96aa8db-21c2-5b86-b49d-7e64b4eda61d,RB,Running Back,fantasy_points,,10.55,10.55
Tyjae Spears,f96aa8db-21c2-5b86-b49d-7e64b4eda61d,RB,Running Back,period_1_rush_rec_tds,,0.5,0.5
Tyjae Spears,f96aa8db-21c2-5b86-b49d-7e64b4eda61d,RB,Running Back,period_1_receiving_yds,,0.5,0.5
Tyjae Spears,f96aa8db-21c2-5b86-b49d-7e64b4eda61d,RB,Running Back,period_1_receiving_rec,,0.5,0.5
Tyjae Spears,f96aa8db-21c2-5b86-b49d-7e64b4eda61d,RB,Running Back,period_1_rushing_yds,,2.5,2.5
Tyjae Spears,f96aa8db-21c2-5b86-b49d-7e64b4eda61d,RB,Running Back,period_1_2_rush_rec_tds,,0.5,0.5
Tyjae Spears,f96aa8db-21c2-5b86-b49d-7e64b4eda61d,RB,Running Back,period_1_2_receiving_yds,,7.5,7.5
Tyjae Spears,f96aa8db-21c2-5b86-b49d-7e64b4eda61d,RB,Running Back,period_1_2_rushing_yds,,8.5,8.5
Tyjae Spears,f96aa8db-21c2-5b86-b49d-7e64b4eda61d,RB,Running Back,25_rush_yds_each_half,,0.5,0.5
Tyjae Spears,f96aa8db-21c2-5b86-b49d-7e64b4eda61d,RB,Running Back,period_1_2_receiving_rec,,1.5,1.5
Tyjae Spears,f96aa8db-21c2-5b86-b49d-7e64b4eda61d,RB,Running Back,game_high_receiving_yards,,0.5,0.5
Tyjae Spears,f96aa8db-21c2-5b86-b49d-7e64b4eda61d,RB,Running Back,game_high_rushing_yards,,0.5,0.5
Tyjae Spears,f96aa8db-21c2-5b86-b49d-7e64b4eda61d,RB,Running Back,fumbles_lost,,0.5,0.5
Adonai Mitchell,516ded41-e882-5175-9a00-d0b4c028eb74,WR,Wide Receiver,rush_rec_tds,,0.5,0.5
Adonai Mitchell,516ded41-e882-5175-9a00-d0b4c028eb74,WR,Wide Receiver,receiving_yds,,31.5,31.5
Adonai Mitchell,516ded41-e882-5175-9a00-d0b4c028eb74,WR,Wide Receiver,rush_rec_yds,,32.5,32.5
Adonai Mitchell,516ded41-e882-5175-9a00-d0b4c028eb74,WR,Wide Receiver,receiving_rec,,2.5,2.5
Adonai Mitchell,516ded41-e882-5175-9a00-d0b4c028eb74,WR,Wide Receiver,receiving_tgts,,6.5,6.5
Adonai Mitchell,516ded41-e882-5175-9a00-d0b4c028eb74,WR,Wide Receiver,receiving_tgts,,8.5,8.5
Adonai Mitchell,516ded41-e882-5175-9a00-d0b4c028eb74,WR,Wide Receiver,receiving_tgts,,7.5,7.5
Adonai Mitchell,516ded41-e882-5175-9a00-d0b4c028eb74,WR,Wide Receiver,receiving_tgts,,4.5,4.5
Adonai Mitchell,516ded41-e882-5175-9a00-d0b4c028eb74,WR,Wide Receiver,receiving_tgts,,5.5,5.5
Adonai Mitchell,516ded41-e882-5175-9a00-d0b4c028eb74,WR,Wide Receiver,receiving_tgts,,3.5,3.5
Adonai Mitchell,516ded41-e882-5175-9a00-d0b4c028eb74,WR,Wide Receiver,receiving_long,,16.5,16.5
Adonai Mitchell,516ded41-e882-5175-9a00-d0b4c028eb74,WR,Wide Receiver,period_first_touchdown_scored,,0.5,0.5
Adonai Mitchell,516ded41-e882-5175-9a00-d0b4c028eb74,WR,Wide Receiver,fantasy_points,,5.15,5.15
Adonai Mitchell,516ded41-e882-5175-9a00-d0b4c028eb74,WR,Wide Receiver,period_1_rush_rec_tds,,0.5,0.5
Adonai Mitchell,516ded41-e882-5175-9a00-d0b4c028eb74,WR,Wide Receiver,period_1_receiving_yds,,0.5,0.5
Adonai Mitchell,516ded41-e882-5175-9a00-d0b4c028eb74,WR,Wide Receiver,period_1_receiving_rec,,0.5,0.5
Adonai Mitchell,516ded41-e882-5175-9a00-d0b4c028eb74,WR,Wide Receiver,period_1_2_rush_rec_tds,,0.5,0.5
Adonai Mitchell,516ded41-e882-5175-9a00-d0b4c028eb74,WR,Wide Receiver,25_rec_yds_each_half,,0.5,0.5
Adonai Mitchell,516ded41-e882-5175-9a00-d0b4c028eb74,WR,Wide Receiver,period_1_2_receiving_yds,,12.5,12.5
Adonai Mitchell,516ded41-e882-5175-9a00-d0b4c028eb74,WR,Wide Receiver,period_1_2_receiving_rec,,1.5,1.5
Adonai Mitchell,516ded41-e882-5175-9a00-d0b4c028eb74,WR,Wide Receiver,game_high_receiving_yards,,0.5,0.5
Kylen Granson,f96aa8db-21c2-5b86-b49d-7e64b4eda61d,TE,Tight End,rush_rec_tds,,0.5,0.5
Daniel Bellinger,f96aa8db-21c2-5b86-b49d-7e64b4eda61d,TE,Tight End,rush_rec_tds,,0.5,0.5
Daniel Bellinger,f96aa8db-21c2-5b86-b49d-7e64b4eda61d,TE,Tight End,period_1_2_rush_rec_tds,,0.5,0.5
Gunnar Helm,f96aa8db-21c2-5b86-b49d-7e64b4eda61d,TE,Tight End,rush_rec_tds,,0.5,0.5
Gunnar Helm,f96aa8db-21c2-5b86-b49d-7e64b4eda61d,TE,Tight End,receiving_yds,,23.5,23.5
Gunnar Helm,f96aa8db-21c2-5b86-b49d-7e64b4eda61d,TE,Tight End,receiving_rec,,2.5,2.5
Gunnar Helm,f96aa8db-21c2-5b86-b49d-7e64b4eda61d,TE,Tight End,receiving_tgts,,4.5,4.5
Gunnar Helm,f96aa8db-21c2-5b86-b49d-7e64b4eda61d,TE,Tight End,receiving_tgts,,7.5,7.5
Gunnar Helm,f96aa8db-21c2-5b86-b49d-7e64b4eda61d,TE,Tight End,receiving_tgts,,5.5,5.5
Gunnar Helm,f96aa8db-21c2-5b86-b49d-7e64b4eda61d,TE,Tight End,receiving_tgts,,6.5,6.5
Gunnar Helm,f96aa8db-21c2-5b86-b49d-7e64b4eda61d,TE,Tight End,receiving_tgts,,8.5,8.5
Gunnar Helm,f96aa8db-21c2-5b86-b49d-7e64b4eda61d,TE,Tight End,receiving_tgts,,3.5,3.5
Gunnar Helm,f96aa8db-21c2-5b86-b49d-7e64b4eda61d,TE,Tight End,receiving_long,,12.5,12.5
Gunnar Helm,f96aa8db-21c2-5b86-b49d-7e64b4eda61d,TE,Tight End,period_first_touchdown_scored,,0.5,0.5
Gunnar Helm,f96aa8db-21c2-5b86-b49d-7e64b4eda61d,TE,Tight End,period_1_rush_rec_tds,,0.5,0.5
Gunnar Helm,f96aa8db-21c2-5b86-b49d-7e64b4eda61d,TE,Tight End,period_1_receiving_yds,,0.5,0.5
Gunnar Helm,f96aa8db-21c2-5b86-b49d-7e64b4eda61d,TE,Tight End,period_1_receiving_rec,,0.5,0.5
Gunnar Helm,f96aa8db-21c2-5b86-b49d-7e64b4eda61d,TE,Tight End,period_1_2_rush_rec_tds,,0.5,0.5
Gunnar Helm,f96aa8db-21c2-5b86-b49d-7e64b4eda61d,TE,Tight End,25_rec_yds_each_half,,0.5,0.5
Gunnar Helm,f96aa8db-21c2-5b86-b49d-7e64b4eda61d,TE,Tight End,period_1_2_receiving_yds,,9.5,9.5
Gunnar Helm,f96aa8db-21c2-5b86-b49d-7e64b4eda61d,TE,Tight End,period_1_2_receiving_rec,,1.5,1.5
Gunnar Helm,f96aa8db-21c2-5b86-b49d-7e64b4eda61d,TE,Tight End,game_high_receiving_yards,,0.5,0.5
Isaiah Davis,516ded41-e882-5175-9a00-d0b4c028eb74,RB,Running Back,rush_rec_tds,,0.5,0.5
Isaiah Davis,516ded41-e882-5175-9a00-d0b4c028eb74,RB,Running Back,period_first_touchdown_scored,,0.5,0.5
Isaiah Davis,516ded41-e882-5175-9a00-d0b4c028eb74,RB,Running Back,period_1_rush_rec_tds,,0.5,0.5
Isaiah Davis,516ded41-e882-5175-9a00-d0b4c028eb74,RB,Running Back,period_1_2_rush_rec_tds,,0.5,0.5
Chimere Dike,f96aa8db-21c2-5b86-b49d-7e64b4eda61d,WR,Wide Receiver,rush_rec_tds,,0.5,0.5
Chimere Dike,f96aa8db-21c2-5b86-b49d-7e64b4eda61d,WR,Wide Receiver,period_1_2_rush_rec_tds,,0.5,0.5
Isaiah Williams,516ded41-e882-5175-9a00-d0b4c028eb74,WR,Wide Receiver,rush_rec_tds,,0.5,0.5
Carnell Tate,f96aa8db-21c2-5b86-b49d-7e64b4eda61d,WR,Wide Receiver,rush_rec_tds,,0.5,0.5
Omar Cooper,516ded41-e882-5175-9a00-d0b4c028eb74,WR,Wide Receiver,rush_rec_tds,,0.5,0.5
Cam Ward,f96aa8db-21c2-5b86-b49d-7e64b4eda61d,QB,Quarterback,rush_rec_tds,,0.5,0.5
Kenyon Sadiq,516ded41-e882-5175-9a00-d0b4c028eb74,TE,Tight End,rush_rec_tds,,0.5,0.5
Cam Ward,f96aa8db-21c2-5b86-b49d-7e64b4eda61d,QB,Quarterback,passing_yds,,206.5,206.5
Cam Ward,f96aa8db-21c2-5b86-b49d-7e64b4eda61d,QB,Quarterback,rushing_yds,,8.5,8.5
Cam Ward,f96aa8db-21c2-5b86-b49d-7e64b4eda61d,QB,Quarterback,passing_tds,,1.5,1.5
Isaiah Williams,516ded41-e882-5175-9a00-d0b4c028eb74,WR,Wide Receiver,rush_rec_yds,,9.5,9.5
Kenyon Sadiq,516ded41-e882-5175-9a00-d0b4c028eb74,TE,Tight End,receiving_yds,,20.5,20.5
Carnell Tate,f96aa8db-21c2-5b86-b49d-7e64b4eda61d,WR,Wide Receiver,receiving_yds,,37.5,37.5
Omar Cooper,516ded41-e882-5175-9a00-d0b4c028eb74,WR,Wide Receiver,rush_rec_yds,,10.5,10.5
Isaiah Williams,516ded41-e882-5175-9a00-d0b4c028eb74,WR,Wide Receiver,receiving_yds,,9.5,9.5
Omar Cooper,516ded41-e882-5175-9a00-d0b4c028eb74,WR,Wide Receiver,receiving_yds,,9.5,9.5
Kenyon Sadiq,516ded41-e882-5175-9a00-d0b4c028eb74,TE,Tight End,receiving_rec,,2.5,2.5
Omar Cooper,516ded41-e882-5175-9a00-d0b4c028eb74,WR,Wide Receiver,receiving_rec,,1.5,1.5
Isaiah Williams,516ded41-e882-5175-9a00-d0b4c028eb74,WR,Wide Receiver,receiving_rec,,1.5,1.5
Carnell Tate,f96aa8db-21c2-5b86-b49d-7e64b4eda61d,WR,Wide Receiver,receiving_rec,,3.5,3.5
Cam Ward,f96aa8db-21c2-5b86-b49d-7e64b4eda61d,QB,Quarterback,period_1_passing_yds,,40.5,40.5
Cam Ward,f96aa8db-21c2-5b86-b49d-7e64b4eda61d,QB,Quarterback,rushing_att,,2.5,2.5
Cam Ward,f96aa8db-21c2-5b86-b49d-7e64b4eda61d,QB,Quarterback,passing_and_rushing_yds,,218.5,218.5
Cam Ward,f96aa8db-21c2-5b86-b49d-7e64b4eda61d,QB,Quarterback,passing_comps,,19.5,19.5
Cam Ward,f96aa8db-21c2-5b86-b49d-7e64b4eda61d,QB,Quarterback,passing_att,,31.5,31.5
Cam Ward,f96aa8db-21c2-5b86-b49d-7e64b4eda61d,QB,Quarterback,passing_ints,,0.5,0.5
Carnell Tate,f96aa8db-21c2-5b86-b49d-7e64b4eda61d,WR,Wide Receiver,receiving_tgts,,9.5,9.5
Carnell Tate,f96aa8db-21c2-5b86-b49d-7e64b4eda61d,WR,Wide Receiver,receiving_tgts,,8.5,8.5
Carnell Tate,f96aa8db-21c2-5b86-b49d-7e64b4eda61d,WR,Wide Receiver,receiving_tgts,,7.5,7.5
Carnell Tate,f96aa8db-21c2-5b86-b49d-7e64b4eda61d,WR,Wide Receiver,receiving_tgts,,4.5,4.5
Omar Cooper,516ded41-e882-5175-9a00-d0b4c028eb74,WR,Wide Receiver,receiving_tgts,,6.5,6.5
Omar Cooper,516ded41-e882-5175-9a00-d0b4c028eb74,WR,Wide Receiver,receiving_tgts,,5.5,5.5
Omar Cooper,516ded41-e882-5175-9a00-d0b4c028eb74,WR,Wide Receiver,receiving_tgts,,4.5,4.5
Omar Cooper,516ded41-e882-5175-9a00-d0b4c028eb74,WR,Wide Receiver,receiving_tgts,,3.5,3.5
Omar Cooper,516ded41-e882-5175-9a00-d0b4c028eb74,WR,Wide Receiver,receiving_tgts,,1.5,1.5
Kenyon Sadiq,516ded41-e882-5175-9a00-d0b4c028eb74,TE,Tight End,receiving_tgts,,6.5,6.5
Kenyon Sadiq,516ded41-e882-5175-9a00-d0b4c028eb74,TE,Tight End,receiving_tgts,,7.5,7.5
Kenyon Sadiq,516ded41-e882-5175-9a00-d0b4c028eb74,TE,Tight End,receiving_tgts,,2.5,2.5
Kenyon Sadiq,516ded41-e882-5175-9a00-d0b4c028eb74,TE,Tight End,receiving_tgts,,4.5,4.5
Kenyon Sadiq,516ded41-e882-5175-9a00-d0b4c028eb74,TE,Tight End,receiving_tgts,,5.5,5.5
Isaiah Williams,516ded41-e882-5175-9a00-d0b4c028eb74,WR,Wide Receiver,receiving_tgts,,2.5,2.5
Kenyon Sadiq,516ded41-e882-5175-9a00-d0b4c028eb74,TE,Tight End,receiving_tgts,,3.5,3.5
Carnell Tate,f96aa8db-21c2-5b86-b49d-7e64b4eda61d,WR,Wide Receiver,receiving_tgts,,5.5,5.5
Omar Cooper,516ded41-e882-5175-9a00-d0b4c028eb74,WR,Wide Receiver,receiving_tgts,,2.5,2.5
Isaiah Williams,516ded41-e882-5175-9a00-d0b4c028eb74,WR,Wide Receiver,receiving_tgts,,4.5,4.5
Isaiah Williams,516ded41-e882-5175-9a00-d0b4c028eb74,WR,Wide Receiver,receiving_tgts,,5.5,5.5
Isaiah Williams,516ded41-e882-5175-9a00-d0b4c028eb74,WR,Wide Receiver,receiving_tgts,,1.5,1.5
Isaiah Williams,516ded41-e882-5175-9a00-d0b4c028eb74,WR,Wide Receiver,receiving_tgts,,3.5,3.5
Isaiah Williams,516ded41-e882-5175-9a00-d0b4c028eb74,WR,Wide Receiver,receiving_tgts,,6.5,6.5
Carnell Tate,f96aa8db-21c2-5b86-b49d-7e64b4eda61d,WR,Wide Receiver,receiving_tgts,,6.5,6.5
Omar Cooper,516ded41-e882-5175-9a00-d0b4c028eb74,WR,Wide Receiver,receiving_long,,8.5,8.5
Isaiah Williams,516ded41-e882-5175-9a00-d0b4c028eb74,WR,Wide Receiver,receiving_long,,7.5,7.5
Carnell Tate,f96aa8db-21c2-5b86-b49d-7e64b4eda61d,WR,Wide Receiver,receiving_long,,18.5,18.5
Kenyon Sadiq,516ded41-e882-5175-9a00-d0b4c028eb74,TE,Tight End,receiving_long,,11.5,11.5
Cam Ward,f96aa8db-21c2-5b86-b49d-7e64b4eda61d,QB,Quarterback,passing_long,,33.5,33.5
Cam Ward,f96aa8db-21c2-5b86-b49d-7e64b4eda61d,QB,Quarterback,rushing_long,,6.5,6.5
Kenyon Sadiq,516ded41-e882-5175-9a00-d0b4c028eb74,TE,Tight End,period_first_touchdown_scored,,0.5,0.5
Omar Cooper,516ded41-e882-5175-9a00-d0b4c028eb74,WR,Wide Receiver,period_first_touchdown_scored,,0.5,0.5
Carnell Tate,f96aa8db-21c2-5b86-b49d-7e64b4eda61d,WR,Wide Receiver,period_first_touchdown_scored,,0.5,0.5
Cam Ward,f96aa8db-21c2-5b86-b49d-7e64b4eda61d,QB,Quarterback,period_first_touchdown_scored,,0.5,0.5
Blake Grupe,516ded41-e882-5175-9a00-d0b4c028eb74,K,Kicker,field_goals_made,,1.5,1.5
Joey Slye,f96aa8db-21c2-5b86-b49d-7e64b4eda61d,K,Kicker,field_goals_made,,1.5,1.5
Blake Grupe,516ded41-e882-5175-9a00-d0b4c028eb74,K,Kicker,kicking_points,,6.5,6.5
Blake Grupe,516ded41-e882-5175-9a00-d0b4c028eb74,K,Kicker,extra_points_made,,1.5,1.5
Joey Slye,f96aa8db-21c2-5b86-b49d-7e64b4eda61d,K,Kicker,kicking_points,,6.5,6.5
Joey Slye,f96aa8db-21c2-5b86-b49d-7e64b4eda61d,K,Kicker,extra_points_made,,1.5,1.5
Carnell Tate,f96aa8db-21c2-5b86-b49d-7e64b4eda61d,WR,Wide Receiver,fantasy_points,,10.35,10.35
Cam Ward,f96aa8db-21c2-5b86-b49d-7e64b4eda61d,QB,Quarterback,fantasy_points,,22.35,22.35
Cam Ward,f96aa8db-21c2-5b86-b49d-7e64b4eda61d,QB,Quarterback,fantasy_points,,18.35,18.35
Carnell Tate,f96aa8db-21c2-5b86-b49d-7e64b4eda61d,WR,Wide Receiver,fantasy_points,,6.35,6.35
Cam Ward,f96aa8db-21c2-5b86-b49d-7e64b4eda61d,QB,Quarterback,fantasy_points,,14.35,14.35
Carnell Tate,f96aa8db-21c2-5b86-b49d-7e64b4eda61d,WR,Wide Receiver,fantasy_points,,14.35,14.35
Cam Ward,f96aa8db-21c2-5b86-b49d-7e64b4eda61d,QB,Quarterback,period_1_rush_rec_tds,,0.5,0.5
Carnell Tate,f96aa8db-21c2-5b86-b49d-7e64b4eda61d,WR,Wide Receiver,period_1_rush_rec_tds,,0.5,0.5
Kenyon Sadiq,516ded41-e882-5175-9a00-d0b4c028eb74,TE,Tight End,period_1_rush_rec_tds,,0.5,0.5
Cam Ward,f96aa8db-21c2-5b86-b49d-7e64b4eda61d,QB,Quarterback,period_1_passing_tds,,0.5,0.5
Isaiah Williams,516ded41-e882-5175-9a00-d0b4c028eb74,WR,Wide Receiver,period_1_receiving_yds,,0.5,0.5
Omar Cooper,516ded41-e882-5175-9a00-d0b4c028eb74,WR,Wide Receiver,period_1_receiving_yds,,0.5,0.5
Kenyon Sadiq,516ded41-e882-5175-9a00-d0b4c028eb74,TE,Tight End,period_1_receiving_yds,,0.5,0.5
Carnell Tate,f96aa8db-21c2-5b86-b49d-7e64b4eda61d,WR,Wide Receiver,period_1_receiving_yds,,1.5,1.5
Carnell Tate,f96aa8db-21c2-5b86-b49d-7e64b4eda61d,WR,Wide Receiver,period_1_receiving_rec,,0.5,0.5
Kenyon Sadiq,516ded41-e882-5175-9a00-d0b4c028eb74,TE,Tight End,period_1_receiving_rec,,0.5,0.5
Omar Cooper,516ded41-e882-5175-9a00-d0b4c028eb74,WR,Wide Receiver,period_1_receiving_rec,,0.5,0.5
Isaiah Williams,516ded41-e882-5175-9a00-d0b4c028eb74,WR,Wide Receiver,period_1_receiving_rec,,0.5,0.5
Cam Ward,f96aa8db-21c2-5b86-b49d-7e64b4eda61d,QB,Quarterback,period_1_rushing_yds,,0.5,0.5
Kenyon Sadiq,516ded41-e882-5175-9a00-d0b4c028eb74,TE,Tight End,period_1_2_rush_rec_tds,,0.5,0.5
Amani Hooker,f96aa8db-21c2-5b86-b49d-7e64b4eda61d,SAF,Safety,defensive_ints,,0.5,0.5
Minkah Fitzpatrick,516ded41-e882-5175-9a00-d0b4c028eb74,SAF,Safety,defensive_ints,,0.5,0.5
Carnell Tate,f96aa8db-21c2-5b86-b49d-7e64b4eda61d,WR,Wide Receiver,period_1_2_rush_rec_tds,,0.5,0.5
Omar Cooper,516ded41-e882-5175-9a00-d0b4c028eb74,WR,Wide Receiver,period_1_2_rush_rec_tds,,0.5,0.5
Brandon Stephens,516ded41-e882-5175-9a00-d0b4c028eb74,CB,Cornerback,defensive_ints,,0.5,0.5
Alontae Taylor,f96aa8db-21c2-5b86-b49d-7e64b4eda61d,CB,Cornerback,defensive_ints,,0.5,0.5
Isaiah Williams,516ded41-e882-5175-9a00-d0b4c028eb74,WR,Wide Receiver,period_1_2_rush_rec_tds,,0.5,0.5
Marcus Harris,f96aa8db-21c2-5b86-b49d-7e64b4eda61d,CB,Cornerback,defensive_ints,,0.5,0.5
Demario Davis,516ded41-e882-5175-9a00-d0b4c028eb74,LB,Linebacker,defensive_ints,,0.5,0.5
Cam Ward,f96aa8db-21c2-5b86-b49d-7e64b4eda61d,QB,Quarterback,period_1_2_rush_rec_tds,,0.5,0.5
Cor'Dale Flott,f96aa8db-21c2-5b86-b49d-7e64b4eda61d,CB,Cornerback,defensive_ints,,0.5,0.5
Kevin Winston,f96aa8db-21c2-5b86-b49d-7e64b4eda61d,SAF,Safety,defensive_ints,,0.5,0.5
Cedric Gray,f96aa8db-21c2-5b86-b49d-7e64b4eda61d,LB,Linebacker,defensive_ints,,0.5,0.5
Cam Ward,f96aa8db-21c2-5b86-b49d-7e64b4eda61d,QB,Quarterback,period_1_2_passing_yds,,99.5,99.5
Carnell Tate,f96aa8db-21c2-5b86-b49d-7e64b4eda61d,WR,Wide Receiver,25_rec_yds_each_half,,0.5,0.5
Isaiah Williams,516ded41-e882-5175-9a00-d0b4c028eb74,WR,Wide Receiver,period_1_2_receiving_yds,,0.5,0.5
Kenyon Sadiq,516ded41-e882-5175-9a00-d0b4c028eb74,TE,Tight End,25_rec_yds_each_half,,0.5,0.5
Carnell Tate,f96aa8db-21c2-5b86-b49d-7e64b4eda61d,WR,Wide Receiver,period_1_2_receiving_yds,,15.5,15.5
Omar Cooper,516ded41-e882-5175-9a00-d0b4c028eb74,WR,Wide Receiver,period_1_2_receiving_yds,,0.5,0.5
Kenyon Sadiq,516ded41-e882-5175-9a00-d0b4c028eb74,TE,Tight End,period_1_2_receiving_yds,,8.5,8.5
Cam Ward,f96aa8db-21c2-5b86-b49d-7e64b4eda61d,QB,Quarterback,period_1_2_rushing_yds,,1.5,1.5
Carnell Tate,f96aa8db-21c2-5b86-b49d-7e64b4eda61d,WR,Wide Receiver,50_rec_yds_each_half,,0.5,0.5
Kenyon Sadiq,516ded41-e882-5175-9a00-d0b4c028eb74,TE,Tight End,period_1_2_receiving_rec,,1.5,1.5
Isaiah Williams,516ded41-e882-5175-9a00-d0b4c028eb74,WR,Wide Receiver,period_1_2_receiving_rec,,0.5,0.5
Carnell Tate,f96aa8db-21c2-5b86-b49d-7e64b4eda61d,WR,Wide Receiver,period_1_2_receiving_rec,,1.5,1.5
Omar Cooper,516ded41-e882-5175-9a00-d0b4c028eb74,WR,Wide Receiver,period_1_2_receiving_rec,,0.5,0.5
Cam Ward,f96aa8db-21c2-5b86-b49d-7e64b4eda61d,QB,Quarterback,period_1_2_passing_tds,,0.5,0.5
Cam Ward,f96aa8db-21c2-5b86-b49d-7e64b4eda61d,QB,Quarterback,100_pass_yds_each_half,,0.5,0.5
Cam Ward,f96aa8db-21c2-5b86-b49d-7e64b4eda61d,QB,Quarterback,25_pass_yds_each_quarter,,0.5,0.5
Cam Ward,f96aa8db-21c2-5b86-b49d-7e64b4eda61d,QB,Quarterback,50_pass_yds_each_quarter,,0.5,0.5
Cam Ward,f96aa8db-21c2-5b86-b49d-7e64b4eda61d,QB,Quarterback,game_high_passing_yards,,0.5,0.5
Carnell Tate,f96aa8db-21c2-5b86-b49d-7e64b4eda61d,WR,Wide Receiver,game_high_receiving_yards,,0.5,0.5
Kenyon Sadiq,516ded41-e882-5175-9a00-d0b4c028eb74,TE,Tight End,game_high_receiving_yards,,0.5,0.5
Isaiah Williams,516ded41-e882-5175-9a00-d0b4c028eb74,WR,Wide Receiver,fumbles_lost,,0.5,0.5
Cam Ward,f96aa8db-21c2-5b86-b49d-7e64b4eda61d,QB,Quarterback,fumbles_lost,,0.5,0.5
Justin Jefferson,5af1e185-627e-5345-851d-3c65c5b66614,WR,Wide Receiver,rush_rec_tds,,0.5,0.5
Justin Jefferson,5af1e185-627e-5345-851d-3c65c5b66614,WR,Wide Receiver,receiving_yds,,75.5,75.5
Justin Jefferson,5af1e185-627e-5345-851d-3c65c5b66614,WR,Wide Receiver,receiving_rec,,5.5,5.5
Justin Jefferson,5af1e185-627e-5345-851d-3c65c5b66614,WR,Wide Receiver,receiving_tgts,,8.5,8.5
Justin Jefferson,5af1e185-627e-5345-851d-3c65c5b66614,WR,Wide Receiver,receiving_tgts,,13.5,13.5
Justin Jefferson,5af1e185-627e-5345-851d-3c65c5b66614,WR,Wide Receiver,receiving_tgts,,11.5,11.5
Justin Jefferson,5af1e185-627e-5345-851d-3c65c5b66614,WR,Wide Receiver,receiving_tgts,,10.5,10.5
Justin Jefferson,5af1e185-627e-5345-851d-3c65c5b66614,WR,Wide Receiver,receiving_tgts,,9.5,9.5
Justin Jefferson,5af1e185-627e-5345-851d-3c65c5b66614,WR,Wide Receiver,receiving_tgts,,12.5,12.5
Justin Jefferson,5af1e185-627e-5345-851d-3c65c5b66614,WR,Wide Receiver,receiving_long,,23.5,23.5
Justin Jefferson,5af1e185-627e-5345-851d-3c65c5b66614,WR,Wide Receiver,period_first_touchdown_scored,,0.5,0.5
Justin Jefferson,5af1e185-627e-5345-851d-3c65c5b66614,WR,Wide Receiver,last_touchdown_scored,,0.5,0.5
Justin Jefferson,5af1e185-627e-5345-851d-3c65c5b66614,WR,Wide Receiver,fantasy_points,,16.45,16.45
Justin Jefferson,5af1e185-627e-5345-851d-3c65c5b66614,WR,Wide Receiver,fantasy_points,,12.45,12.45
Justin Jefferson,5af1e185-627e-5345-851d-3c65c5b66614,WR,Wide Receiver,fantasy_points,,20.45,20.45
Justin Jefferson,5af1e185-627e-5345-851d-3c65c5b66614,WR,Wide Receiver,period_1_rush_rec_tds,,0.5,0.5
Justin Jefferson,5af1e185-627e-5345-851d-3c65c5b66614,WR,Wide Receiver,period_1_receiving_yds,,12.5,12.5
Justin Jefferson,5af1e185-627e-5345-851d-3c65c5b66614,WR,Wide Receiver,period_1_receiving_rec,,1.5,1.5
Justin Jefferson,5af1e185-627e-5345-851d-3c65c5b66614,WR,Wide Receiver,period_1_2_rush_rec_tds,,0.5,0.5
Justin Jefferson,5af1e185-627e-5345-851d-3c65c5b66614,WR,Wide Receiver,25_rec_yds_each_half,,0.5,0.5
Justin Jefferson,5af1e185-627e-5345-851d-3c65c5b66614,WR,Wide Receiver,period_1_2_receiving_yds,,33.5,33.5
Justin Jefferson,5af1e185-627e-5345-851d-3c65c5b66614,WR,Wide Receiver,50_rec_yds_each_half,,0.5,0.5
Justin Jefferson,5af1e185-627e-5345-851d-3c65c5b66614,WR,Wide Receiver,period_1_2_receiving_rec,,2.5,2.5
Justin Jefferson,5af1e185-627e-5345-851d-3c65c5b66614,WR,Wide Receiver,game_high_receiving_yards,,0.5,0.5
Justin Jefferson,5af1e185-627e-5345-851d-3c65c5b66614,WR,Wide Receiver,fumbles_lost,,0.5,0.5
Aaron Jones,5af1e185-627e-5345-851d-3c65c5b66614,RB,Running Back,rush_rec_tds,,0.5,0.5
Aaron Jones,5af1e185-627e-5345-851d-3c65c5b66614,RB,Running Back,rushing_yds,,30.5,30.5
Aaron Jones,5af1e185-627e-5345-851d-3c65c5b66614,RB,Running Back,rush_rec_yds,,48.5,48.5
Aaron Jones,5af1e185-627e-5345-851d-3c65c5b66614,RB,Running Back,receiving_yds,,14.5,14.5
Aaron Jones,5af1e185-627e-5345-851d-3c65c5b66614,RB,Running Back,receiving_rec,,2.5,2.5
Aaron Jones,5af1e185-627e-5345-851d-3c65c5b66614,RB,Running Back,rushing_att,,8.5,8.5
Aaron Jones,5af1e185-627e-5345-851d-3c65c5b66614,RB,Running Back,receiving_tgts,,3.5,3.5
Aaron Jones,5af1e185-627e-5345-851d-3c65c5b66614,RB,Running Back,receiving_tgts,,7.5,7.5
Aaron Jones,5af1e185-627e-5345-851d-3c65c5b66614,RB,Running Back,receiving_tgts,,6.5,6.5
Aaron Jones,5af1e185-627e-5345-851d-3c65c5b66614,RB,Running Back,receiving_tgts,,5.5,5.5
Aaron Jones,5af1e185-627e-5345-851d-3c65c5b66614,RB,Running Back,receiving_tgts,,4.5,4.5
Aaron Jones,5af1e185-627e-5345-851d-3c65c5b66614,RB,Running Back,receiving_tgts,,2.5,2.5
Aaron Jones,5af1e185-627e-5345-851d-3c65c5b66614,RB,Running Back,receiving_long,,9.5,9.5
Aaron Jones,5af1e185-627e-5345-851d-3c65c5b66614,RB,Running Back,rushing_long,,9.5,9.5
Aaron Jones,5af1e185-627e-5345-851d-3c65c5b66614,RB,Running Back,period_first_touchdown_scored,,0.5,0.5
Aaron Jones,5af1e185-627e-5345-851d-3c65c5b66614,RB,Running Back,fantasy_points,,7.25,7.25
Aaron Jones,5af1e185-627e-5345-851d-3c65c5b66614,RB,Running Back,fantasy_points,,15.25,15.25
Aaron Jones,5af1e185-627e-5345-851d-3c65c5b66614,RB,Running Back,fantasy_points,,11.25,11.25
Aaron Jones,5af1e185-627e-5345-851d-3c65c5b66614,RB,Running Back,period_1_rush_rec_tds,,0.5,0.5
Aaron Jones,5af1e185-627e-5345-851d-3c65c5b66614,RB,Running Back,period_1_receiving_yds,,0.5,0.5
Aaron Jones,5af1e185-627e-5345-851d-3c65c5b66614,RB,Running Back,period_1_receiving_rec,,0.5,0.5
Aaron Jones,5af1e185-627e-5345-851d-3c65c5b66614,RB,Running Back,period_1_rushing_yds,,5.5,5.5
Aaron Jones,5af1e185-627e-5345-851d-3c65c5b66614,RB,Running Back,period_1_2_rush_rec_tds,,0.5,0.5
Aaron Jones,5af1e185-627e-5345-851d-3c65c5b66614,RB,Running Back,period_1_2_receiving_yds,,5.5,5.5
Aaron Jones,5af1e185-627e-5345-851d-3c65c5b66614,RB,Running Back,25_rush_yds_each_half,,0.5,0.5
Aaron Jones,5af1e185-627e-5345-851d-3c65c5b66614,RB,Running Back,period_1_2_rushing_yds,,13.5,13.5
Aaron Jones,5af1e185-627e-5345-851d-3c65c5b66614,RB,Running Back,period_1_2_receiving_rec,,1.5,1.5
Aaron Jones,5af1e185-627e-5345-851d-3c65c5b66614,RB,Running Back,game_high_rushing_yards,,0.5,0.5
Aaron Jones,5af1e185-627e-5345-851d-3c65c5b66614,RB,Running Back,fumbles_lost,,0.5,0.5
Tucker Kraft,a2fadaac-562f-5a7e-bd63-6d88d90c1ac4,TE,Tight End,rush_rec_tds,,0.5,0.5
Tucker Kraft,a2fadaac-562f-5a7e-bd63-6d88d90c1ac4,TE,Tight End,receiving_yds,,44.5,44.5
Tucker Kraft,a2fadaac-562f-5a7e-bd63-6d88d90c1ac4,TE,Tight End,receiving_rec,,3.5,3.5
Tucker Kraft,a2fadaac-562f-5a7e-bd63-6d88d90c1ac4,TE,Tight End,receiving_tgts,,6.5,6.5
Tucker Kraft,a2fadaac-562f-5a7e-bd63-6d88d90c1ac4,TE,Tight End,receiving_tgts,,5.5,5.5
Tucker Kraft,a2fadaac-562f-5a7e-bd63-6d88d90c1ac4,TE,Tight End,receiving_tgts,,8.5,8.5
Tucker Kraft,a2fadaac-562f-5a7e-bd63-6d88d90c1ac4,TE,Tight End,receiving_tgts,,10.5,10.5
Tucker Kraft,a2fadaac-562f-5a7e-bd63-6d88d90c1ac4,TE,Tight End,receiving_tgts,,7.5,7.5
Tucker Kraft,a2fadaac-562f-5a7e-bd63-6d88d90c1ac4,TE,Tight End,receiving_tgts,,9.5,9.5
Tucker Kraft,a2fadaac-562f-5a7e-bd63-6d88d90c1ac4,TE,Tight End,receiving_long,,17.5,17.5
Tucker Kraft,a2fadaac-562f-5a7e-bd63-6d88d90c1ac4,TE,Tight End,period_first_touchdown_scored,,0.5,0.5
Tucker Kraft,a2fadaac-562f-5a7e-bd63-6d88d90c1ac4,TE,Tight End,fantasy_points,,15.35,15.35
Tucker Kraft,a2fadaac-562f-5a7e-bd63-6d88d90c1ac4,TE,Tight End,fantasy_points,,7.35,7.35
Tucker Kraft,a2fadaac-562f-5a7e-bd63-6d88d90c1ac4,TE,Tight End,fantasy_points,,11.35,11.35
Tucker Kraft,a2fadaac-562f-5a7e-bd63-6d88d90c1ac4,TE,Tight End,period_1_rush_rec_tds,,0.5,0.5
Tucker Kraft,a2fadaac-562f-5a7e-bd63-6d88d90c1ac4,TE,Tight End,period_1_receiving_yds,,5.5,5.5
Tucker Kraft,a2fadaac-562f-5a7e-bd63-6d88d90c1ac4,TE,Tight End,period_1_receiving_rec,,0.5,0.5
Tucker Kraft,a2fadaac-562f-5a7e-bd63-6d88d90c1ac4,TE,Tight End,period_1_2_rush_rec_tds,,0.5,0.5
Tucker Kraft,a2fadaac-562f-5a7e-bd63-6d88d90c1ac4,TE,Tight End,period_1_2_receiving_yds,,18.5,18.5
Tucker Kraft,a2fadaac-562f-5a7e-bd63-6d88d90c1ac4,TE,Tight End,25_rec_yds_each_half,,0.5,0.5
Tucker Kraft,a2fadaac-562f-5a7e-bd63-6d88d90c1ac4,TE,Tight End,50_rec_yds_each_half,,0.5,0.5
Tucker Kraft,a2fadaac-562f-5a7e-bd63-6d88d90c1ac4,TE,Tight End,period_1_2_receiving_rec,,1.5,1.5
Tucker Kraft,a2fadaac-562f-5a7e-bd63-6d88d90c1ac4,TE,Tight End,game_high_receiving_yards,,0.5,0.5
Jordan Mason,5af1e185-627e-5345-851d-3c65c5b66614,RB,Running Back,rush_rec_tds,,0.5,0.5
Jordan Mason,5af1e185-627e-5345-851d-3c65c5b66614,RB,Running Back,rushing_yds,,43.5,43.5
Jordan Mason,5af1e185-627e-5345-851d-3c65c5b66614,RB,Running Back,rush_rec_yds,,50.5,50.5
Jordan Mason,5af1e185-627e-5345-851d-3c65c5b66614,RB,Running Back,receiving_yds,,3.5,3.5
Jordan Mason,5af1e185-627e-5345-851d-3c65c5b66614,RB,Running Back,receiving_rec,,0.5,0.5
Jordan Mason,5af1e185-627e-5345-851d-3c65c5b66614,RB,Running Back,rushing_att,,10.5,10.5
Jordan Mason,5af1e185-627e-5345-851d-3c65c5b66614,RB,Running Back,receiving_long,,4.5,4.5
Jordan Mason,5af1e185-627e-5345-851d-3c65c5b66614,RB,Running Back,rushing_long,,12.5,12.5
Jordan Mason,5af1e185-627e-5345-851d-3c65c5b66614,RB,Running Back,period_first_touchdown_scored,,0.5,0.5
Jordan Mason,5af1e185-627e-5345-851d-3c65c5b66614,RB,Running Back,last_touchdown_scored,,0.5,0.5
Jordan Mason,5af1e185-627e-5345-851d-3c65c5b66614,RB,Running Back,fantasy_points,,11.25,11.25
Jordan Mason,5af1e185-627e-5345-851d-3c65c5b66614,RB,Running Back,fantasy_points,,7.25,7.25
Jordan Mason,5af1e185-627e-5345-851d-3c65c5b66614,RB,Running Back,fantasy_points,,15.25,15.25
Jordan Mason,5af1e185-627e-5345-851d-3c65c5b66614,RB,Running Back,period_1_rush_rec_tds,,0.5,0.5
Jordan Mason,5af1e185-627e-5345-851d-3c65c5b66614,RB,Running Back,period_1_receiving_yds,,0.5,0.5
Jordan Mason,5af1e185-627e-5345-851d-3c65c5b66614,RB,Running Back,period_1_receiving_rec,,0.5,0.5
Jordan Mason,5af1e185-627e-5345-851d-3c65c5b66614,RB,Running Back,period_1_rushing_yds,,6.5,6.5
Jordan Mason,5af1e185-627e-5345-851d-3c65c5b66614,RB,Running Back,period_1_2_rush_rec_tds,,0.5,0.5
Jordan Mason,5af1e185-627e-5345-851d-3c65c5b66614,RB,Running Back,period_1_2_receiving_yds,,0.5,0.5
Jordan Mason,5af1e185-627e-5345-851d-3c65c5b66614,RB,Running Back,period_1_2_rushing_yds,,18.5,18.5
Jordan Mason,5af1e185-627e-5345-851d-3c65c5b66614,RB,Running Back,25_rush_yds_each_half,,0.5,0.5
Jordan Mason,5af1e185-627e-5345-851d-3c65c5b66614,RB,Running Back,period_1_2_receiving_rec,,0.5,0.5
Jordan Mason,5af1e185-627e-5345-851d-3c65c5b66614,RB,Running Back,game_high_rushing_yards,,0.5,0.5
Jordan Mason,5af1e185-627e-5345-851d-3c65c5b66614,RB,Running Back,fumbles_lost,,0.5,0.5
Jauan Jennings,5af1e185-627e-5345-851d-3c65c5b66614,WR,Wide Receiver,rush_rec_tds,,0.5,0.5
Jauan Jennings,5af1e185-627e-5345-851d-3c65c5b66614,WR,Wide Receiver,receiving_yds,,23.5,23.5
Jauan Jennings,5af1e185-627e-5345-851d-3c65c5b66614,WR,Wide Receiver,receiving_rec,,2.5,2.5
Jauan Jennings,5af1e185-627e-5345-851d-3c65c5b66614,WR,Wide Receiver,receiving_tgts,,3.5,3.5
Jauan Jennings,5af1e185-627e-5345-851d-3c65c5b66614,WR,Wide Receiver,receiving_tgts,,2.5,2.5
Jauan Jennings,5af1e185-627e-5345-851d-3c65c5b66614,WR,Wide Receiver,receiving_tgts,,7.5,7.5
Jauan Jennings,5af1e185-627e-5345-851d-3c65c5b66614,WR,Wide Receiver,receiving_tgts,,5.5,5.5
Jauan Jennings,5af1e185-627e-5345-851d-3c65c5b66614,WR,Wide Receiver,receiving_tgts,,6.5,6.5
Jauan Jennings,5af1e185-627e-5345-851d-3c65c5b66614,WR,Wide Receiver,receiving_tgts,,4.5,4.5
Jauan Jennings,5af1e185-627e-5345-851d-3c65c5b66614,WR,Wide Receiver,receiving_long,,13.5,13.5
Jauan Jennings,5af1e185-627e-5345-851d-3c65c5b66614,WR,Wide Receiver,period_first_touchdown_scored,,0.5,0.5
Jauan Jennings,5af1e185-627e-5345-851d-3c65c5b66614,WR,Wide Receiver,period_1_rush_rec_tds,,0.5,0.5
Jauan Jennings,5af1e185-627e-5345-851d-3c65c5b66614,WR,Wide Receiver,period_1_receiving_yds,,0.5,0.5
Jauan Jennings,5af1e185-627e-5345-851d-3c65c5b66614,WR,Wide Receiver,period_1_receiving_rec,,0.5,0.5
Jauan Jennings,5af1e185-627e-5345-851d-3c65c5b66614,WR,Wide Receiver,period_1_2_rush_rec_tds,,0.5,0.5
Jauan Jennings,5af1e185-627e-5345-851d-3c65c5b66614,WR,Wide Receiver,25_rec_yds_each_half,,0.5,0.5
Jauan Jennings,5af1e185-627e-5345-851d-3c65c5b66614,WR,Wide Receiver,period_1_2_receiving_yds,,8.5,8.5
Jauan Jennings,5af1e185-627e-5345-851d-3c65c5b66614,WR,Wide Receiver,period_1_2_receiving_rec,,1.5,1.5
Jauan Jennings,5af1e185-627e-5345-851d-3c65c5b66614,WR,Wide Receiver,game_high_receiving_yards,,0.5,0.5
Matthew Golden,a2fadaac-562f-5a7e-bd63-6d88d90c1ac4,WR,Wide Receiver,rush_rec_tds,,0.5,0.5
Matthew Golden,a2fadaac-562f-5a7e-bd63-6d88d90c1ac4,WR,Wide Receiver,receiving_yds,,40.5,40.5
Matthew Golden,a2fadaac-562f-5a7e-bd63-6d88d90c1ac4,WR,Wide Receiver,rush_rec_yds,,42.5,42.5
Matthew Golden,a2fadaac-562f-5a7e-bd63-6d88d90c1ac4,WR,Wide Receiver,receiving_rec,,3.5,3.5
Matthew Golden,a2fadaac-562f-5a7e-bd63-6d88d90c1ac4,WR,Wide Receiver,receiving_tgts,,5.5,5.5
Matthew Golden,a2fadaac-562f-5a7e-bd63-6d88d90c1ac4,WR,Wide Receiver,receiving_tgts,,6.5,6.5
Matthew Golden,a2fadaac-562f-5a7e-bd63-6d88d90c1ac4,WR,Wide Receiver,receiving_tgts,,8.5,8.5
Matthew Golden,a2fadaac-562f-5a7e-bd63-6d88d90c1ac4,WR,Wide Receiver,receiving_tgts,,9.5,9.5
Matthew Golden,a2fadaac-562f-5a7e-bd63-6d88d90c1ac4,WR,Wide Receiver,receiving_tgts,,4.5,4.5
Matthew Golden,a2fadaac-562f-5a7e-bd63-6d88d90c1ac4,WR,Wide Receiver,receiving_tgts,,7.5,7.5
Matthew Golden,a2fadaac-562f-5a7e-bd63-6d88d90c1ac4,WR,Wide Receiver,receiving_long,,19.5,19.5
Matthew Golden,a2fadaac-562f-5a7e-bd63-6d88d90c1ac4,WR,Wide Receiver,period_first_touchdown_scored,,0.5,0.5
Matthew Golden,a2fadaac-562f-5a7e-bd63-6d88d90c1ac4,WR,Wide Receiver,fantasy_points,,14.45,14.45
Matthew Golden,a2fadaac-562f-5a7e-bd63-6d88d90c1ac4,WR,Wide Receiver,fantasy_points,,10.45,10.45
Matthew Golden,a2fadaac-562f-5a7e-bd63-6d88d90c1ac4,WR,Wide Receiver,fantasy_points,,6.45,6.45
Matthew Golden,a2fadaac-562f-5a7e-bd63-6d88d90c1ac4,WR,Wide Receiver,period_1_rush_rec_tds,,0.5,0.5
Matthew Golden,a2fadaac-562f-5a7e-bd63-6d88d90c1ac4,WR,Wide Receiver,period_1_receiving_yds,,1.5,1.5
Matthew Golden,a2fadaac-562f-5a7e-bd63-6d88d90c1ac4,WR,Wide Receiver,period_1_receiving_rec,,0.5,0.5
Matthew Golden,a2fadaac-562f-5a7e-bd63-6d88d90c1ac4,WR,Wide Receiver,period_1_2_rush_rec_tds,,0.5,0.5
Matthew Golden,a2fadaac-562f-5a7e-bd63-6d88d90c1ac4,WR,Wide Receiver,period_1_2_receiving_yds,,16.5,16.5
Matthew Golden,a2fadaac-562f-5a7e-bd63-6d88d90c1ac4,WR,Wide Receiver,25_rec_yds_each_half,,0.5,0.5
Matthew Golden,a2fadaac-562f-5a7e-bd63-6d88d90c1ac4,WR,Wide Receiver,period_1_2_receiving_rec,,1.5,1.5
Matthew Golden,a2fadaac-562f-5a7e-bd63-6d88d90c1ac4,WR,Wide Receiver,50_rec_yds_each_half,,0.5,0.5
Matthew Golden,a2fadaac-562f-5a7e-bd63-6d88d90c1ac4,WR,Wide Receiver,game_high_receiving_yards,,0.5,0.5
Matthew Golden,a2fadaac-562f-5a7e-bd63-6d88d90c1ac4,WR,Wide Receiver,fumbles_lost,,0.5,0.5
Jayden Reed,a2fadaac-562f-5a7e-bd63-6d88d90c1ac4,WR,Wide Receiver,rush_rec_tds,,0.5,0.5
Jordan Addison,5af1e185-627e-5345-851d-3c65c5b66614,WR,Wide Receiver,rush_rec_tds,,0.5,0.5
Jayden Reed,a2fadaac-562f-5a7e-bd63-6d88d90c1ac4,WR,Wide Receiver,rush_rec_yds,,41.5,41.5
Jordan Addison,5af1e185-627e-5345-851d-3c65c5b66614,WR,Wide Receiver,receiving_yds,,42.5,42.5
Jayden Reed,a2fadaac-562f-5a7e-bd63-6d88d90c1ac4,WR,Wide Receiver,receiving_yds,,38.5,38.5
Jordan Addison,5af1e185-627e-5345-851d-3c65c5b66614,WR,Wide Receiver,receiving_rec,,3.5,3.5
Jayden Reed,a2fadaac-562f-5a7e-bd63-6d88d90c1ac4,WR,Wide Receiver,receiving_rec,,3.5,3.5
Jordan Addison,5af1e185-627e-5345-851d-3c65c5b66614,WR,Wide Receiver,receiving_tgts,,4.5,4.5
Jayden Reed,a2fadaac-562f-5a7e-bd63-6d88d90c1ac4,WR,Wide Receiver,receiving_tgts,,8.5,8.5
Jayden Reed,a2fadaac-562f-5a7e-bd63-6d88d90c1ac4,WR,Wide Receiver,receiving_tgts,,6.5,6.5
Jayden Reed,a2fadaac-562f-5a7e-bd63-6d88d90c1ac4,WR,Wide Receiver,receiving_tgts,,9.5,9.5
Jayden Reed,a2fadaac-562f-5a7e-bd63-6d88d90c1ac4,WR,Wide Receiver,receiving_tgts,,7.5,7.5
Jordan Addison,5af1e185-627e-5345-851d-3c65c5b66614,WR,Wide Receiver,receiving_tgts,,6.5,6.5
Jordan Addison,5af1e185-627e-5345-851d-3c65c5b66614,WR,Wide Receiver,receiving_tgts,,8.5,8.5
Jayden Reed,a2fadaac-562f-5a7e-bd63-6d88d90c1ac4,WR,Wide Receiver,receiving_tgts,,4.5,4.5
Jordan Addison,5af1e185-627e-5345-851d-3c65c5b66614,WR,Wide Receiver,receiving_tgts,,7.5,7.5
Jordan Addison,5af1e185-627e-5345-851d-3c65c5b66614,WR,Wide Receiver,receiving_tgts,,9.5,9.5
Jordan Addison,5af1e185-627e-5345-851d-3c65c5b66614,WR,Wide Receiver,receiving_tgts,,5.5,5.5
Jordan Addison,5af1e185-627e-5345-851d-3c65c5b66614,WR,Wide Receiver,receiving_long,,18.5,18.5
Jayden Reed,a2fadaac-562f-5a7e-bd63-6d88d90c1ac4,WR,Wide Receiver,receiving_long,,18.5,18.5
Jayden Reed,a2fadaac-562f-5a7e-bd63-6d88d90c1ac4,WR,Wide Receiver,period_first_touchdown_scored,,0.5,0.5
Jordan Addison,5af1e185-627e-5345-851d-3c65c5b66614,WR,Wide Receiver,period_first_touchdown_scored,,0.5,0.5
Jordan Addison,5af1e185-627e-5345-851d-3c65c5b66614,WR,Wide Receiver,fantasy_points,,10.75,10.75
Jordan Addison,5af1e185-627e-5345-851d-3c65c5b66614,WR,Wide Receiver,fantasy_points,,14.75,14.75
Jayden Reed,a2fadaac-562f-5a7e-bd63-6d88d90c1ac4,WR,Wide Receiver,fantasy_points,,14.15,14.15
Jayden Reed,a2fadaac-562f-5a7e-bd63-6d88d90c1ac4,WR,Wide Receiver,fantasy_points,,6.15,6.15
Jordan Addison,5af1e185-627e-5345-851d-3c65c5b66614,WR,Wide Receiver,fantasy_points,,6.75,6.75
Jayden Reed,a2fadaac-562f-5a7e-bd63-6d88d90c1ac4,WR,Wide Receiver,fantasy_points,,10.15,10.15
Jordan Addison,5af1e185-627e-5345-851d-3c65c5b66614,WR,Wide Receiver,period_1_rush_rec_tds,,0.5,0.5
Jayden Reed,a2fadaac-562f-5a7e-bd63-6d88d90c1ac4,WR,Wide Receiver,period_1_rush_rec_tds,,0.5,0.5
Jayden Reed,a2fadaac-562f-5a7e-bd63-6d88d90c1ac4,WR,Wide Receiver,period_1_receiving_yds,,2.5,2.5
Jordan Addison,5af1e185-627e-5345-851d-3c65c5b66614,WR,Wide Receiver,period_1_receiving_yds,,3.5,3.5
Jayden Reed,a2fadaac-562f-5a7e-bd63-6d88d90c1ac4,WR,Wide Receiver,period_1_receiving_rec,,0.5,0.5
Jordan Addison,5af1e185-627e-5345-851d-3c65c5b66614,WR,Wide Receiver,period_1_receiving_rec,,0.5,0.5
Jayden Reed,a2fadaac-562f-5a7e-bd63-6d88d90c1ac4,WR,Wide Receiver,period_1_2_rush_rec_tds,,0.5,0.5
Jordan Addison,5af1e185-627e-5345-851d-3c65c5b66614,WR,Wide Receiver,period_1_2_rush_rec_tds,,0.5,0.5
Jordan Addison,5af1e185-627e-5345-851d-3c65c5b66614,WR,Wide Receiver,period_1_2_receiving_yds,,17.5,17.5
Jayden Reed,a2fadaac-562f-5a7e-bd63-6d88d90c1ac4,WR,Wide Receiver,25_rec_yds_each_half,,0.5,0.5
Jordan Addison,5af1e185-627e-5345-851d-3c65c5b66614,WR,Wide Receiver,25_rec_yds_each_half,,0.5,0.5
Jayden Reed,a2fadaac-562f-5a7e-bd63-6d88d90c1ac4,WR,Wide Receiver,period_1_2_receiving_yds,,16.5,16.5
Jayden Reed,a2fadaac-562f-5a7e-bd63-6d88d90c1ac4,WR,Wide Receiver,period_1_2_receiving_rec,,1.5,1.5
Jordan Addison,5af1e185-627e-5345-851d-3c65c5b66614,WR,Wide Receiver,50_rec_yds_each_half,,0.5,0.5
Jordan Addison,5af1e185-627e-5345-851d-3c65c5b66614,WR,Wide Receiver,period_1_2_receiving_rec,,1.5,1.5
Jordan Addison,5af1e185-627e-5345-851d-3c65c5b66614,WR,Wide Receiver,game_high_receiving_yards,,0.5,0.5
Jayden Reed,a2fadaac-562f-5a7e-bd63-6d88d90c1ac4,WR,Wide Receiver,game_high_receiving_yards,,0.5,0.5
Jayden Reed,a2fadaac-562f-5a7e-bd63-6d88d90c1ac4,WR,Wide Receiver,fumbles_lost,,0.5,0.5
Jordan Addison,5af1e185-627e-5345-851d-3c65c5b66614,WR,Wide Receiver,fumbles_lost,,0.5,0.5
Kaleb Johnson,a2fadaac-562f-5a7e-bd63-6d88d90c1ac4,RB,Running Back,rush_rec_tds,,0.5,0.5
Kaleb Johnson,a2fadaac-562f-5a7e-bd63-6d88d90c1ac4,RB,Running Back,period_first_touchdown_scored,,0.5,0.5
Kaleb Johnson,a2fadaac-562f-5a7e-bd63-6d88d90c1ac4,RB,Running Back,period_1_rush_rec_tds,,0.5,0.5
Kaleb Johnson,a2fadaac-562f-5a7e-bd63-6d88d90c1ac4,RB,Running Back,period_1_2_rush_rec_tds,,0.5,0.5
T.J. Hockenson,5af1e185-627e-5345-851d-3c65c5b66614,TE,Tight End,rush_rec_tds,,0.5,0.5
Kyler Murray,5af1e185-627e-5345-851d-3c65c5b66614,QB,Quarterback,rush_rec_tds,,0.5,0.5
Kyler Murray,5af1e185-627e-5345-851d-3c65c5b66614,QB,Quarterback,rushing_yds,,22.5,22.5
Kyler Murray,5af1e185-627e-5345-851d-3c65c5b66614,QB,Quarterback,passing_yds,,222.5,222.5
Kyler Murray,5af1e185-627e-5345-851d-3c65c5b66614,QB,Quarterback,passing_tds,,1.5,1.5
T.J. Hockenson,5af1e185-627e-5345-851d-3c65c5b66614,TE,Tight End,receiving_yds,,27.5,27.5
T.J. Hockenson,5af1e185-627e-5345-851d-3c65c5b66614,TE,Tight End,receiving_rec,,3.5,3.5
Kyler Murray,5af1e185-627e-5345-851d-3c65c5b66614,QB,Quarterback,period_1_passing_yds,,46.5,46.5
Kyler Murray,5af1e185-627e-5345-851d-3c65c5b66614,QB,Quarterback,rushing_att,,5.5,5.5
Kyler Murray,5af1e185-627e-5345-851d-3c65c5b66614,QB,Quarterback,passing_and_rushing_yds,,247.5,247.5
Kyler Murray,5af1e185-627e-5345-851d-3c65c5b66614,QB,Quarterback,passing_comps,,21.5,21.5
Kyler Murray,5af1e185-627e-5345-851d-3c65c5b66614,QB,Quarterback,passing_att,,30.5,30.5
Kyler Murray,5af1e185-627e-5345-851d-3c65c5b66614,QB,Quarterback,passing_ints,,0.5,0.5
T.J. Hockenson,5af1e185-627e-5345-851d-3c65c5b66614,TE,Tight End,receiving_tgts,,6.5,6.5
T.J. Hockenson,5af1e185-627e-5345-851d-3c65c5b66614,TE,Tight End,receiving_tgts,,4.5,4.5
T.J. Hockenson,5af1e185-627e-5345-851d-3c65c5b66614,TE,Tight End,receiving_tgts,,5.5,5.5
T.J. Hockenson,5af1e185-627e-5345-851d-3c65c5b66614,TE,Tight End,receiving_tgts,,9.5,9.5
T.J. Hockenson,5af1e185-627e-5345-851d-3c65c5b66614,TE,Tight End,receiving_tgts,,8.5,8.5
T.J. Hockenson,5af1e185-627e-5345-851d-3c65c5b66614,TE,Tight End,receiving_tgts,,7.5,7.5
Kyler Murray,5af1e185-627e-5345-851d-3c65c5b66614,QB,Quarterback,passing_long,,33.5,33.5
Kyler Murray,5af1e185-627e-5345-851d-3c65c5b66614,QB,Quarterback,rushing_long,,11.5,11.5
T.J. Hockenson,5af1e185-627e-5345-851d-3c65c5b66614,TE,Tight End,period_first_touchdown_scored,,0.5,0.5
Kyler Murray,5af1e185-627e-5345-851d-3c65c5b66614,QB,Quarterback,period_first_touchdown_scored,,0.5,0.5
Kyler Murray,5af1e185-627e-5345-851d-3c65c5b66614,QB,Quarterback,fantasy_points,,25.95,25.95
Kyler Murray,5af1e185-627e-5345-851d-3c65c5b66614,QB,Quarterback,fantasy_points,,17.95,17.95
Kyler Murray,5af1e185-627e-5345-851d-3c65c5b66614,QB,Quarterback,fantasy_points,,21.95,21.95
T.J. Hockenson,5af1e185-627e-5345-851d-3c65c5b66614,TE,Tight End,period_1_rush_rec_tds,,0.5,0.5
Kyler Murray,5af1e185-627e-5345-851d-3c65c5b66614,QB,Quarterback,period_1_rush_rec_tds,,0.5,0.5
Kyler Murray,5af1e185-627e-5345-851d-3c65c5b66614,QB,Quarterback,period_1_passing_tds,,0.5,0.5
T.J. Hockenson,5af1e185-627e-5345-851d-3c65c5b66614,TE,Tight End,period_1_receiving_yds,,0.5,0.5
T.J. Hockenson,5af1e185-627e-5345-851d-3c65c5b66614,TE,Tight End,period_1_receiving_rec,,0.5,0.5
Kyler Murray,5af1e185-627e-5345-851d-3c65c5b66614,QB,Quarterback,period_1_rushing_yds,,2.5,2.5
T.J. Hockenson,5af1e185-627e-5345-851d-3c65c5b66614,TE,Tight End,period_1_2_rush_rec_tds,,0.5,0.5
Kyler Murray,5af1e185-627e-5345-851d-3c65c5b66614,QB,Quarterback,period_1_2_rush_rec_tds,,0.5,0.5
Kyler Murray,5af1e185-627e-5345-851d-3c65c5b66614,QB,Quarterback,period_1_2_passing_yds,,110.5,110.5
T.J. Hockenson,5af1e185-627e-5345-851d-3c65c5b66614,TE,Tight End,period_1_2_receiving_yds,,11.5,11.5
T.J. Hockenson,5af1e185-627e-5345-851d-3c65c5b66614,TE,Tight End,25_rec_yds_each_half,,0.5,0.5
Kyler Murray,5af1e185-627e-5345-851d-3c65c5b66614,QB,Quarterback,period_1_2_rushing_yds,,10.5,10.5
Kyler Murray,5af1e185-627e-5345-851d-3c65c5b66614,QB,Quarterback,25_rush_yds_each_half,,0.5,0.5
T.J. Hockenson,5af1e185-627e-5345-851d-3c65c5b66614,TE,Tight End,period_1_2_receiving_rec,,1.5,1.5
Kyler Murray,5af1e185-627e-5345-851d-3c65c5b66614,QB,Quarterback,period_1_2_passing_tds,,0.5,0.5
Kyler Murray,5af1e185-627e-5345-851d-3c65c5b66614,QB,Quarterback,100_pass_yds_each_half,,0.5,0.5
Kyler Murray,5af1e185-627e-5345-851d-3c65c5b66614,QB,Quarterback,25_pass_yds_each_quarter,,0.5,0.5
Kyler Murray,5af1e185-627e-5345-851d-3c65c5b66614,QB,Quarterback,50_pass_yds_each_quarter,,0.5,0.5
Kyler Murray,5af1e185-627e-5345-851d-3c65c5b66614,QB,Quarterback,150_pass_yds_each_half,,0.5,0.5
Kyler Murray,5af1e185-627e-5345-851d-3c65c5b66614,QB,Quarterback,game_high_passing_yards,,0.5,0.5
T.J. Hockenson,5af1e185-627e-5345-851d-3c65c5b66614,TE,Tight End,game_high_receiving_yards,,0.5,0.5
Kyler Murray,5af1e185-627e-5345-851d-3c65c5b66614,QB,Quarterback,game_high_rushing_yards,,0.5,0.5
Kyler Murray,5af1e185-627e-5345-851d-3c65c5b66614,QB,Quarterback,fumbles_lost,,0.5,0.5
Jonnu Smith,a2fadaac-562f-5a7e-bd63-6d88d90c1ac4,TE,Tight End,rush_rec_tds,,0.5,0.5
Jonnu Smith,a2fadaac-562f-5a7e-bd63-6d88d90c1ac4,TE,Tight End,period_1_2_rush_rec_tds,,0.5,0.5
Tai Felton,5af1e185-627e-5345-851d-3c65c5b66614,WR,Wide Receiver,rush_rec_tds,,0.5,0.5
Jordan Love,a2fadaac-562f-5a7e-bd63-6d88d90c1ac4,QB,Quarterback,rush_rec_tds,,0.5,0.5
Jordan Love,a2fadaac-562f-5a7e-bd63-6d88d90c1ac4,QB,Quarterback,rushing_yds,,10.5,10.5
Jordan Love,a2fadaac-562f-5a7e-bd63-6d88d90c1ac4,QB,Quarterback,passing_yds,,239.5,239.5
Jordan Love,a2fadaac-562f-5a7e-bd63-6d88d90c1ac4,QB,Quarterback,passing_tds,,1.5,1.5
Jordan Love,a2fadaac-562f-5a7e-bd63-6d88d90c1ac4,QB,Quarterback,period_1_passing_yds,,49.5,49.5
Jordan Love,a2fadaac-562f-5a7e-bd63-6d88d90c1ac4,QB,Quarterback,rushing_att,,2.5,2.5
Jordan Love,a2fadaac-562f-5a7e-bd63-6d88d90c1ac4,QB,Quarterback,passing_and_rushing_yds,,251.5,251.5
Jordan Love,a2fadaac-562f-5a7e-bd63-6d88d90c1ac4,QB,Quarterback,passing_comps,,20.5,20.5
Jordan Love,a2fadaac-562f-5a7e-bd63-6d88d90c1ac4,QB,Quarterback,passing_att,,32.5,32.5
Jordan Love,a2fadaac-562f-5a7e-bd63-6d88d90c1ac4,QB,Quarterback,passing_ints,,0.5,0.5
Jordan Love,a2fadaac-562f-5a7e-bd63-6d88d90c1ac4,QB,Quarterback,rushing_long,,7.5,7.5
Jordan Love,a2fadaac-562f-5a7e-bd63-6d88d90c1ac4,QB,Quarterback,passing_long,,37.5,37.5
Jordan Love,a2fadaac-562f-5a7e-bd63-6d88d90c1ac4,QB,Quarterback,fantasy_points,,20.35,20.35
Jordan Love,a2fadaac-562f-5a7e-bd63-6d88d90c1ac4,QB,Quarterback,fantasy_points,,16.35,16.35
Jordan Love,a2fadaac-562f-5a7e-bd63-6d88d90c1ac4,QB,Quarterback,fantasy_points,,24.35,24.35
Jordan Love,a2fadaac-562f-5a7e-bd63-6d88d90c1ac4,QB,Quarterback,period_1_passing_tds,,0.5,0.5
Jordan Love,a2fadaac-562f-5a7e-bd63-6d88d90c1ac4,QB,Quarterback,period_1_rushing_yds,,0.5,0.5
Jordan Love,a2fadaac-562f-5a7e-bd63-6d88d90c1ac4,QB,Quarterback,period_1_2_rush_rec_tds,,0.5,0.5
Jordan Love,a2fadaac-562f-5a7e-bd63-6d88d90c1ac4,QB,Quarterback,period_1_2_passing_yds,,115.5,115.5
Jordan Love,a2fadaac-562f-5a7e-bd63-6d88d90c1ac4,QB,Quarterback,period_1_2_rushing_yds,,2.5,2.5
Jordan Love,a2fadaac-562f-5a7e-bd63-6d88d90c1ac4,QB,Quarterback,period_1_2_passing_tds,,0.5,0.5
Jordan Love,a2fadaac-562f-5a7e-bd63-6d88d90c1ac4,QB,Quarterback,25_pass_yds_each_quarter,,0.5,0.5
Jordan Love,a2fadaac-562f-5a7e-bd63-6d88d90c1ac4,QB,Quarterback,100_pass_yds_each_half,,0.5,0.5
Jordan Love,a2fadaac-562f-5a7e-bd63-6d88d90c1ac4,QB,Quarterback,150_pass_yds_each_half,,0.5,0.5
Jordan Love,a2fadaac-562f-5a7e-bd63-6d88d90c1ac4,QB,Quarterback,50_pass_yds_each_quarter,,0.5,0.5
Jordan Love,a2fadaac-562f-5a7e-bd63-6d88d90c1ac4,QB,Quarterback,game_high_passing_yards,,0.5,0.5
Jordan Love,a2fadaac-562f-5a7e-bd63-6d88d90c1ac4,QB,Quarterback,fumbles_lost,,0.5,0.5
Chris Brooks,a2fadaac-562f-5a7e-bd63-6d88d90c1ac4,RB,Running Back,rush_rec_tds,,0.5,0.5
Chris Brooks,a2fadaac-562f-5a7e-bd63-6d88d90c1ac4,RB,Running Back,period_first_touchdown_scored,,0.5,0.5
Chris Brooks,a2fadaac-562f-5a7e-bd63-6d88d90c1ac4,RB,Running Back,period_1_rush_rec_tds,,0.5,0.5
Chris Brooks,a2fadaac-562f-5a7e-bd63-6d88d90c1ac4,RB,Running Back,period_1_2_rush_rec_tds,,0.5,0.5
Josh Oliver,5af1e185-627e-5345-851d-3c65c5b66614,TE,Tight End,rush_rec_tds,,0.5,0.5
Josh Oliver,5af1e185-627e-5345-851d-3c65c5b66614,TE,Tight End,period_1_2_rush_rec_tds,,0.5,0.5
Christian Watson,a2fadaac-562f-5a7e-bd63-6d88d90c1ac4,WR,Wide Receiver,rush_rec_tds,,0.5,0.5
MarShawn Lloyd,a2fadaac-562f-5a7e-bd63-6d88d90c1ac4,RB,Running Back,rush_rec_tds,,0.5,0.5
Demond Claiborne,5af1e185-627e-5345-851d-3c65c5b66614,RB,Running Back,rush_rec_tds,,0.5,0.5
Josh Whyle,a2fadaac-562f-5a7e-bd63-6d88d90c1ac4,TE,Tight End,rush_rec_tds,,0.5,0.5
Skyy Moore,a2fadaac-562f-5a7e-bd63-6d88d90c1ac4,WR,Wide Receiver,rush_rec_tds,,0.5,0.5
Bo Melton,a2fadaac-562f-5a7e-bd63-6d88d90c1ac4,WR,Wide Receiver,rush_rec_tds,,0.5,0.5
Max Bredeson,5af1e185-627e-5345-851d-3c65c5b66614,FB,Full Back,rush_rec_tds,,0.5,0.5
Savion Williams,a2fadaac-562f-5a7e-bd63-6d88d90c1ac4,WR,Wide Receiver,rush_rec_tds,,0.5,0.5
Myles Price,5af1e185-627e-5345-851d-3c65c5b66614,WR,Wide Receiver,rush_rec_tds,,0.5,0.5
MarShawn Lloyd,a2fadaac-562f-5a7e-bd63-6d88d90c1ac4,RB,Running Back,rushing_yds,,50.5,50.5
MarShawn Lloyd,a2fadaac-562f-5a7e-bd63-6d88d90c1ac4,RB,Running Back,receiving_yds,,11.5,11.5
Christian Watson,a2fadaac-562f-5a7e-bd63-6d88d90c1ac4,WR,Wide Receiver,rush_rec_yds,,55.5,55.5
Christian Watson,a2fadaac-562f-5a7e-bd63-6d88d90c1ac4,WR,Wide Receiver,receiving_yds,,55.5,55.5
MarShawn Lloyd,a2fadaac-562f-5a7e-bd63-6d88d90c1ac4,RB,Running Back,rush_rec_yds,,64.5,64.5
MarShawn Lloyd,a2fadaac-562f-5a7e-bd63-6d88d90c1ac4,RB,Running Back,receiving_rec,,1.5,1.5
Christian Watson,a2fadaac-562f-5a7e-bd63-6d88d90c1ac4,WR,Wide Receiver,receiving_rec,,3.5,3.5
MarShawn Lloyd,a2fadaac-562f-5a7e-bd63-6d88d90c1ac4,RB,Running Back,rushing_att,,13.5,13.5
MarShawn Lloyd,a2fadaac-562f-5a7e-bd63-6d88d90c1ac4,RB,Running Back,receiving_tgts,,2.5,2.5
Christian Watson,a2fadaac-562f-5a7e-bd63-6d88d90c1ac4,WR,Wide Receiver,receiving_tgts,,10.5,10.5
Christian Watson,a2fadaac-562f-5a7e-bd63-6d88d90c1ac4,WR,Wide Receiver,receiving_tgts,,6.5,6.5
Christian Watson,a2fadaac-562f-5a7e-bd63-6d88d90c1ac4,WR,Wide Receiver,receiving_tgts,,7.5,7.5
MarShawn Lloyd,a2fadaac-562f-5a7e-bd63-6d88d90c1ac4,RB,Running Back,receiving_tgts,,4.5,4.5
Christian Watson,a2fadaac-562f-5a7e-bd63-6d88d90c1ac4,WR,Wide Receiver,receiving_tgts,,5.5,5.5
Christian Watson,a2fadaac-562f-5a7e-bd63-6d88d90c1ac4,WR,Wide Receiver,receiving_tgts,,8.5,8.5
MarShawn Lloyd,a2fadaac-562f-5a7e-bd63-6d88d90c1ac4,RB,Running Back,receiving_tgts,,5.5,5.5
MarShawn Lloyd,a2fadaac-562f-5a7e-bd63-6d88d90c1ac4,RB,Running Back,receiving_tgts,,6.5,6.5
Christian Watson,a2fadaac-562f-5a7e-bd63-6d88d90c1ac4,WR,Wide Receiver,receiving_tgts,,9.5,9.5
MarShawn Lloyd,a2fadaac-562f-5a7e-bd63-6d88d90c1ac4,RB,Running Back,receiving_tgts,,3.5,3.5
MarShawn Lloyd,a2fadaac-562f-5a7e-bd63-6d88d90c1ac4,RB,Running Back,receiving_long,,8.5,8.5
Christian Watson,a2fadaac-562f-5a7e-bd63-6d88d90c1ac4,WR,Wide Receiver,receiving_long,,23.5,23.5
MarShawn Lloyd,a2fadaac-562f-5a7e-bd63-6d88d90c1ac4,RB,Running Back,rushing_long,,12.5,12.5
MarShawn Lloyd,a2fadaac-562f-5a7e-bd63-6d88d90c1ac4,RB,Running Back,period_first_touchdown_scored,,0.5,0.5
Christian Watson,a2fadaac-562f-5a7e-bd63-6d88d90c1ac4,WR,Wide Receiver,period_first_touchdown_scored,,0.5,0.5
Christian Watson,a2fadaac-562f-5a7e-bd63-6d88d90c1ac4,WR,Wide Receiver,last_touchdown_scored,,0.5,0.5
MarShawn Lloyd,a2fadaac-562f-5a7e-bd63-6d88d90c1ac4,RB,Running Back,last_touchdown_scored,,0.5,0.5
Will Reichard,5af1e185-627e-5345-851d-3c65c5b66614,K,Kicker,field_goals_made,,1.5,1.5
Trey Smack,a2fadaac-562f-5a7e-bd63-6d88d90c1ac4,K,Kicker,field_goals_made,,1.5,1.5
Trey Smack,a2fadaac-562f-5a7e-bd63-6d88d90c1ac4,K,Kicker,kicking_points,,6.5,6.5
Will Reichard,5af1e185-627e-5345-851d-3c65c5b66614,K,Kicker,kicking_points,,7.5,7.5
Will Reichard,5af1e185-627e-5345-851d-3c65c5b66614,K,Kicker,extra_points_made,,2.5,2.5
Trey Smack,a2fadaac-562f-5a7e-bd63-6d88d90c1ac4,K,Kicker,extra_points_made,,2.5,2.5
Dani Dennis-Sutton,a2fadaac-562f-5a7e-bd63-6d88d90c1ac4,DE,Defensive End,sacks,,0.5,0.5
Lukas Van Ness,a2fadaac-562f-5a7e-bd63-6d88d90c1ac4,DE,Defensive End,sacks,,0.5,0.5
Chris McClellan,a2fadaac-562f-5a7e-bd63-6d88d90c1ac4,DT,Defensive Tackle,sacks,,0.5,0.5
Devonte Wyatt,a2fadaac-562f-5a7e-bd63-6d88d90c1ac4,DT,Defensive Tackle,sacks,,0.5,0.5
Keisean Nixon,a2fadaac-562f-5a7e-bd63-6d88d90c1ac4,CB,Cornerback,sacks,,0.5,0.5
Evan Williams,a2fadaac-562f-5a7e-bd63-6d88d90c1ac4,SAF,Safety,sacks,,0.5,0.5
Javon Hargrave,a2fadaac-562f-5a7e-bd63-6d88d90c1ac4,DT,Defensive Tackle,sacks,,0.5,0.5
Zaire Franklin,a2fadaac-562f-5a7e-bd63-6d88d90c1ac4,LB,Linebacker,sacks,,0.5,0.5
Xavier McKinney,a2fadaac-562f-5a7e-bd63-6d88d90c1ac4,SAF,Safety,sacks,,0.5,0.5
Karl Brooks,a2fadaac-562f-5a7e-bd63-6d88d90c1ac4,DT,Defensive Tackle,sacks,,0.5,0.5
Javon Bullard,a2fadaac-562f-5a7e-bd63-6d88d90c1ac4,SAF,Safety,sacks,,0.5,0.5
Edgerrin Cooper,a2fadaac-562f-5a7e-bd63-6d88d90c1ac4,LB,Linebacker,sacks,,0.5,0.5
Barryn Sorrell,a2fadaac-562f-5a7e-bd63-6d88d90c1ac4,DE,Defensive End,sacks,,0.5,0.5
MarShawn Lloyd,a2fadaac-562f-5a7e-bd63-6d88d90c1ac4,RB,Running Back,fantasy_points,,14.85,14.85
Christian Watson,a2fadaac-562f-5a7e-bd63-6d88d90c1ac4,WR,Wide Receiver,fantasy_points,,16.95,16.95
MarShawn Lloyd,a2fadaac-562f-5a7e-bd63-6d88d90c1ac4,RB,Running Back,fantasy_points,,10.85,10.85
MarShawn Lloyd,a2fadaac-562f-5a7e-bd63-6d88d90c1ac4,RB,Running Back,fantasy_points,,18.85,18.85
Christian Watson,a2fadaac-562f-5a7e-bd63-6d88d90c1ac4,WR,Wide Receiver,fantasy_points,,8.95,8.95
Christian Watson,a2fadaac-562f-5a7e-bd63-6d88d90c1ac4,WR,Wide Receiver,fantasy_points,,12.95,12.95
MarShawn Lloyd,a2fadaac-562f-5a7e-bd63-6d88d90c1ac4,RB,Running Back,period_1_rush_rec_tds,,0.5,0.5
Christian Watson,a2fadaac-562f-5a7e-bd63-6d88d90c1ac4,WR,Wide Receiver,period_1_rush_rec_tds,,0.5,0.5
MarShawn Lloyd,a2fadaac-562f-5a7e-bd63-6d88d90c1ac4,RB,Running Back,period_1_receiving_yds,,0.5,0.5
Christian Watson,a2fadaac-562f-5a7e-bd63-6d88d90c1ac4,WR,Wide Receiver,period_1_receiving_yds,,6.5,6.5
Christian Watson,a2fadaac-562f-5a7e-bd63-6d88d90c1ac4,WR,Wide Receiver,period_1_receiving_rec,,0.5,0.5
MarShawn Lloyd,a2fadaac-562f-5a7e-bd63-6d88d90c1ac4,RB,Running Back,period_1_receiving_rec,,0.5,0.5
MarShawn Lloyd,a2fadaac-562f-5a7e-bd63-6d88d90c1ac4,RB,Running Back,period_1_rushing_yds,,11.5,11.5
Skyy Moore,a2fadaac-562f-5a7e-bd63-6d88d90c1ac4,WR,Wide Receiver,period_1_2_rush_rec_tds,,0.5,0.5
Savion Williams,a2fadaac-562f-5a7e-bd63-6d88d90c1ac4,WR,Wide Receiver,period_1_2_rush_rec_tds,,0.5,0.5
Bo Melton,a2fadaac-562f-5a7e-bd63-6d88d90c1ac4,WR,Wide Receiver,period_1_2_rush_rec_tds,,0.5,0.5
Theo Jackson,5af1e185-627e-5345-851d-3c65c5b66614,SAF,Safety,defensive_ints,,0.5,0.5
Keisean Nixon,a2fadaac-562f-5a7e-bd63-6d88d90c1ac4,CB,Cornerback,defensive_ints,,0.5,0.5
Byron Murphy,5af1e185-627e-5345-851d-3c65c5b66614,CB,Cornerback,defensive_ints,,0.5,0.5
Xavier McKinney,a2fadaac-562f-5a7e-bd63-6d88d90c1ac4,SAF,Safety,defensive_ints,,0.5,0.5
Brandon Cisse,a2fadaac-562f-5a7e-bd63-6d88d90c1ac4,CB,Cornerback,defensive_ints,,0.5,0.5
Christian Watson,a2fadaac-562f-5a7e-bd63-6d88d90c1ac4,WR,Wide Receiver,period_1_2_rush_rec_tds,,0.5,0.5
Evan Williams,a2fadaac-562f-5a7e-bd63-6d88d90c1ac4,SAF,Safety,defensive_ints,,0.5,0.5
Zaire Franklin,a2fadaac-562f-5a7e-bd63-6d88d90c1ac4,LB,Linebacker,defensive_ints,,0.5,0.5
Myles Price,5af1e185-627e-5345-851d-3c65c5b66614,WR,Wide Receiver,period_1_2_rush_rec_tds,,0.5,0.5
Max Bredeson,5af1e185-627e-5345-851d-3c65c5b66614,FB,Full Back,period_1_2_rush_rec_tds,,0.5,0.5
Edgerrin Cooper,a2fadaac-562f-5a7e-bd63-6d88d90c1ac4,LB,Linebacker,defensive_ints,,0.5,0.5
Javon Bullard,a2fadaac-562f-5a7e-bd63-6d88d90c1ac4,SAF,Safety,defensive_ints,,0.5,0.5
Isaiah Rodgers,5af1e185-627e-5345-851d-3c65c5b66614,CB,Cornerback,defensive_ints,,0.5,0.5
Demond Claiborne,5af1e185-627e-5345-851d-3c65c5b66614,RB,Running Back,period_1_2_rush_rec_tds,,0.5,0.5
Joshua Metellus,5af1e185-627e-5345-851d-3c65c5b66614,SAF,Safety,defensive_ints,,0.5,0.5
MarShawn Lloyd,a2fadaac-562f-5a7e-bd63-6d88d90c1ac4,RB,Running Back,period_1_2_rush_rec_tds,,0.5,0.5
Christian Watson,a2fadaac-562f-5a7e-bd63-6d88d90c1ac4,WR,Wide Receiver,period_1_2_receiving_yds,,23.5,23.5
MarShawn Lloyd,a2fadaac-562f-5a7e-bd63-6d88d90c1ac4,RB,Running Back,period_1_2_receiving_yds,,4.5,4.5
Christian Watson,a2fadaac-562f-5a7e-bd63-6d88d90c1ac4,WR,Wide Receiver,25_rec_yds_each_half,,0.5,0.5
MarShawn Lloyd,a2fadaac-562f-5a7e-bd63-6d88d90c1ac4,RB,Running Back,25_rush_yds_each_half,,0.5,0.5
MarShawn Lloyd,a2fadaac-562f-5a7e-bd63-6d88d90c1ac4,RB,Running Back,period_1_2_rushing_yds,,24.5,24.5
MarShawn Lloyd,a2fadaac-562f-5a7e-bd63-6d88d90c1ac4,RB,Running Back,period_1_2_receiving_rec,,0.5,0.5
Christian Watson,a2fadaac-562f-5a7e-bd63-6d88d90c1ac4,WR,Wide Receiver,50_rec_yds_each_half,,0.5,0.5
Christian Watson,a2fadaac-562f-5a7e-bd63-6d88d90c1ac4,WR,Wide Receiver,period_1_2_receiving_rec,,1.5,1.5
MarShawn Lloyd,a2fadaac-562f-5a7e-bd63-6d88d90c1ac4,RB,Running Back,50_rush_yds_each_half,,0.5,0.5
Christian Watson,a2fadaac-562f-5a7e-bd63-6d88d90c1ac4,WR,Wide Receiver,game_high_receiving_yards,,0.5,0.5
MarShawn Lloyd,a2fadaac-562f-5a7e-bd63-6d88d90c1ac4,RB,Running Back,game_high_rushing_yards,,0.5,0.5
MarShawn Lloyd,a2fadaac-562f-5a7e-bd63-6d88d90c1ac4,RB,Running Back,fumbles_lost,,0.5,0.5
Christian Watson,a2fadaac-562f-5a7e-bd63-6d88d90c1ac4,WR,Wide Receiver,fumbles_lost,,0.5,0.5
Saquon Barkley,de7219e5-92f1-5989-804a-68479055ba42,RB,Running Back,rush_rec_tds,,0.5,0.5
Saquon Barkley,de7219e5-92f1-5989-804a-68479055ba42,RB,Running Back,rushing_yds,,77.5,77.5
Saquon Barkley,de7219e5-92f1-5989-804a-68479055ba42,RB,Running Back,rush_rec_yds,,98.5,98.5
Saquon Barkley,de7219e5-92f1-5989-804a-68479055ba42,RB,Running Back,receiving_yds,,15.5,15.5
Saquon Barkley,de7219e5-92f1-5989-804a-68479055ba42,RB,Running Back,receiving_rec,,2.5,2.5
Saquon Barkley,de7219e5-92f1-5989-804a-68479055ba42,RB,Running Back,rushing_att,,18.5,18.5
Saquon Barkley,de7219e5-92f1-5989-804a-68479055ba42,RB,Running Back,receiving_tgts,,5.5,5.5
Saquon Barkley,de7219e5-92f1-5989-804a-68479055ba42,RB,Running Back,receiving_tgts,,4.5,4.5
Saquon Barkley,de7219e5-92f1-5989-804a-68479055ba42,RB,Running Back,receiving_tgts,,2.5,2.5
Saquon Barkley,de7219e5-92f1-5989-804a-68479055ba42,RB,Running Back,receiving_tgts,,7.5,7.5
Saquon Barkley,de7219e5-92f1-5989-804a-68479055ba42,RB,Running Back,receiving_tgts,,6.5,6.5
Saquon Barkley,de7219e5-92f1-5989-804a-68479055ba42,RB,Running Back,receiving_tgts,,3.5,3.5
Saquon Barkley,de7219e5-92f1-5989-804a-68479055ba42,RB,Running Back,receiving_long,,10.5,10.5
Saquon Barkley,de7219e5-92f1-5989-804a-68479055ba42,RB,Running Back,rushing_long,,17.5,17.5
Saquon Barkley,de7219e5-92f1-5989-804a-68479055ba42,RB,Running Back,period_first_touchdown_scored,,0.5,0.5
Saquon Barkley,de7219e5-92f1-5989-804a-68479055ba42,RB,Running Back,last_touchdown_scored,,0.5,0.5
Saquon Barkley,de7219e5-92f1-5989-804a-68479055ba42,RB,Running Back,fantasy_points,,14.65,14.65
Saquon Barkley,de7219e5-92f1-5989-804a-68479055ba42,RB,Running Back,fantasy_points,,22.65,22.65
Saquon Barkley,de7219e5-92f1-5989-804a-68479055ba42,RB,Running Back,fantasy_points,,18.65,18.65
Saquon Barkley,de7219e5-92f1-5989-804a-68479055ba42,RB,Running Back,period_1_rush_rec_tds,,0.5,0.5
Saquon Barkley,de7219e5-92f1-5989-804a-68479055ba42,RB,Running Back,period_1_receiving_yds,,0.5,0.5
Saquon Barkley,de7219e5-92f1-5989-804a-68479055ba42,RB,Running Back,period_1_receiving_rec,,0.5,0.5
Saquon Barkley,de7219e5-92f1-5989-804a-68479055ba42,RB,Running Back,period_1_rushing_yds,,15.5,15.5
Saquon Barkley,de7219e5-92f1-5989-804a-68479055ba42,RB,Running Back,period_1_2_rush_rec_tds,,0.5,0.5
Saquon Barkley,de7219e5-92f1-5989-804a-68479055ba42,RB,Running Back,period_1_2_receiving_yds,,7.5,7.5
Saquon Barkley,de7219e5-92f1-5989-804a-68479055ba42,RB,Running Back,period_1_2_rushing_yds,,35.5,35.5
Saquon Barkley,de7219e5-92f1-5989-804a-68479055ba42,RB,Running Back,25_rush_yds_each_half,,0.5,0.5
Saquon Barkley,de7219e5-92f1-5989-804a-68479055ba42,RB,Running Back,period_1_2_receiving_rec,,1.5,1.5
Saquon Barkley,de7219e5-92f1-5989-804a-68479055ba42,RB,Running Back,50_rush_yds_each_half,,0.5,0.5
Saquon Barkley,de7219e5-92f1-5989-804a-68479055ba42,RB,Running Back,fumbles_lost,,0.5,0.5
Jalen Hurts,de7219e5-92f1-5989-804a-68479055ba42,QB,Quarterback,rush_rec_tds,,0.5,0.5
Jalen Hurts,de7219e5-92f1-5989-804a-68479055ba42,QB,Quarterback,passing_yds,,214.5,214.5
Jalen Hurts,de7219e5-92f1-5989-804a-68479055ba42,QB,Quarterback,rushing_yds,,27.5,27.5
Jalen Hurts,de7219e5-92f1-5989-804a-68479055ba42,QB,Quarterback,passing_tds,,1.5,1.5
Jalen Hurts,de7219e5-92f1-5989-804a-68479055ba42,QB,Quarterback,rushing_att,,6.5,6.5
Jalen Hurts,de7219e5-92f1-5989-804a-68479055ba42,QB,Quarterback,period_1_passing_yds,,45.5,45.5
Jalen Hurts,de7219e5-92f1-5989-804a-68479055ba42,QB,Quarterback,passing_comps,,18.5,18.5
Jalen Hurts,de7219e5-92f1-5989-804a-68479055ba42,QB,Quarterback,passing_and_rushing_yds,,241.5,241.5
Jalen Hurts,de7219e5-92f1-5989-804a-68479055ba42,QB,Quarterback,passing_att,,28.5,28.5
Jalen Hurts,de7219e5-92f1-5989-804a-68479055ba42,QB,Quarterback,passing_ints,,0.5,0.5
Jalen Hurts,de7219e5-92f1-5989-804a-68479055ba42,QB,Quarterback,passing_long,,35.5,35.5
Jalen Hurts,de7219e5-92f1-5989-804a-68479055ba42,QB,Quarterback,rushing_long,,13.5,13.5
Jalen Hurts,de7219e5-92f1-5989-804a-68479055ba42,QB,Quarterback,period_first_touchdown_scored,,0.5,0.5
Jalen Hurts,de7219e5-92f1-5989-804a-68479055ba42,QB,Quarterback,last_touchdown_scored,,0.5,0.5
Jalen Hurts,de7219e5-92f1-5989-804a-68479055ba42,QB,Quarterback,fantasy_points,,19.75,19.75
Jalen Hurts,de7219e5-92f1-5989-804a-68479055ba42,QB,Quarterback,fantasy_points,,27.75,27.75
Jalen Hurts,de7219e5-92f1-5989-804a-68479055ba42,QB,Quarterback,fantasy_points,,23.75,23.75
Jalen Hurts,de7219e5-92f1-5989-804a-68479055ba42,QB,Quarterback,period_1_rush_rec_tds,,0.5,0.5
Jalen Hurts,de7219e5-92f1-5989-804a-68479055ba42,QB,Quarterback,period_1_passing_tds,,0.5,0.5
Jalen Hurts,de7219e5-92f1-5989-804a-68479055ba42,QB,Quarterback,period_1_rushing_yds,,3.5,3.5
Jalen Hurts,de7219e5-92f1-5989-804a-68479055ba42,QB,Quarterback,period_1_2_rush_rec_tds,,0.5,0.5
Jalen Hurts,de7219e5-92f1-5989-804a-68479055ba42,QB,Quarterback,period_1_2_passing_yds,,107.5,107.5
Jalen Hurts,de7219e5-92f1-5989-804a-68479055ba42,QB,Quarterback,25_rush_yds_each_half,,0.5,0.5
Jalen Hurts,de7219e5-92f1-5989-804a-68479055ba42,QB,Quarterback,period_1_2_rushing_yds,,13.5,13.5
Jalen Hurts,de7219e5-92f1-5989-804a-68479055ba42,QB,Quarterback,period_1_2_passing_tds,,0.5,0.5
Jalen Hurts,de7219e5-92f1-5989-804a-68479055ba42,QB,Quarterback,25_pass_yds_each_quarter,,0.5,0.5
Jalen Hurts,de7219e5-92f1-5989-804a-68479055ba42,QB,Quarterback,100_pass_yds_each_half,,0.5,0.5
Jalen Hurts,de7219e5-92f1-5989-804a-68479055ba42,QB,Quarterback,150_pass_yds_each_half,,0.5,0.5
Jalen Hurts,de7219e5-92f1-5989-804a-68479055ba42,QB,Quarterback,50_pass_yds_each_quarter,,0.5,0.5
Jalen Hurts,de7219e5-92f1-5989-804a-68479055ba42,QB,Quarterback,fumbles_lost,,0.5,0.5
Terry McLaurin,a6d8dc19-daaf-5798-a8f2-df7f9fc9eecd,WR,Wide Receiver,rush_rec_tds,,0.5,0.5
Terry McLaurin,a6d8dc19-daaf-5798-a8f2-df7f9fc9eecd,WR,Wide Receiver,receiving_yds,,52.5,52.5
Terry McLaurin,a6d8dc19-daaf-5798-a8f2-df7f9fc9eecd,WR,Wide Receiver,rush_rec_yds,,49.5,49.5
Terry McLaurin,a6d8dc19-daaf-5798-a8f2-df7f9fc9eecd,WR,Wide Receiver,receiving_rec,,3.5,3.5
Terry McLaurin,a6d8dc19-daaf-5798-a8f2-df7f9fc9eecd,WR,Wide Receiver,receiving_tgts,,8.5,8.5
Terry McLaurin,a6d8dc19-daaf-5798-a8f2-df7f9fc9eecd,WR,Wide Receiver,receiving_tgts,,7.5,7.5
Terry McLaurin,a6d8dc19-daaf-5798-a8f2-df7f9fc9eecd,WR,Wide Receiver,receiving_tgts,,6.5,6.5
Terry McLaurin,a6d8dc19-daaf-5798-a8f2-df7f9fc9eecd,WR,Wide Receiver,receiving_tgts,,5.5,5.5
Terry McLaurin,a6d8dc19-daaf-5798-a8f2-df7f9fc9eecd,WR,Wide Receiver,receiving_tgts,,9.5,9.5
Terry McLaurin,a6d8dc19-daaf-5798-a8f2-df7f9fc9eecd,WR,Wide Receiver,receiving_tgts,,10.5,10.5
Terry McLaurin,a6d8dc19-daaf-5798-a8f2-df7f9fc9eecd,WR,Wide Receiver,receiving_long,,20.5,20.5
Terry McLaurin,a6d8dc19-daaf-5798-a8f2-df7f9fc9eecd,WR,Wide Receiver,period_first_touchdown_scored,,0.5,0.5
Terry McLaurin,a6d8dc19-daaf-5798-a8f2-df7f9fc9eecd,WR,Wide Receiver,fantasy_points,,7.95,7.95
Terry McLaurin,a6d8dc19-daaf-5798-a8f2-df7f9fc9eecd,WR,Wide Receiver,fantasy_points,,15.95,15.95
Terry McLaurin,a6d8dc19-daaf-5798-a8f2-df7f9fc9eecd,WR,Wide Receiver,fantasy_points,,11.95,11.95
Terry McLaurin,a6d8dc19-daaf-5798-a8f2-df7f9fc9eecd,WR,Wide Receiver,period_1_rush_rec_tds,,0.5,0.5
Terry McLaurin,a6d8dc19-daaf-5798-a8f2-df7f9fc9eecd,WR,Wide Receiver,period_1_receiving_yds,,7.5,7.5
Terry McLaurin,a6d8dc19-daaf-5798-a8f2-df7f9fc9eecd,WR,Wide Receiver,period_1_receiving_rec,,0.5,0.5
Terry McLaurin,a6d8dc19-daaf-5798-a8f2-df7f9fc9eecd,WR,Wide Receiver,period_1_2_rush_rec_tds,,0.5,0.5
Terry McLaurin,a6d8dc19-daaf-5798-a8f2-df7f9fc9eecd,WR,Wide Receiver,period_1_2_receiving_yds,,22.5,22.5
Terry McLaurin,a6d8dc19-daaf-5798-a8f2-df7f9fc9eecd,WR,Wide Receiver,25_rec_yds_each_half,,0.5,0.5
Terry McLaurin,a6d8dc19-daaf-5798-a8f2-df7f9fc9eecd,WR,Wide Receiver,50_rec_yds_each_half,,0.5,0.5
Terry McLaurin,a6d8dc19-daaf-5798-a8f2-df7f9fc9eecd,WR,Wide Receiver,period_1_2_receiving_rec,,1.5,1.5
Jayden Daniels,a6d8dc19-daaf-5798-a8f2-df7f9fc9eecd,QB,Quarterback,rush_rec_tds,,0.5,0.5
Tank Bigsby,de7219e5-92f1-5989-804a-68479055ba42,RB,Running Back,rush_rec_tds,,0.5,0.5
Jayden Daniels,a6d8dc19-daaf-5798-a8f2-df7f9fc9eecd,QB,Quarterback,passing_yds,,205.5,205.5
Jayden Daniels,a6d8dc19-daaf-5798-a8f2-df7f9fc9eecd,QB,Quarterback,rushing_yds,,38.5,38.5
Jayden Daniels,a6d8dc19-daaf-5798-a8f2-df7f9fc9eecd,QB,Quarterback,passing_tds,,0.5,0.5
Jayden Daniels,a6d8dc19-daaf-5798-a8f2-df7f9fc9eecd,QB,Quarterback,period_1_passing_yds,,42.5,42.5
Jayden Daniels,a6d8dc19-daaf-5798-a8f2-df7f9fc9eecd,QB,Quarterback,rushing_att,,7.5,7.5
Jayden Daniels,a6d8dc19-daaf-5798-a8f2-df7f9fc9eecd,QB,Quarterback,passing_and_rushing_yds,,244.5,244.5
Jayden Daniels,a6d8dc19-daaf-5798-a8f2-df7f9fc9eecd,QB,Quarterback,passing_comps,,17.5,17.5
Jayden Daniels,a6d8dc19-daaf-5798-a8f2-df7f9fc9eecd,QB,Quarterback,passing_att,,29.5,29.5
Jayden Daniels,a6d8dc19-daaf-5798-a8f2-df7f9fc9eecd,QB,Quarterback,passing_ints,,0.5,0.5
Jayden Daniels,a6d8dc19-daaf-5798-a8f2-df7f9fc9eecd,QB,Quarterback,passing_long,,34.5,34.5
Jayden Daniels,a6d8dc19-daaf-5798-a8f2-df7f9fc9eecd,QB,Quarterback,rushing_long,,13.5,13.5
Tank Bigsby,de7219e5-92f1-5989-804a-68479055ba42,RB,Running Back,period_first_touchdown_scored,,0.5,0.5
Jayden Daniels,a6d8dc19-daaf-5798-a8f2-df7f9fc9eecd,QB,Quarterback,period_first_touchdown_scored,,0.5,0.5
Jayden Daniels,a6d8dc19-daaf-5798-a8f2-df7f9fc9eecd,QB,Quarterback,fantasy_points,,21.85,21.85
Jayden Daniels,a6d8dc19-daaf-5798-a8f2-df7f9fc9eecd,QB,Quarterback,fantasy_points,,25.85,25.85
Jayden Daniels,a6d8dc19-daaf-5798-a8f2-df7f9fc9eecd,QB,Quarterback,fantasy_points,,17.85,17.85
Tank Bigsby,de7219e5-92f1-5989-804a-68479055ba42,RB,Running Back,period_1_rush_rec_tds,,0.5,0.5
Jayden Daniels,a6d8dc19-daaf-5798-a8f2-df7f9fc9eecd,QB,Quarterback,period_1_rush_rec_tds,,0.5,0.5
Jayden Daniels,a6d8dc19-daaf-5798-a8f2-df7f9fc9eecd,QB,Quarterback,period_1_passing_tds,,0.5,0.5
Jayden Daniels,a6d8dc19-daaf-5798-a8f2-df7f9fc9eecd,QB,Quarterback,period_1_rushing_yds,,6.5,6.5
Tank Bigsby,de7219e5-92f1-5989-804a-68479055ba42,RB,Running Back,period_1_2_rush_rec_tds,,0.5,0.5
Jayden Daniels,a6d8dc19-daaf-5798-a8f2-df7f9fc9eecd,QB,Quarterback,period_1_2_rush_rec_tds,,0.5,0.5
Jayden Daniels,a6d8dc19-daaf-5798-a8f2-df7f9fc9eecd,QB,Quarterback,period_1_2_passing_yds,,98.5,98.5
Jayden Daniels,a6d8dc19-daaf-5798-a8f2-df7f9fc9eecd,QB,Quarterback,period_1_2_rushing_yds,,17.5,17.5
Jayden Daniels,a6d8dc19-daaf-5798-a8f2-df7f9fc9eecd,QB,Quarterback,25_rush_yds_each_half,,0.5,0.5
Jayden Daniels,a6d8dc19-daaf-5798-a8f2-df7f9fc9eecd,QB,Quarterback,period_1_2_passing_tds,,0.5,0.5
Jayden Daniels,a6d8dc19-daaf-5798-a8f2-df7f9fc9eecd,QB,Quarterback,100_pass_yds_each_half,,0.5,0.5
Jayden Daniels,a6d8dc19-daaf-5798-a8f2-df7f9fc9eecd,QB,Quarterback,25_pass_yds_each_quarter,,0.5,0.5
Jayden Daniels,a6d8dc19-daaf-5798-a8f2-df7f9fc9eecd,QB,Quarterback,50_pass_yds_each_quarter,,0.5,0.5
Jayden Daniels,a6d8dc19-daaf-5798-a8f2-df7f9fc9eecd,QB,Quarterback,fumbles_lost,,0.5,0.5
DeVonta Smith,de7219e5-92f1-5989-804a-68479055ba42,WR,Wide Receiver,rush_rec_tds,,0.5,0.5
DeVonta Smith,de7219e5-92f1-5989-804a-68479055ba42,WR,Wide Receiver,rush_rec_yds,,63.5,63.5
DeVonta Smith,de7219e5-92f1-5989-804a-68479055ba42,WR,Wide Receiver,receiving_yds,,66.5,66.5
DeVonta Smith,de7219e5-92f1-5989-804a-68479055ba42,WR,Wide Receiver,receiving_rec,,5.5,5.5
DeVonta Smith,de7219e5-92f1-5989-804a-68479055ba42,WR,Wide Receiver,receiving_tgts,,7.5,7.5
DeVonta Smith,de7219e5-92f1-5989-804a-68479055ba42,WR,Wide Receiver,receiving_tgts,,12.5,12.5
DeVonta Smith,de7219e5-92f1-5989-804a-68479055ba42,WR,Wide Receiver,receiving_tgts,,11.5,11.5
DeVonta Smith,de7219e5-92f1-5989-804a-68479055ba42,WR,Wide Receiver,receiving_tgts,,8.5,8.5
DeVonta Smith,de7219e5-92f1-5989-804a-68479055ba42,WR,Wide Receiver,receiving_tgts,,9.5,9.5
DeVonta Smith,de7219e5-92f1-5989-804a-68479055ba42,WR,Wide Receiver,receiving_tgts,,10.5,10.5
DeVonta Smith,de7219e5-92f1-5989-804a-68479055ba42,WR,Wide Receiver,receiving_long,,22.5,22.5
DeVonta Smith,de7219e5-92f1-5989-804a-68479055ba42,WR,Wide Receiver,period_first_touchdown_scored,,0.5,0.5
DeVonta Smith,de7219e5-92f1-5989-804a-68479055ba42,WR,Wide Receiver,last_touchdown_scored,,0.5,0.5
DeVonta Smith,de7219e5-92f1-5989-804a-68479055ba42,WR,Wide Receiver,fantasy_points,,10.75,10.75
DeVonta Smith,de7219e5-92f1-5989-804a-68479055ba42,WR,Wide Receiver,fantasy_points,,14.75,14.75
DeVonta Smith,de7219e5-92f1-5989-804a-68479055ba42,WR,Wide Receiver,fantasy_points,,18.75,18.75
DeVonta Smith,de7219e5-92f1-5989-804a-68479055ba42,WR,Wide Receiver,period_1_rush_rec_tds,,0.5,0.5
DeVonta Smith,de7219e5-92f1-5989-804a-68479055ba42,WR,Wide Receiver,period_1_receiving_yds,,10.5,10.5
DeVonta Smith,de7219e5-92f1-5989-804a-68479055ba42,WR,Wide Receiver,period_1_receiving_rec,,1.5,1.5
DeVonta Smith,de7219e5-92f1-5989-804a-68479055ba42,WR,Wide Receiver,period_1_2_rush_rec_tds,,0.5,0.5
DeVonta Smith,de7219e5-92f1-5989-804a-68479055ba42,WR,Wide Receiver,25_rec_yds_each_half,,0.5,0.5
DeVonta Smith,de7219e5-92f1-5989-804a-68479055ba42,WR,Wide Receiver,period_1_2_receiving_yds,,29.5,29.5
DeVonta Smith,de7219e5-92f1-5989-804a-68479055ba42,WR,Wide Receiver,50_rec_yds_each_half,,0.5,0.5
DeVonta Smith,de7219e5-92f1-5989-804a-68479055ba42,WR,Wide Receiver,period_1_2_receiving_rec,,2.5,2.5
Stefon Diggs,a6d8dc19-daaf-5798-a8f2-df7f9fc9eecd,WR,Wide Receiver,rush_rec_tds,,0.5,0.5
Stefon Diggs,a6d8dc19-daaf-5798-a8f2-df7f9fc9eecd,WR,Wide Receiver,receiving_yds,,41.5,41.5
Stefon Diggs,a6d8dc19-daaf-5798-a8f2-df7f9fc9eecd,WR,Wide Receiver,receiving_rec,,3.5,3.5
Stefon Diggs,a6d8dc19-daaf-5798-a8f2-df7f9fc9eecd,WR,Wide Receiver,receiving_tgts,,7.5,7.5
Stefon Diggs,a6d8dc19-daaf-5798-a8f2-df7f9fc9eecd,WR,Wide Receiver,receiving_tgts,,5.5,5.5
Stefon Diggs,a6d8dc19-daaf-5798-a8f2-df7f9fc9eecd,WR,Wide Receiver,receiving_tgts,,8.5,8.5
Stefon Diggs,a6d8dc19-daaf-5798-a8f2-df7f9fc9eecd,WR,Wide Receiver,receiving_tgts,,10.5,10.5
Stefon Diggs,a6d8dc19-daaf-5798-a8f2-df7f9fc9eecd,WR,Wide Receiver,receiving_tgts,,6.5,6.5
Stefon Diggs,a6d8dc19-daaf-5798-a8f2-df7f9fc9eecd,WR,Wide Receiver,receiving_tgts,,9.5,9.5
Stefon Diggs,a6d8dc19-daaf-5798-a8f2-df7f9fc9eecd,WR,Wide Receiver,receiving_long,,18.5,18.5
Stefon Diggs,a6d8dc19-daaf-5798-a8f2-df7f9fc9eecd,WR,Wide Receiver,period_first_touchdown_scored,,0.5,0.5
Stefon Diggs,a6d8dc19-daaf-5798-a8f2-df7f9fc9eecd,WR,Wide Receiver,fantasy_points,,14.75,14.75
Stefon Diggs,a6d8dc19-daaf-5798-a8f2-df7f9fc9eecd,WR,Wide Receiver,fantasy_points,,6.75,6.75
Stefon Diggs,a6d8dc19-daaf-5798-a8f2-df7f9fc9eecd,WR,Wide Receiver,fantasy_points,,10.75,10.75
Stefon Diggs,a6d8dc19-daaf-5798-a8f2-df7f9fc9eecd,WR,Wide Receiver,period_1_rush_rec_tds,,0.5,0.5
Stefon Diggs,a6d8dc19-daaf-5798-a8f2-df7f9fc9eecd,WR,Wide Receiver,period_1_receiving_yds,,4.5,4.5
Stefon Diggs,a6d8dc19-daaf-5798-a8f2-df7f9fc9eecd,WR,Wide Receiver,period_1_receiving_rec,,0.5,0.5
Stefon Diggs,a6d8dc19-daaf-5798-a8f2-df7f9fc9eecd,WR,Wide Receiver,period_1_2_rush_rec_tds,,0.5,0.5
Stefon Diggs,a6d8dc19-daaf-5798-a8f2-df7f9fc9eecd,WR,Wide Receiver,period_1_2_receiving_yds,,17.5,17.5
Stefon Diggs,a6d8dc19-daaf-5798-a8f2-df7f9fc9eecd,WR,Wide Receiver,25_rec_yds_each_half,,0.5,0.5
Stefon Diggs,a6d8dc19-daaf-5798-a8f2-df7f9fc9eecd,WR,Wide Receiver,50_rec_yds_each_half,,0.5,0.5
Stefon Diggs,a6d8dc19-daaf-5798-a8f2-df7f9fc9eecd,WR,Wide Receiver,period_1_2_receiving_rec,,1.5,1.5
Dallas Goedert,de7219e5-92f1-5989-804a-68479055ba42,TE,Tight End,rush_rec_tds,,0.5,0.5
Rachaad White,a6d8dc19-daaf-5798-a8f2-df7f9fc9eecd,RB,Running Back,rush_rec_tds,,0.5,0.5
Rachaad White,a6d8dc19-daaf-5798-a8f2-df7f9fc9eecd,RB,Running Back,rushing_yds,,22.5,22.5
Dallas Goedert,de7219e5-92f1-5989-804a-68479055ba42,TE,Tight End,receiving_yds,,34.5,34.5
Rachaad White,a6d8dc19-daaf-5798-a8f2-df7f9fc9eecd,RB,Running Back,rush_rec_yds,,40.5,40.5
Rachaad White,a6d8dc19-daaf-5798-a8f2-df7f9fc9eecd,RB,Running Back,receiving_yds,,14.5,14.5
Rachaad White,a6d8dc19-daaf-5798-a8f2-df7f9fc9eecd,RB,Running Back,receiving_rec,,2.5,2.5
Dallas Goedert,de7219e5-92f1-5989-804a-68479055ba42,TE,Tight End,receiving_rec,,3.5,3.5
Rachaad White,a6d8dc19-daaf-5798-a8f2-df7f9fc9eecd,RB,Running Back,rushing_att,,6.5,6.5
Dallas Goedert,de7219e5-92f1-5989-804a-68479055ba42,TE,Tight End,receiving_tgts,,7.5,7.5
Dallas Goedert,de7219e5-92f1-5989-804a-68479055ba42,TE,Tight End,receiving_tgts,,8.5,8.5
Rachaad White,a6d8dc19-daaf-5798-a8f2-df7f9fc9eecd,RB,Running Back,receiving_tgts,,2.5,2.5
Dallas Goedert,de7219e5-92f1-5989-804a-68479055ba42,TE,Tight End,receiving_tgts,,4.5,4.5
Rachaad White,a6d8dc19-daaf-5798-a8f2-df7f9fc9eecd,RB,Running Back,receiving_tgts,,4.5,4.5
Dallas Goedert,de7219e5-92f1-5989-804a-68479055ba42,TE,Tight End,receiving_tgts,,9.5,9.5
Rachaad White,a6d8dc19-daaf-5798-a8f2-df7f9fc9eecd,RB,Running Back,receiving_tgts,,3.5,3.5
Rachaad White,a6d8dc19-daaf-5798-a8f2-df7f9fc9eecd,RB,Running Back,receiving_tgts,,5.5,5.5
Rachaad White,a6d8dc19-daaf-5798-a8f2-df7f9fc9eecd,RB,Running Back,receiving_tgts,,6.5,6.5
Dallas Goedert,de7219e5-92f1-5989-804a-68479055ba42,TE,Tight End,receiving_tgts,,6.5,6.5
Dallas Goedert,de7219e5-92f1-5989-804a-68479055ba42,TE,Tight End,receiving_tgts,,5.5,5.5
Rachaad White,a6d8dc19-daaf-5798-a8f2-df7f9fc9eecd,RB,Running Back,receiving_tgts,,7.5,7.5
Rachaad White,a6d8dc19-daaf-5798-a8f2-df7f9fc9eecd,RB,Running Back,receiving_long,,9.5,9.5
Dallas Goedert,de7219e5-92f1-5989-804a-68479055ba42,TE,Tight End,receiving_long,,15.5,15.5
Rachaad White,a6d8dc19-daaf-5798-a8f2-df7f9fc9eecd,RB,Running Back,rushing_long,,8.5,8.5
Dallas Goedert,de7219e5-92f1-5989-804a-68479055ba42,TE,Tight End,period_first_touchdown_scored,,0.5,0.5
Rachaad White,a6d8dc19-daaf-5798-a8f2-df7f9fc9eecd,RB,Running Back,period_first_touchdown_scored,,0.5,0.5
Dallas Goedert,de7219e5-92f1-5989-804a-68479055ba42,TE,Tight End,fantasy_points,,14.15,14.15
Dallas Goedert,de7219e5-92f1-5989-804a-68479055ba42,TE,Tight End,fantasy_points,,10.15,10.15
Rachaad White,a6d8dc19-daaf-5798-a8f2-df7f9fc9eecd,RB,Running Back,fantasy_points,,10.15,10.15
Rachaad White,a6d8dc19-daaf-5798-a8f2-df7f9fc9eecd,RB,Running Back,fantasy_points,,6.15,6.15
Rachaad White,a6d8dc19-daaf-5798-a8f2-df7f9fc9eecd,RB,Running Back,fantasy_points,,14.15,14.15
Dallas Goedert,de7219e5-92f1-5989-804a-68479055ba42,TE,Tight End,fantasy_points,,6.15,6.15
Rachaad White,a6d8dc19-daaf-5798-a8f2-df7f9fc9eecd,RB,Running Back,period_1_rush_rec_tds,,0.5,0.5
Dallas Goedert,de7219e5-92f1-5989-804a-68479055ba42,TE,Tight End,period_1_rush_rec_tds,,0.5,0.5
Dallas Goedert,de7219e5-92f1-5989-804a-68479055ba42,TE,Tight End,period_1_receiving_yds,,2.5,2.5
Rachaad White,a6d8dc19-daaf-5798-a8f2-df7f9fc9eecd,RB,Running Back,period_1_receiving_yds,,0.5,0.5
Dallas Goedert,de7219e5-92f1-5989-804a-68479055ba42,TE,Tight End,period_1_receiving_rec,,0.5,0.5
Rachaad White,a6d8dc19-daaf-5798-a8f2-df7f9fc9eecd,RB,Running Back,period_1_receiving_rec,,0.5,0.5
Rachaad White,a6d8dc19-daaf-5798-a8f2-df7f9fc9eecd,RB,Running Back,period_1_rushing_yds,,3.5,3.5
Rachaad White,a6d8dc19-daaf-5798-a8f2-df7f9fc9eecd,RB,Running Back,period_1_2_rush_rec_tds,,0.5,0.5
Dallas Goedert,de7219e5-92f1-5989-804a-68479055ba42,TE,Tight End,period_1_2_rush_rec_tds,,0.5,0.5
Dallas Goedert,de7219e5-92f1-5989-804a-68479055ba42,TE,Tight End,25_rec_yds_each_half,,0.5,0.5
Dallas Goedert,de7219e5-92f1-5989-804a-68479055ba42,TE,Tight End,period_1_2_receiving_yds,,15.5,15.5
Rachaad White,a6d8dc19-daaf-5798-a8f2-df7f9fc9eecd,RB,Running Back,period_1_2_receiving_yds,,4.5,4.5
Rachaad White,a6d8dc19-daaf-5798-a8f2-df7f9fc9eecd,RB,Running Back,period_1_2_rushing_yds,,9.5,9.5
Rachaad White,a6d8dc19-daaf-5798-a8f2-df7f9fc9eecd,RB,Running Back,25_rush_yds_each_half,,0.5,0.5
Rachaad White,a6d8dc19-daaf-5798-a8f2-df7f9fc9eecd,RB,Running Back,period_1_2_receiving_rec,,0.5,0.5
Dallas Goedert,de7219e5-92f1-5989-804a-68479055ba42,TE,Tight End,period_1_2_receiving_rec,,1.5,1.5
Rachaad White,a6d8dc19-daaf-5798-a8f2-df7f9fc9eecd,RB,Running Back,fumbles_lost,,0.5,0.5
Dontayvion Wicks,de7219e5-92f1-5989-804a-68479055ba42,WR,Wide Receiver,rush_rec_tds,,0.5,0.5
Dontayvion Wicks,de7219e5-92f1-5989-804a-68479055ba42,WR,Wide Receiver,receiving_yds,,25.5,25.5
Dontayvion Wicks,de7219e5-92f1-5989-804a-68479055ba42,WR,Wide Receiver,receiving_rec,,2.5,2.5
Dontayvion Wicks,de7219e5-92f1-5989-804a-68479055ba42,WR,Wide Receiver,receiving_tgts,,4.5,4.5
Dontayvion Wicks,de7219e5-92f1-5989-804a-68479055ba42,WR,Wide Receiver,receiving_tgts,,7.5,7.5
Dontayvion Wicks,de7219e5-92f1-5989-804a-68479055ba42,WR,Wide Receiver,receiving_tgts,,6.5,6.5
Dontayvion Wicks,de7219e5-92f1-5989-804a-68479055ba42,WR,Wide Receiver,receiving_tgts,,8.5,8.5
Dontayvion Wicks,de7219e5-92f1-5989-804a-68479055ba42,WR,Wide Receiver,receiving_tgts,,5.5,5.5
Dontayvion Wicks,de7219e5-92f1-5989-804a-68479055ba42,WR,Wide Receiver,receiving_tgts,,3.5,3.5
Dontayvion Wicks,de7219e5-92f1-5989-804a-68479055ba42,WR,Wide Receiver,receiving_long,,14.5,14.5
Dontayvion Wicks,de7219e5-92f1-5989-804a-68479055ba42,WR,Wide Receiver,period_first_touchdown_scored,,0.5,0.5
Dontayvion Wicks,de7219e5-92f1-5989-804a-68479055ba42,WR,Wide Receiver,period_1_rush_rec_tds,,0.5,0.5
Dontayvion Wicks,de7219e5-92f1-5989-804a-68479055ba42,WR,Wide Receiver,period_1_receiving_yds,,0.5,0.5
Dontayvion Wicks,de7219e5-92f1-5989-804a-68479055ba42,WR,Wide Receiver,period_1_receiving_rec,,0.5,0.5
Dontayvion Wicks,de7219e5-92f1-5989-804a-68479055ba42,WR,Wide Receiver,period_1_2_rush_rec_tds,,0.5,0.5
Dontayvion Wicks,de7219e5-92f1-5989-804a-68479055ba42,WR,Wide Receiver,25_rec_yds_each_half,,0.5,0.5
Dontayvion Wicks,de7219e5-92f1-5989-804a-68479055ba42,WR,Wide Receiver,period_1_2_receiving_yds,,10.5,10.5
Dontayvion Wicks,de7219e5-92f1-5989-804a-68479055ba42,WR,Wide Receiver,period_1_2_receiving_rec,,1.5,1.5
Hollywood Brown,de7219e5-92f1-5989-804a-68479055ba42,WR,Wide Receiver,rush_rec_tds,,0.5,0.5
Hollywood Brown,de7219e5-92f1-5989-804a-68479055ba42,WR,Wide Receiver,period_1_2_rush_rec_tds,,0.5,0.5
Jaylin Lane,a6d8dc19-daaf-5798-a8f2-df7f9fc9eecd,WR,Wide Receiver,rush_rec_tds,,0.5,0.5
Jaylin Lane,a6d8dc19-daaf-5798-a8f2-df7f9fc9eecd,WR,Wide Receiver,period_1_2_rush_rec_tds,,0.5,0.5
Chig Okonkwo,a6d8dc19-daaf-5798-a8f2-df7f9fc9eecd,TE,Tight End,rush_rec_tds,,0.5,0.5
Chig Okonkwo,a6d8dc19-daaf-5798-a8f2-df7f9fc9eecd,TE,Tight End,receiving_yds,,25.5,25.5
Chig Okonkwo,a6d8dc19-daaf-5798-a8f2-df7f9fc9eecd,TE,Tight End,receiving_rec,,2.5,2.5
Chig Okonkwo,a6d8dc19-daaf-5798-a8f2-df7f9fc9eecd,TE,Tight End,receiving_tgts,,5.5,5.5
Chig Okonkwo,a6d8dc19-daaf-5798-a8f2-df7f9fc9eecd,TE,Tight End,receiving_tgts,,4.5,4.5
Chig Okonkwo,a6d8dc19-daaf-5798-a8f2-df7f9fc9eecd,TE,Tight End,receiving_tgts,,3.5,3.5
Chig Okonkwo,a6d8dc19-daaf-5798-a8f2-df7f9fc9eecd,TE,Tight End,receiving_tgts,,8.5,8.5
Chig Okonkwo,a6d8dc19-daaf-5798-a8f2-df7f9fc9eecd,TE,Tight End,receiving_tgts,,7.5,7.5
Chig Okonkwo,a6d8dc19-daaf-5798-a8f2-df7f9fc9eecd,TE,Tight End,receiving_tgts,,6.5,6.5
Chig Okonkwo,a6d8dc19-daaf-5798-a8f2-df7f9fc9eecd,TE,Tight End,receiving_long,,14.5,14.5
Chig Okonkwo,a6d8dc19-daaf-5798-a8f2-df7f9fc9eecd,TE,Tight End,period_first_touchdown_scored,,0.5,0.5
Chig Okonkwo,a6d8dc19-daaf-5798-a8f2-df7f9fc9eecd,TE,Tight End,fantasy_points,,4.95,4.95
Chig Okonkwo,a6d8dc19-daaf-5798-a8f2-df7f9fc9eecd,TE,Tight End,period_1_rush_rec_tds,,0.5,0.5
Chig Okonkwo,a6d8dc19-daaf-5798-a8f2-df7f9fc9eecd,TE,Tight End,period_1_receiving_yds,,0.5,0.5
Chig Okonkwo,a6d8dc19-daaf-5798-a8f2-df7f9fc9eecd,TE,Tight End,period_1_receiving_rec,,0.5,0.5
Chig Okonkwo,a6d8dc19-daaf-5798-a8f2-df7f9fc9eecd,TE,Tight End,period_1_2_rush_rec_tds,,0.5,0.5
Chig Okonkwo,a6d8dc19-daaf-5798-a8f2-df7f9fc9eecd,TE,Tight End,25_rec_yds_each_half,,0.5,0.5
Chig Okonkwo,a6d8dc19-daaf-5798-a8f2-df7f9fc9eecd,TE,Tight End,period_1_2_receiving_yds,,11.5,11.5
Chig Okonkwo,a6d8dc19-daaf-5798-a8f2-df7f9fc9eecd,TE,Tight End,period_1_2_receiving_rec,,1.5,1.5
Jacory Croskey-Merritt,a6d8dc19-daaf-5798-a8f2-df7f9fc9eecd,RB,Running Back,rush_rec_tds,,0.5,0.5
Jacory Croskey-Merritt,a6d8dc19-daaf-5798-a8f2-df7f9fc9eecd,RB,Running Back,rushing_yds,,41.5,41.5
Jacory Croskey-Merritt,a6d8dc19-daaf-5798-a8f2-df7f9fc9eecd,RB,Running Back,rushing_att,,11.5,11.5
Jacory Croskey-Merritt,a6d8dc19-daaf-5798-a8f2-df7f9fc9eecd,RB,Running Back,rushing_long,,11.5,11.5
Jacory Croskey-Merritt,a6d8dc19-daaf-5798-a8f2-df7f9fc9eecd,RB,Running Back,period_first_touchdown_scored,,0.5,0.5
Jacory Croskey-Merritt,a6d8dc19-daaf-5798-a8f2-df7f9fc9eecd,RB,Running Back,fantasy_points,,14.75,14.75
Jacory Croskey-Merritt,a6d8dc19-daaf-5798-a8f2-df7f9fc9eecd,RB,Running Back,fantasy_points,,6.75,6.75
Jacory Croskey-Merritt,a6d8dc19-daaf-5798-a8f2-df7f9fc9eecd,RB,Running Back,fantasy_points,,10.75,10.75
Jacory Croskey-Merritt,a6d8dc19-daaf-5798-a8f2-df7f9fc9eecd,RB,Running Back,period_1_rush_rec_tds,,0.5,0.5
Jacory Croskey-Merritt,a6d8dc19-daaf-5798-a8f2-df7f9fc9eecd,RB,Running Back,period_1_rushing_yds,,9.5,9.5
Jacory Croskey-Merritt,a6d8dc19-daaf-5798-a8f2-df7f9fc9eecd,RB,Running Back,period_1_2_rush_rec_tds,,0.5,0.5
Jacory Croskey-Merritt,a6d8dc19-daaf-5798-a8f2-df7f9fc9eecd,RB,Running Back,period_1_2_rushing_yds,,20.5,20.5
Jacory Croskey-Merritt,a6d8dc19-daaf-5798-a8f2-df7f9fc9eecd,RB,Running Back,25_rush_yds_each_half,,0.5,0.5
Jacory Croskey-Merritt,a6d8dc19-daaf-5798-a8f2-df7f9fc9eecd,RB,Running Back,fumbles_lost,,0.5,0.5
Elijah Moore,de7219e5-92f1-5989-804a-68479055ba42,WR,Wide Receiver,rush_rec_tds,,0.5,0.5
Elijah Moore,de7219e5-92f1-5989-804a-68479055ba42,WR,Wide Receiver,period_1_2_rush_rec_tds,,0.5,0.5
John Bates,a6d8dc19-daaf-5798-a8f2-df7f9fc9eecd,TE,Tight End,rush_rec_tds,,0.5,0.5
John Bates,a6d8dc19-daaf-5798-a8f2-df7f9fc9eecd,TE,Tight End,period_1_2_rush_rec_tds,,0.5,0.5
Will Shipley,de7219e5-92f1-5989-804a-68479055ba42,RB,Running Back,rush_rec_tds,,0.5,0.5
Will Shipley,de7219e5-92f1-5989-804a-68479055ba42,RB,Running Back,period_1_2_rush_rec_tds,,0.5,0.5
Luke McCaffrey,a6d8dc19-daaf-5798-a8f2-df7f9fc9eecd,WR,Wide Receiver,rush_rec_tds,,0.5,0.5
Ben Sinnott,a6d8dc19-daaf-5798-a8f2-df7f9fc9eecd,TE,Tight End,rush_rec_tds,,0.5,0.5
Darius Cooper,de7219e5-92f1-5989-804a-68479055ba42,WR,Wide Receiver,rush_rec_tds,,0.5,0.5
Darius Cooper,de7219e5-92f1-5989-804a-68479055ba42,WR,Wide Receiver,period_1_2_rush_rec_tds,,0.5,0.5
Makai Lemon,de7219e5-92f1-5989-804a-68479055ba42,WR,Wide Receiver,rush_rec_tds,,0.5,0.5
Kaytron Allen,a6d8dc19-daaf-5798-a8f2-df7f9fc9eecd,RB,Running Back,rush_rec_tds,,0.5,0.5
Treylon Burks,a6d8dc19-daaf-5798-a8f2-df7f9fc9eecd,WR,Wide Receiver,rush_rec_tds,,0.5,0.5
Antonio Williams,a6d8dc19-daaf-5798-a8f2-df7f9fc9eecd,WR,Wide Receiver,rush_rec_tds,,0.5,0.5
Johnny Mundt,de7219e5-92f1-5989-804a-68479055ba42,TE,Tight End,rush_rec_tds,,0.5,0.5
Makai Lemon,de7219e5-92f1-5989-804a-68479055ba42,WR,Wide Receiver,receiving_tgts,,1.5,1.5
Makai Lemon,de7219e5-92f1-5989-804a-68479055ba42,WR,Wide Receiver,receiving_tgts,,4.5,4.5
Makai Lemon,de7219e5-92f1-5989-804a-68479055ba42,WR,Wide Receiver,receiving_tgts,,3.5,3.5
Makai Lemon,de7219e5-92f1-5989-804a-68479055ba42,WR,Wide Receiver,receiving_tgts,,6.5,6.5
Makai Lemon,de7219e5-92f1-5989-804a-68479055ba42,WR,Wide Receiver,receiving_tgts,,5.5,5.5
Makai Lemon,de7219e5-92f1-5989-804a-68479055ba42,WR,Wide Receiver,receiving_tgts,,2.5,2.5
Makai Lemon,de7219e5-92f1-5989-804a-68479055ba42,WR,Wide Receiver,period_first_touchdown_scored,,0.5,0.5
Jake Elliott,de7219e5-92f1-5989-804a-68479055ba42,K,Kicker,field_goals_made,,1.5,1.5
Drew Stevens,a6d8dc19-daaf-5798-a8f2-df7f9fc9eecd,K,Kicker,field_goals_made,,1.5,1.5
Drew Stevens,a6d8dc19-daaf-5798-a8f2-df7f9fc9eecd,K,Kicker,extra_points_made,,1.5,1.5
Jake Elliott,de7219e5-92f1-5989-804a-68479055ba42,K,Kicker,extra_points_made,,2.5,2.5
Drew Stevens,a6d8dc19-daaf-5798-a8f2-df7f9fc9eecd,K,Kicker,kicking_points,,5.5,5.5
Jake Elliott,de7219e5-92f1-5989-804a-68479055ba42,K,Kicker,kicking_points,,7.5,7.5
Byron Young,de7219e5-92f1-5989-804a-68479055ba42,DT,Defensive Tackle,sacks,,0.75,0.75
Makai Lemon,de7219e5-92f1-5989-804a-68479055ba42,WR,Wide Receiver,period_1_rush_rec_tds,,0.5,0.5
Rasul Douglas,a6d8dc19-daaf-5798-a8f2-df7f9fc9eecd,CB,Cornerback,defensive_ints,,0.5,0.5
Nick Cross,a6d8dc19-daaf-5798-a8f2-df7f9fc9eecd,SAF,Safety,defensive_ints,,0.5,0.5
Quinyon Mitchell,de7219e5-92f1-5989-804a-68479055ba42,CB,Cornerback,defensive_ints,,0.5,0.5
Cooper DeJean,de7219e5-92f1-5989-804a-68479055ba42,DB,Defensive Back,defensive_ints,,0.5,0.5
Amik Robertson,a6d8dc19-daaf-5798-a8f2-df7f9fc9eecd,CB,Cornerback,defensive_ints,,0.5,0.5
Johnny Mundt,de7219e5-92f1-5989-804a-68479055ba42,TE,Tight End,period_1_2_rush_rec_tds,,0.5,0.5
Antonio Williams,a6d8dc19-daaf-5798-a8f2-df7f9fc9eecd,WR,Wide Receiver,period_1_2_rush_rec_tds,,0.5,0.5
Marcus Epps,de7219e5-92f1-5989-804a-68479055ba42,SAF,Safety,defensive_ints,,0.5,0.5
Makai Lemon,de7219e5-92f1-5989-804a-68479055ba42,WR,Wide Receiver,period_1_2_rush_rec_tds,,0.5,0.5
Andrew Mukuba,de7219e5-92f1-5989-804a-68479055ba42,SAF,Safety,defensive_ints,,0.5,0.5
Treylon Burks,a6d8dc19-daaf-5798-a8f2-df7f9fc9eecd,WR,Wide Receiver,period_1_2_rush_rec_tds,,0.5,0.5
Mike Sainristil,a6d8dc19-daaf-5798-a8f2-df7f9fc9eecd,CB,Cornerback,defensive_ints,,0.5,0.5
Kaytron Allen,a6d8dc19-daaf-5798-a8f2-df7f9fc9eecd,RB,Running Back,period_1_2_rush_rec_tds,,0.5,0.5
Makai Lemon,de7219e5-92f1-5989-804a-68479055ba42,WR,Wide Receiver,25_rec_yds_each_half,,0.5,0.5
Omarion Hampton,c7b497d4-18b6-522b-abaa-e5c3d24bc021,RB,Running Back,rush_rec_tds,,0.5,0.5
Omarion Hampton,c7b497d4-18b6-522b-abaa-e5c3d24bc021,RB,Running Back,rushing_yds,,67.5,67.5
Omarion Hampton,c7b497d4-18b6-522b-abaa-e5c3d24bc021,RB,Running Back,receiving_yds,,14.5,14.5
Omarion Hampton,c7b497d4-18b6-522b-abaa-e5c3d24bc021,RB,Running Back,rush_rec_yds,,82.5,82.5
Omarion Hampton,c7b497d4-18b6-522b-abaa-e5c3d24bc021,RB,Running Back,receiving_rec,,2.5,2.5
Omarion Hampton,c7b497d4-18b6-522b-abaa-e5c3d24bc021,RB,Running Back,rushing_att,,14.5,14.5
Omarion Hampton,c7b497d4-18b6-522b-abaa-e5c3d24bc021,RB,Running Back,receiving_tgts,,3.5,3.5
Omarion Hampton,c7b497d4-18b6-522b-abaa-e5c3d24bc021,RB,Running Back,receiving_tgts,,2.5,2.5
Omarion Hampton,c7b497d4-18b6-522b-abaa-e5c3d24bc021,RB,Running Back,receiving_tgts,,7.5,7.5
Omarion Hampton,c7b497d4-18b6-522b-abaa-e5c3d24bc021,RB,Running Back,receiving_tgts,,4.5,4.5
Omarion Hampton,c7b497d4-18b6-522b-abaa-e5c3d24bc021,RB,Running Back,receiving_tgts,,5.5,5.5
Omarion Hampton,c7b497d4-18b6-522b-abaa-e5c3d24bc021,RB,Running Back,receiving_tgts,,6.5,6.5
Omarion Hampton,c7b497d4-18b6-522b-abaa-e5c3d24bc021,RB,Running Back,receiving_long,,9.5,9.5
Omarion Hampton,c7b497d4-18b6-522b-abaa-e5c3d24bc021,RB,Running Back,rushing_long,,14.5,14.5
Omarion Hampton,c7b497d4-18b6-522b-abaa-e5c3d24bc021,RB,Running Back,period_first_touchdown_scored,,0.5,0.5
Omarion Hampton,c7b497d4-18b6-522b-abaa-e5c3d24bc021,RB,Running Back,last_touchdown_scored,,0.5,0.5
Omarion Hampton,c7b497d4-18b6-522b-abaa-e5c3d24bc021,RB,Running Back,fantasy_points,,17.55,17.55
Omarion Hampton,c7b497d4-18b6-522b-abaa-e5c3d24bc021,RB,Running Back,fantasy_points,,21.55,21.55
Omarion Hampton,c7b497d4-18b6-522b-abaa-e5c3d24bc021,RB,Running Back,fantasy_points,,13.55,13.55
Omarion Hampton,c7b497d4-18b6-522b-abaa-e5c3d24bc021,RB,Running Back,period_1_rush_rec_tds,,0.5,0.5
Omarion Hampton,c7b497d4-18b6-522b-abaa-e5c3d24bc021,RB,Running Back,period_1_receiving_yds,,0.5,0.5
Omarion Hampton,c7b497d4-18b6-522b-abaa-e5c3d24bc021,RB,Running Back,period_1_receiving_rec,,0.5,0.5
Omarion Hampton,c7b497d4-18b6-522b-abaa-e5c3d24bc021,RB,Running Back,period_1_rushing_yds,,11.5,11.5
Omarion Hampton,c7b497d4-18b6-522b-abaa-e5c3d24bc021,RB,Running Back,period_1_2_rush_rec_tds,,0.5,0.5
Omarion Hampton,c7b497d4-18b6-522b-abaa-e5c3d24bc021,RB,Running Back,period_1_2_receiving_yds,,6.5,6.5
Omarion Hampton,c7b497d4-18b6-522b-abaa-e5c3d24bc021,RB,Running Back,period_1_2_rushing_yds,,26.5,26.5
Omarion Hampton,c7b497d4-18b6-522b-abaa-e5c3d24bc021,RB,Running Back,25_rush_yds_each_half,,0.5,0.5
Omarion Hampton,c7b497d4-18b6-522b-abaa-e5c3d24bc021,RB,Running Back,period_1_2_receiving_rec,,1.5,1.5
Omarion Hampton,c7b497d4-18b6-522b-abaa-e5c3d24bc021,RB,Running Back,50_rush_yds_each_half,,0.5,0.5
Omarion Hampton,c7b497d4-18b6-522b-abaa-e5c3d24bc021,RB,Running Back,game_high_rushing_yards,,0.5,0.5
Omarion Hampton,c7b497d4-18b6-522b-abaa-e5c3d24bc021,RB,Running Back,fumbles_lost,,0.5,0.5
Marvin Harrison,8459772c-695a-5890-afa1-7ec38da17201,WR,Wide Receiver,rush_rec_tds,,0.5,0.5
Marvin Harrison,8459772c-695a-5890-afa1-7ec38da17201,WR,Wide Receiver,receiving_yds,,47.5,47.5
Marvin Harrison,8459772c-695a-5890-afa1-7ec38da17201,WR,Wide Receiver,receiving_rec,,3.5,3.5
Marvin Harrison,8459772c-695a-5890-afa1-7ec38da17201,WR,Wide Receiver,receiving_tgts,,10.5,10.5
Marvin Harrison,8459772c-695a-5890-afa1-7ec38da17201,WR,Wide Receiver,receiving_tgts,,8.5,8.5
Marvin Harrison,8459772c-695a-5890-afa1-7ec38da17201,WR,Wide Receiver,receiving_tgts,,6.5,6.5
Marvin Harrison,8459772c-695a-5890-afa1-7ec38da17201,WR,Wide Receiver,receiving_tgts,,9.5,9.5
Marvin Harrison,8459772c-695a-5890-afa1-7ec38da17201,WR,Wide Receiver,receiving_tgts,,11.5,11.5
Marvin Harrison,8459772c-695a-5890-afa1-7ec38da17201,WR,Wide Receiver,receiving_tgts,,7.5,7.5
Marvin Harrison,8459772c-695a-5890-afa1-7ec38da17201,WR,Wide Receiver,receiving_long,,20.5,20.5
Marvin Harrison,8459772c-695a-5890-afa1-7ec38da17201,WR,Wide Receiver,period_first_touchdown_scored,,0.5,0.5
Marvin Harrison,8459772c-695a-5890-afa1-7ec38da17201,WR,Wide Receiver,fantasy_points,,16.45,16.45
Marvin Harrison,8459772c-695a-5890-afa1-7ec38da17201,WR,Wide Receiver,fantasy_points,,12.45,12.45
Marvin Harrison,8459772c-695a-5890-afa1-7ec38da17201,WR,Wide Receiver,fantasy_points,,8.45,8.45
Marvin Harrison,8459772c-695a-5890-afa1-7ec38da17201,WR,Wide Receiver,period_1_rush_rec_tds,,0.5,0.5
Marvin Harrison,8459772c-695a-5890-afa1-7ec38da17201,WR,Wide Receiver,period_1_receiving_yds,,5.5,5.5
Marvin Harrison,8459772c-695a-5890-afa1-7ec38da17201,WR,Wide Receiver,period_1_receiving_rec,,0.5,0.5
Marvin Harrison,8459772c-695a-5890-afa1-7ec38da17201,WR,Wide Receiver,period_1_2_rush_rec_tds,,0.5,0.5
Marvin Harrison,8459772c-695a-5890-afa1-7ec38da17201,WR,Wide Receiver,25_rec_yds_each_half,,0.5,0.5
Marvin Harrison,8459772c-695a-5890-afa1-7ec38da17201,WR,Wide Receiver,period_1_2_receiving_yds,,19.5,19.5
Marvin Harrison,8459772c-695a-5890-afa1-7ec38da17201,WR,Wide Receiver,50_rec_yds_each_half,,0.5,0.5
Marvin Harrison,8459772c-695a-5890-afa1-7ec38da17201,WR,Wide Receiver,period_1_2_receiving_rec,,1.5,1.5
Marvin Harrison,8459772c-695a-5890-afa1-7ec38da17201,WR,Wide Receiver,game_high_receiving_yards,,0.5,0.5
Ladd McConkey,c7b497d4-18b6-522b-abaa-e5c3d24bc021,WR,Wide Receiver,rush_rec_tds,,0.5,0.5
Ladd McConkey,c7b497d4-18b6-522b-abaa-e5c3d24bc021,WR,Wide Receiver,receiving_yds,,53.5,53.5
Ladd McConkey,c7b497d4-18b6-522b-abaa-e5c3d24bc021,WR,Wide Receiver,receiving_rec,,4.5,4.5
Ladd McConkey,c7b497d4-18b6-522b-abaa-e5c3d24bc021,WR,Wide Receiver,receiving_tgts,,11.5,11.5
Ladd McConkey,c7b497d4-18b6-522b-abaa-e5c3d24bc021,WR,Wide Receiver,receiving_tgts,,9.5,9.5
Ladd McConkey,c7b497d4-18b6-522b-abaa-e5c3d24bc021,WR,Wide Receiver,receiving_tgts,,8.5,8.5
Ladd McConkey,c7b497d4-18b6-522b-abaa-e5c3d24bc021,WR,Wide Receiver,receiving_tgts,,6.5,6.5
Ladd McConkey,c7b497d4-18b6-522b-abaa-e5c3d24bc021,WR,Wide Receiver,receiving_tgts,,7.5,7.5
Ladd McConkey,c7b497d4-18b6-522b-abaa-e5c3d24bc021,WR,Wide Receiver,receiving_tgts,,10.5,10.5
Ladd McConkey,c7b497d4-18b6-522b-abaa-e5c3d24bc021,WR,Wide Receiver,receiving_long,,20.5,20.5
Ladd McConkey,c7b497d4-18b6-522b-abaa-e5c3d24bc021,WR,Wide Receiver,period_first_touchdown_scored,,0.5,0.5
Ladd McConkey,c7b497d4-18b6-522b-abaa-e5c3d24bc021,WR,Wide Receiver,fantasy_points,,17.85,17.85
Ladd McConkey,c7b497d4-18b6-522b-abaa-e5c3d24bc021,WR,Wide Receiver,fantasy_points,,13.85,13.85
Ladd McConkey,c7b497d4-18b6-522b-abaa-e5c3d24bc021,WR,Wide Receiver,fantasy_points,,9.85,9.85
Ladd McConkey,c7b497d4-18b6-522b-abaa-e5c3d24bc021,WR,Wide Receiver,period_1_rush_rec_tds,,0.5,0.5
Ladd McConkey,c7b497d4-18b6-522b-abaa-e5c3d24bc021,WR,Wide Receiver,period_1_receiving_yds,,9.5,9.5
Ladd McConkey,c7b497d4-18b6-522b-abaa-e5c3d24bc021,WR,Wide Receiver,period_1_receiving_rec,,1.5,1.5
Ladd McConkey,c7b497d4-18b6-522b-abaa-e5c3d24bc021,WR,Wide Receiver,period_1_2_rush_rec_tds,,0.5,0.5
Ladd McConkey,c7b497d4-18b6-522b-abaa-e5c3d24bc021,WR,Wide Receiver,period_1_2_receiving_yds,,28.5,28.5
Ladd McConkey,c7b497d4-18b6-522b-abaa-e5c3d24bc021,WR,Wide Receiver,25_rec_yds_each_half,,0.5,0.5
Ladd McConkey,c7b497d4-18b6-522b-abaa-e5c3d24bc021,WR,Wide Receiver,period_1_2_receiving_rec,,2.5,2.5
Ladd McConkey,c7b497d4-18b6-522b-abaa-e5c3d24bc021,WR,Wide Receiver,50_rec_yds_each_half,,0.5,0.5
Ladd McConkey,c7b497d4-18b6-522b-abaa-e5c3d24bc021,WR,Wide Receiver,game_high_receiving_yards,,0.5,0.5
Ladd McConkey,c7b497d4-18b6-522b-abaa-e5c3d24bc021,WR,Wide Receiver,fumbles_lost,,0.5,0.5
Trey McBride,8459772c-695a-5890-afa1-7ec38da17201,TE,Tight End,rush_rec_tds,,0.5,0.5
Trey McBride,8459772c-695a-5890-afa1-7ec38da17201,TE,Tight End,receiving_yds,,56.5,56.5
Trey McBride,8459772c-695a-5890-afa1-7ec38da17201,TE,Tight End,receiving_rec,,6.5,6.5
Trey McBride,8459772c-695a-5890-afa1-7ec38da17201,TE,Tight End,receiving_tgts,,11.5,11.5
Trey McBride,8459772c-695a-5890-afa1-7ec38da17201,TE,Tight End,receiving_tgts,,8.5,8.5
Trey McBride,8459772c-695a-5890-afa1-7ec38da17201,TE,Tight End,receiving_tgts,,12.5,12.5
Trey McBride,8459772c-695a-5890-afa1-7ec38da17201,TE,Tight End,receiving_tgts,,9.5,9.5
Trey McBride,8459772c-695a-5890-afa1-7ec38da17201,TE,Tight End,receiving_tgts,,13.5,13.5
Trey McBride,8459772c-695a-5890-afa1-7ec38da17201,TE,Tight End,receiving_tgts,,10.5,10.5
Trey McBride,8459772c-695a-5890-afa1-7ec38da17201,TE,Tight End,receiving_long,,20.5,20.5
Trey McBride,8459772c-695a-5890-afa1-7ec38da17201,TE,Tight End,period_first_touchdown_scored,,0.5,0.5
Trey McBride,8459772c-695a-5890-afa1-7ec38da17201,TE,Tight End,last_touchdown_scored,,0.5,0.5
Trey McBride,8459772c-695a-5890-afa1-7ec38da17201,TE,Tight End,fantasy_points,,10.45,10.45
Trey McBride,8459772c-695a-5890-afa1-7ec38da17201,TE,Tight End,fantasy_points,,14.45,14.45
Trey McBride,8459772c-695a-5890-afa1-7ec38da17201,TE,Tight End,fantasy_points,,18.45,18.45
Trey McBride,8459772c-695a-5890-afa1-7ec38da17201,TE,Tight End,period_1_rush_rec_tds,,0.5,0.5
Trey McBride,8459772c-695a-5890-afa1-7ec38da17201,TE,Tight End,period_1_receiving_yds,,9.5,9.5
Trey McBride,8459772c-695a-5890-afa1-7ec38da17201,TE,Tight End,period_1_receiving_rec,,1.5,1.5
Trey McBride,8459772c-695a-5890-afa1-7ec38da17201,TE,Tight End,period_1_2_rush_rec_tds,,0.5,0.5
Trey McBride,8459772c-695a-5890-afa1-7ec38da17201,TE,Tight End,25_rec_yds_each_half,,0.5,0.5
Trey McBride,8459772c-695a-5890-afa1-7ec38da17201,TE,Tight End,period_1_2_receiving_yds,,26.5,26.5
Trey McBride,8459772c-695a-5890-afa1-7ec38da17201,TE,Tight End,50_rec_yds_each_half,,0.5,0.5
Trey McBride,8459772c-695a-5890-afa1-7ec38da17201,TE,Tight End,period_1_2_receiving_rec,,2.5,2.5
Trey McBride,8459772c-695a-5890-afa1-7ec38da17201,TE,Tight End,game_high_receiving_yards,,0.5,0.5
Trey McBride,8459772c-695a-5890-afa1-7ec38da17201,TE,Tight End,fumbles_lost,,0.5,0.5
David Njoku,c7b497d4-18b6-522b-abaa-e5c3d24bc021,TE,Tight End,rush_rec_tds,,0.5,0.5
David Njoku,c7b497d4-18b6-522b-abaa-e5c3d24bc021,TE,Tight End,receiving_yds,,15.5,15.5
David Njoku,c7b497d4-18b6-522b-abaa-e5c3d24bc021,TE,Tight End,receiving_rec,,1.5,1.5
David Njoku,c7b497d4-18b6-522b-abaa-e5c3d24bc021,TE,Tight End,receiving_tgts,,3.5,3.5
David Njoku,c7b497d4-18b6-522b-abaa-e5c3d24bc021,TE,Tight End,receiving_tgts,,1.5,1.5
David Njoku,c7b497d4-18b6-522b-abaa-e5c3d24bc021,TE,Tight End,receiving_tgts,,2.5,2.5
David Njoku,c7b497d4-18b6-522b-abaa-e5c3d24bc021,TE,Tight End,receiving_tgts,,5.5,5.5
David Njoku,c7b497d4-18b6-522b-abaa-e5c3d24bc021,TE,Tight End,receiving_tgts,,4.5,4.5
David Njoku,c7b497d4-18b6-522b-abaa-e5c3d24bc021,TE,Tight End,receiving_tgts,,6.5,6.5
David Njoku,c7b497d4-18b6-522b-abaa-e5c3d24bc021,TE,Tight End,receiving_long,,10.5,10.5
David Njoku,c7b497d4-18b6-522b-abaa-e5c3d24bc021,TE,Tight End,period_first_touchdown_scored,,0.5,0.5
David Njoku,c7b497d4-18b6-522b-abaa-e5c3d24bc021,TE,Tight End,period_1_rush_rec_tds,,0.5,0.5
David Njoku,c7b497d4-18b6-522b-abaa-e5c3d24bc021,TE,Tight End,period_1_receiving_yds,,0.5,0.5
David Njoku,c7b497d4-18b6-522b-abaa-e5c3d24bc021,TE,Tight End,period_1_receiving_rec,,0.5,0.5
David Njoku,c7b497d4-18b6-522b-abaa-e5c3d24bc021,TE,Tight End,period_1_2_rush_rec_tds,,0.5,0.5
David Njoku,c7b497d4-18b6-522b-abaa-e5c3d24bc021,TE,Tight End,period_1_2_receiving_yds,,6.5,6.5
David Njoku,c7b497d4-18b6-522b-abaa-e5c3d24bc021,TE,Tight End,period_1_2_receiving_rec,,0.5,0.5
Tyler Allgeier,8459772c-695a-5890-afa1-7ec38da17201,RB,Running Back,rush_rec_tds,,0.5,0.5
Tyler Allgeier,8459772c-695a-5890-afa1-7ec38da17201,RB,Running Back,receiving_tgts,,1.5,1.5
Tyler Allgeier,8459772c-695a-5890-afa1-7ec38da17201,RB,Running Back,receiving_tgts,,2.5,2.5
Tyler Allgeier,8459772c-695a-5890-afa1-7ec38da17201,RB,Running Back,receiving_tgts,,3.5,3.5
Tyler Allgeier,8459772c-695a-5890-afa1-7ec38da17201,RB,Running Back,receiving_tgts,,6.5,6.5
Tyler Allgeier,8459772c-695a-5890-afa1-7ec38da17201,RB,Running Back,receiving_tgts,,5.5,5.5
Tyler Allgeier,8459772c-695a-5890-afa1-7ec38da17201,RB,Running Back,receiving_tgts,,4.5,4.5
Tyler Allgeier,8459772c-695a-5890-afa1-7ec38da17201,RB,Running Back,period_first_touchdown_scored,,0.5,0.5
Tyler Allgeier,8459772c-695a-5890-afa1-7ec38da17201,RB,Running Back,fantasy_points,,10.15,10.15
Tyler Allgeier,8459772c-695a-5890-afa1-7ec38da17201,RB,Running Back,fantasy_points,,14.15,14.15
Tyler Allgeier,8459772c-695a-5890-afa1-7ec38da17201,RB,Running Back,fantasy_points,,6.15,6.15
Tyler Allgeier,8459772c-695a-5890-afa1-7ec38da17201,RB,Running Back,period_1_rush_rec_tds,,0.5,0.5
Tyler Allgeier,8459772c-695a-5890-afa1-7ec38da17201,RB,Running Back,period_1_2_rush_rec_tds,,0.5,0.5
Tyler Allgeier,8459772c-695a-5890-afa1-7ec38da17201,RB,Running Back,25_rush_yds_each_half,,0.5,0.5
Tyler Allgeier,8459772c-695a-5890-afa1-7ec38da17201,RB,Running Back,game_high_rushing_yards,,0.5,0.5
Quentin Johnston,c7b497d4-18b6-522b-abaa-e5c3d24bc021,WR,Wide Receiver,rush_rec_tds,,0.5,0.5
Quentin Johnston,c7b497d4-18b6-522b-abaa-e5c3d24bc021,WR,Wide Receiver,receiving_yds,,43.5,43.5
Quentin Johnston,c7b497d4-18b6-522b-abaa-e5c3d24bc021,WR,Wide Receiver,receiving_rec,,3.5,3.5
Quentin Johnston,c7b497d4-18b6-522b-abaa-e5c3d24bc021,WR,Wide Receiver,receiving_tgts,,8.5,8.5
Quentin Johnston,c7b497d4-18b6-522b-abaa-e5c3d24bc021,WR,Wide Receiver,receiving_tgts,,4.5,4.5
Quentin Johnston,c7b497d4-18b6-522b-abaa-e5c3d24bc021,WR,Wide Receiver,receiving_tgts,,5.5,5.5
Quentin Johnston,c7b497d4-18b6-522b-abaa-e5c3d24bc021,WR,Wide Receiver,receiving_tgts,,7.5,7.5
Quentin Johnston,c7b497d4-18b6-522b-abaa-e5c3d24bc021,WR,Wide Receiver,receiving_tgts,,9.5,9.5
Quentin Johnston,c7b497d4-18b6-522b-abaa-e5c3d24bc021,WR,Wide Receiver,receiving_tgts,,6.5,6.5
Quentin Johnston,c7b497d4-18b6-522b-abaa-e5c3d24bc021,WR,Wide Receiver,receiving_long,,21.5,21.5
Quentin Johnston,c7b497d4-18b6-522b-abaa-e5c3d24bc021,WR,Wide Receiver,period_first_touchdown_scored,,0.5,0.5
Quentin Johnston,c7b497d4-18b6-522b-abaa-e5c3d24bc021,WR,Wide Receiver,fantasy_points,,8.05,8.05
Quentin Johnston,c7b497d4-18b6-522b-abaa-e5c3d24bc021,WR,Wide Receiver,fantasy_points,,12.05,12.05
Quentin Johnston,c7b497d4-18b6-522b-abaa-e5c3d24bc021,WR,Wide Receiver,fantasy_points,,16.05,16.05
Quentin Johnston,c7b497d4-18b6-522b-abaa-e5c3d24bc021,WR,Wide Receiver,period_1_rush_rec_tds,,0.5,0.5
Quentin Johnston,c7b497d4-18b6-522b-abaa-e5c3d24bc021,WR,Wide Receiver,period_1_receiving_yds,,5.5,5.5
Quentin Johnston,c7b497d4-18b6-522b-abaa-e5c3d24bc021,WR,Wide Receiver,period_1_receiving_rec,,0.5,0.5
Quentin Johnston,c7b497d4-18b6-522b-abaa-e5c3d24bc021,WR,Wide Receiver,period_1_2_rush_rec_tds,,0.5,0.5
Quentin Johnston,c7b497d4-18b6-522b-abaa-e5c3d24bc021,WR,Wide Receiver,period_1_2_receiving_yds,,22.5,22.5
Quentin Johnston,c7b497d4-18b6-522b-abaa-e5c3d24bc021,WR,Wide Receiver,25_rec_yds_each_half,,0.5,0.5
Quentin Johnston,c7b497d4-18b6-522b-abaa-e5c3d24bc021,WR,Wide Receiver,period_1_2_receiving_rec,,1.5,1.5
Quentin Johnston,c7b497d4-18b6-522b-abaa-e5c3d24bc021,WR,Wide Receiver,50_rec_yds_each_half,,0.5,0.5
Quentin Johnston,c7b497d4-18b6-522b-abaa-e5c3d24bc021,WR,Wide Receiver,game_high_receiving_yards,,0.5,0.5
Michael Wilson,8459772c-695a-5890-afa1-7ec38da17201,WR,Wide Receiver,rush_rec_tds,,0.5,0.5
Michael Wilson,8459772c-695a-5890-afa1-7ec38da17201,WR,Wide Receiver,receiving_yds,,42.5,42.5
Michael Wilson,8459772c-695a-5890-afa1-7ec38da17201,WR,Wide Receiver,receiving_rec,,3.5,3.5
Michael Wilson,8459772c-695a-5890-afa1-7ec38da17201,WR,Wide Receiver,receiving_tgts,,9.5,9.5
Michael Wilson,8459772c-695a-5890-afa1-7ec38da17201,WR,Wide Receiver,receiving_tgts,,7.5,7.5
Michael Wilson,8459772c-695a-5890-afa1-7ec38da17201,WR,Wide Receiver,receiving_tgts,,5.5,5.5
Michael Wilson,8459772c-695a-5890-afa1-7ec38da17201,WR,Wide Receiver,receiving_tgts,,8.5,8.5
Michael Wilson,8459772c-695a-5890-afa1-7ec38da17201,WR,Wide Receiver,receiving_tgts,,6.5,6.5
Michael Wilson,8459772c-695a-5890-afa1-7ec38da17201,WR,Wide Receiver,receiving_tgts,,10.5,10.5
Michael Wilson,8459772c-695a-5890-afa1-7ec38da17201,WR,Wide Receiver,receiving_long,,17.5,17.5
Michael Wilson,8459772c-695a-5890-afa1-7ec38da17201,WR,Wide Receiver,period_first_touchdown_scored,,0.5,0.5
Michael Wilson,8459772c-695a-5890-afa1-7ec38da17201,WR,Wide Receiver,fantasy_points,,14.65,14.65
Michael Wilson,8459772c-695a-5890-afa1-7ec38da17201,WR,Wide Receiver,fantasy_points,,6.65,6.65
Michael Wilson,8459772c-695a-5890-afa1-7ec38da17201,WR,Wide Receiver,fantasy_points,,10.65,10.65
Michael Wilson,8459772c-695a-5890-afa1-7ec38da17201,WR,Wide Receiver,period_1_rush_rec_tds,,0.5,0.5
Michael Wilson,8459772c-695a-5890-afa1-7ec38da17201,WR,Wide Receiver,period_1_receiving_yds,,4.5,4.5
Michael Wilson,8459772c-695a-5890-afa1-7ec38da17201,WR,Wide Receiver,period_1_receiving_rec,,0.5,0.5
Michael Wilson,8459772c-695a-5890-afa1-7ec38da17201,WR,Wide Receiver,period_1_2_rush_rec_tds,,0.5,0.5
Michael Wilson,8459772c-695a-5890-afa1-7ec38da17201,WR,Wide Receiver,period_1_2_receiving_yds,,15.5,15.5
Michael Wilson,8459772c-695a-5890-afa1-7ec38da17201,WR,Wide Receiver,25_rec_yds_each_half,,0.5,0.5
Michael Wilson,8459772c-695a-5890-afa1-7ec38da17201,WR,Wide Receiver,period_1_2_receiving_rec,,1.5,1.5
Michael Wilson,8459772c-695a-5890-afa1-7ec38da17201,WR,Wide Receiver,50_rec_yds_each_half,,0.5,0.5
Michael Wilson,8459772c-695a-5890-afa1-7ec38da17201,WR,Wide Receiver,game_high_receiving_yards,,0.5,0.5
Justin Herbert,c7b497d4-18b6-522b-abaa-e5c3d24bc021,QB,Quarterback,rush_rec_tds,,0.5,0.5
Justin Herbert,c7b497d4-18b6-522b-abaa-e5c3d24bc021,QB,Quarterback,passing_yds,,233.5,233.5
Justin Herbert,c7b497d4-18b6-522b-abaa-e5c3d24bc021,QB,Quarterback,rushing_yds,,21.5,21.5
Justin Herbert,c7b497d4-18b6-522b-abaa-e5c3d24bc021,QB,Quarterback,passing_tds,,1.5,1.5
Justin Herbert,c7b497d4-18b6-522b-abaa-e5c3d24bc021,QB,Quarterback,rushing_att,,5.5,5.5
Justin Herbert,c7b497d4-18b6-522b-abaa-e5c3d24bc021,QB,Quarterback,period_1_passing_yds,,54.5,54.5
Justin Herbert,c7b497d4-18b6-522b-abaa-e5c3d24bc021,QB,Quarterback,passing_comps,,21.5,21.5
Justin Herbert,c7b497d4-18b6-522b-abaa-e5c3d24bc021,QB,Quarterback,passing_and_rushing_yds,,261.5,261.5
Justin Herbert,c7b497d4-18b6-522b-abaa-e5c3d24bc021,QB,Quarterback,passing_att,,29.5,29.5
Justin Herbert,c7b497d4-18b6-522b-abaa-e5c3d24bc021,QB,Quarterback,passing_ints,,0.5,0.5
Justin Herbert,c7b497d4-18b6-522b-abaa-e5c3d24bc021,QB,Quarterback,passing_long,,35.5,35.5
Justin Herbert,c7b497d4-18b6-522b-abaa-e5c3d24bc021,QB,Quarterback,rushing_long,,10.5,10.5
Justin Herbert,c7b497d4-18b6-522b-abaa-e5c3d24bc021,QB,Quarterback,period_first_touchdown_scored,,0.5,0.5
Justin Herbert,c7b497d4-18b6-522b-abaa-e5c3d24bc021,QB,Quarterback,fantasy_points,,24.55,24.55
Justin Herbert,c7b497d4-18b6-522b-abaa-e5c3d24bc021,QB,Quarterback,fantasy_points,,20.55,20.55
Justin Herbert,c7b497d4-18b6-522b-abaa-e5c3d24bc021,QB,Quarterback,fantasy_points,,28.55,28.55
Justin Herbert,c7b497d4-18b6-522b-abaa-e5c3d24bc021,QB,Quarterback,period_1_rush_rec_tds,,0.5,0.5
Justin Herbert,c7b497d4-18b6-522b-abaa-e5c3d24bc021,QB,Quarterback,period_1_passing_tds,,0.5,0.5
Justin Herbert,c7b497d4-18b6-522b-abaa-e5c3d24bc021,QB,Quarterback,period_1_rushing_yds,,1.5,1.5
Justin Herbert,c7b497d4-18b6-522b-abaa-e5c3d24bc021,QB,Quarterback,period_1_2_rush_rec_tds,,0.5,0.5
Justin Herbert,c7b497d4-18b6-522b-abaa-e5c3d24bc021,QB,Quarterback,period_1_2_passing_yds,,128.5,128.5
Justin Herbert,c7b497d4-18b6-522b-abaa-e5c3d24bc021,QB,Quarterback,period_1_2_rushing_yds,,8.5,8.5
Justin Herbert,c7b497d4-18b6-522b-abaa-e5c3d24bc021,QB,Quarterback,25_rush_yds_each_half,,0.5,0.5
Justin Herbert,c7b497d4-18b6-522b-abaa-e5c3d24bc021,QB,Quarterback,period_1_2_passing_tds,,0.5,0.5
Justin Herbert,c7b497d4-18b6-522b-abaa-e5c3d24bc021,QB,Quarterback,100_pass_yds_each_half,,0.5,0.5
Justin Herbert,c7b497d4-18b6-522b-abaa-e5c3d24bc021,QB,Quarterback,25_pass_yds_each_quarter,,0.5,0.5
Justin Herbert,c7b497d4-18b6-522b-abaa-e5c3d24bc021,QB,Quarterback,150_pass_yds_each_half,,0.5,0.5
Justin Herbert,c7b497d4-18b6-522b-abaa-e5c3d24bc021,QB,Quarterback,50_pass_yds_each_quarter,,0.5,0.5
Justin Herbert,c7b497d4-18b6-522b-abaa-e5c3d24bc021,QB,Quarterback,game_high_passing_yards,,0.5,0.5
Justin Herbert,c7b497d4-18b6-522b-abaa-e5c3d24bc021,QB,Quarterback,game_high_rushing_yards,,0.5,0.5
Justin Herbert,c7b497d4-18b6-522b-abaa-e5c3d24bc021,QB,Quarterback,fumbles_lost,,0.5,0.5
Kendrick Bourne,8459772c-695a-5890-afa1-7ec38da17201,WR,Wide Receiver,rush_rec_tds,,0.5,0.5
Kendrick Bourne,8459772c-695a-5890-afa1-7ec38da17201,WR,Wide Receiver,receiving_yds,,19.5,19.5
Kendrick Bourne,8459772c-695a-5890-afa1-7ec38da17201,WR,Wide Receiver,rush_rec_yds,,19.5,19.5
Kendrick Bourne,8459772c-695a-5890-afa1-7ec38da17201,WR,Wide Receiver,receiving_rec,,1.5,1.5
Kendrick Bourne,8459772c-695a-5890-afa1-7ec38da17201,WR,Wide Receiver,receiving_tgts,,5.5,5.5
Kendrick Bourne,8459772c-695a-5890-afa1-7ec38da17201,WR,Wide Receiver,receiving_tgts,,4.5,4.5
Kendrick Bourne,8459772c-695a-5890-afa1-7ec38da17201,WR,Wide Receiver,receiving_tgts,,6.5,6.5
Kendrick Bourne,8459772c-695a-5890-afa1-7ec38da17201,WR,Wide Receiver,receiving_tgts,,2.5,2.5
Kendrick Bourne,8459772c-695a-5890-afa1-7ec38da17201,WR,Wide Receiver,receiving_tgts,,3.5,3.5
Kendrick Bourne,8459772c-695a-5890-afa1-7ec38da17201,WR,Wide Receiver,receiving_tgts,,7.5,7.5
Kendrick Bourne,8459772c-695a-5890-afa1-7ec38da17201,WR,Wide Receiver,receiving_long,,12.5,12.5
Kendrick Bourne,8459772c-695a-5890-afa1-7ec38da17201,WR,Wide Receiver,period_1_receiving_yds,,0.5,0.5
Kendrick Bourne,8459772c-695a-5890-afa1-7ec38da17201,WR,Wide Receiver,period_1_receiving_rec,,0.5,0.5
Kendrick Bourne,8459772c-695a-5890-afa1-7ec38da17201,WR,Wide Receiver,period_1_2_rush_rec_tds,,0.5,0.5
Kendrick Bourne,8459772c-695a-5890-afa1-7ec38da17201,WR,Wide Receiver,period_1_2_receiving_yds,,5.5,5.5
Kendrick Bourne,8459772c-695a-5890-afa1-7ec38da17201,WR,Wide Receiver,period_1_2_receiving_rec,,0.5,0.5
Kendrick Bourne,8459772c-695a-5890-afa1-7ec38da17201,WR,Wide Receiver,game_high_receiving_yards,,0.5,0.5
Kimani Vidal,c7b497d4-18b6-522b-abaa-e5c3d24bc021,RB,Running Back,rush_rec_tds,,0.5,0.5
Kimani Vidal,c7b497d4-18b6-522b-abaa-e5c3d24bc021,RB,Running Back,period_first_touchdown_scored,,0.5,0.5
Kimani Vidal,c7b497d4-18b6-522b-abaa-e5c3d24bc021,RB,Running Back,period_1_rush_rec_tds,,0.5,0.5
Kimani Vidal,c7b497d4-18b6-522b-abaa-e5c3d24bc021,RB,Running Back,period_1_2_rush_rec_tds,,0.5,0.5
Kimani Vidal,c7b497d4-18b6-522b-abaa-e5c3d24bc021,RB,Running Back,25_rush_yds_each_half,,0.5,0.5
Kimani Vidal,c7b497d4-18b6-522b-abaa-e5c3d24bc021,RB,Running Back,game_high_rushing_yards,,0.5,0.5
Keaton Mitchell,c7b497d4-18b6-522b-abaa-e5c3d24bc021,RB,Running Back,rush_rec_tds,,0.5,0.5
Keaton Mitchell,c7b497d4-18b6-522b-abaa-e5c3d24bc021,RB,Running Back,period_first_touchdown_scored,,0.5,0.5
Keaton Mitchell,c7b497d4-18b6-522b-abaa-e5c3d24bc021,RB,Running Back,period_1_rush_rec_tds,,0.5,0.5
Keaton Mitchell,c7b497d4-18b6-522b-abaa-e5c3d24bc021,RB,Running Back,period_1_2_rush_rec_tds,,0.5,0.5
Keaton Mitchell,c7b497d4-18b6-522b-abaa-e5c3d24bc021,RB,Running Back,25_rush_yds_each_half,,0.5,0.5
Keaton Mitchell,c7b497d4-18b6-522b-abaa-e5c3d24bc021,RB,Running Back,game_high_rushing_yards,,0.5,0.5
Elijah Higgins,8459772c-695a-5890-afa1-7ec38da17201,TE,Tight End,rush_rec_tds,,0.5,0.5
Elijah Higgins,8459772c-695a-5890-afa1-7ec38da17201,TE,Tight End,period_1_2_rush_rec_tds,,0.5,0.5
Alec Ingold,c7b497d4-18b6-522b-abaa-e5c3d24bc021,FB,Full Back,rush_rec_tds,,0.5,0.5
KeAndre Lambert-Smith,c7b497d4-18b6-522b-abaa-e5c3d24bc021,WR,Wide Receiver,rush_rec_tds,,0.5,0.5
Oronde Gadsden,c7b497d4-18b6-522b-abaa-e5c3d24bc021,TE,Tight End,rush_rec_tds,,0.5,0.5
Oronde Gadsden,c7b497d4-18b6-522b-abaa-e5c3d24bc021,TE,Tight End,period_first_touchdown_scored,,0.5,0.5
Oronde Gadsden,c7b497d4-18b6-522b-abaa-e5c3d24bc021,TE,Tight End,period_1_rush_rec_tds,,0.5,0.5
KeAndre Lambert-Smith,c7b497d4-18b6-522b-abaa-e5c3d24bc021,WR,Wide Receiver,period_1_2_rush_rec_tds,,0.5,0.5
Oronde Gadsden,c7b497d4-18b6-522b-abaa-e5c3d24bc021,TE,Tight End,period_1_2_rush_rec_tds,,0.5,0.5
Derius Davis,c7b497d4-18b6-522b-abaa-e5c3d24bc021,WR,Wide Receiver,rush_rec_tds,,0.5,0.5
Derius Davis,c7b497d4-18b6-522b-abaa-e5c3d24bc021,WR,Wide Receiver,period_1_2_rush_rec_tds,,0.5,0.5
Devin Duvernay,8459772c-695a-5890-afa1-7ec38da17201,WR,Wide Receiver,rush_rec_tds,,0.5,0.5
Devin Duvernay,8459772c-695a-5890-afa1-7ec38da17201,WR,Wide Receiver,period_1_2_rush_rec_tds,,0.5,0.5
Hunter Long,8459772c-695a-5890-afa1-7ec38da17201,TE,Tight End,rush_rec_tds,,0.5,0.5
Brenen Thompson,c7b497d4-18b6-522b-abaa-e5c3d24bc021,WR,Wide Receiver,rush_rec_tds,,0.5,0.5
Charlie Kolar,c7b497d4-18b6-522b-abaa-e5c3d24bc021,TE,Tight End,rush_rec_tds,,0.5,0.5
Tre' Harris,c7b497d4-18b6-522b-abaa-e5c3d24bc021,WR,Wide Receiver,rush_rec_tds,,0.5,0.5
Bam Knight,8459772c-695a-5890-afa1-7ec38da17201,RB,Running Back,rush_rec_tds,,0.5,0.5
Jacoby Brissett,8459772c-695a-5890-afa1-7ec38da17201,QB,Quarterback,rush_rec_tds,,0.5,0.5
Jacoby Brissett,8459772c-695a-5890-afa1-7ec38da17201,QB,Quarterback,passing_yds,,221.5,221.5
Jacoby Brissett,8459772c-695a-5890-afa1-7ec38da17201,QB,Quarterback,rushing_yds,,8.5,8.5
Jacoby Brissett,8459772c-695a-5890-afa1-7ec38da17201,QB,Quarterback,passing_tds,,1.5,1.5
Charlie Kolar,c7b497d4-18b6-522b-abaa-e5c3d24bc021,TE,Tight End,receiving_yds,,17.5,17.5
Tre' Harris,c7b497d4-18b6-522b-abaa-e5c3d24bc021,WR,Wide Receiver,receiving_yds,,26.5,26.5
Tre' Harris,c7b497d4-18b6-522b-abaa-e5c3d24bc021,WR,Wide Receiver,rush_rec_yds,,31.5,31.5
Tre' Harris,c7b497d4-18b6-522b-abaa-e5c3d24bc021,WR,Wide Receiver,receiving_rec,,2.5,2.5
Charlie Kolar,c7b497d4-18b6-522b-abaa-e5c3d24bc021,TE,Tight End,receiving_rec,,1.5,1.5
Jacoby Brissett,8459772c-695a-5890-afa1-7ec38da17201,QB,Quarterback,period_1_passing_yds,,44.5,44.5
Jacoby Brissett,8459772c-695a-5890-afa1-7ec38da17201,QB,Quarterback,rushing_att,,2.5,2.5
Jacoby Brissett,8459772c-695a-5890-afa1-7ec38da17201,QB,Quarterback,passing_comps,,22.5,22.5
Jacoby Brissett,8459772c-695a-5890-afa1-7ec38da17201,QB,Quarterback,passing_and_rushing_yds,,234.5,234.5
Jacoby Brissett,8459772c-695a-5890-afa1-7ec38da17201,QB,Quarterback,passing_att,,34.5,34.5
Jacoby Brissett,8459772c-695a-5890-afa1-7ec38da17201,QB,Quarterback,passing_ints,,0.5,0.5
Charlie Kolar,c7b497d4-18b6-522b-abaa-e5c3d24bc021,TE,Tight End,receiving_tgts,,5.5,5.5
Charlie Kolar,c7b497d4-18b6-522b-abaa-e5c3d24bc021,TE,Tight End,receiving_tgts,,6.5,6.5
Tre' Harris,c7b497d4-18b6-522b-abaa-e5c3d24bc021,WR,Wide Receiver,receiving_tgts,,2.5,2.5
Jeremiyah Love,8459772c-695a-5890-afa1-7ec38da17201,RB,Running Back,receiving_tgts,,5.5,5.5
Charlie Kolar,c7b497d4-18b6-522b-abaa-e5c3d24bc021,TE,Tight End,receiving_tgts,,3.5,3.5
Jeremiyah Love,8459772c-695a-5890-afa1-7ec38da17201,RB,Running Back,receiving_tgts,,2.5,2.5
Charlie Kolar,c7b497d4-18b6-522b-abaa-e5c3d24bc021,TE,Tight End,receiving_tgts,,4.5,4.5
Charlie Kolar,c7b497d4-18b6-522b-abaa-e5c3d24bc021,TE,Tight End,receiving_tgts,,2.5,2.5
Jeremiyah Love,8459772c-695a-5890-afa1-7ec38da17201,RB,Running Back,receiving_tgts,,3.5,3.5
Tre' Harris,c7b497d4-18b6-522b-abaa-e5c3d24bc021,WR,Wide Receiver,receiving_tgts,,3.5,3.5
Jeremiyah Love,8459772c-695a-5890-afa1-7ec38da17201,RB,Running Back,receiving_tgts,,4.5,4.5
Jeremiyah Love,8459772c-695a-5890-afa1-7ec38da17201,RB,Running Back,receiving_tgts,,6.5,6.5
Tre' Harris,c7b497d4-18b6-522b-abaa-e5c3d24bc021,WR,Wide Receiver,receiving_tgts,,6.5,6.5
Tre' Harris,c7b497d4-18b6-522b-abaa-e5c3d24bc021,WR,Wide Receiver,receiving_tgts,,4.5,4.5
Tre' Harris,c7b497d4-18b6-522b-abaa-e5c3d24bc021,WR,Wide Receiver,receiving_tgts,,7.5,7.5
Tre' Harris,c7b497d4-18b6-522b-abaa-e5c3d24bc021,WR,Wide Receiver,receiving_tgts,,5.5,5.5
Tre' Harris,c7b497d4-18b6-522b-abaa-e5c3d24bc021,WR,Wide Receiver,receiving_long,,16.5,16.5
Charlie Kolar,c7b497d4-18b6-522b-abaa-e5c3d24bc021,TE,Tight End,receiving_long,,11.5,11.5
Jacoby Brissett,8459772c-695a-5890-afa1-7ec38da17201,QB,Quarterback,passing_long,,34.5,34.5
Jacoby Brissett,8459772c-695a-5890-afa1-7ec38da17201,QB,Quarterback,rushing_long,,6.5,6.5
Bam Knight,8459772c-695a-5890-afa1-7ec38da17201,RB,Running Back,period_first_touchdown_scored,,0.5,0.5
Tre' Harris,c7b497d4-18b6-522b-abaa-e5c3d24bc021,WR,Wide Receiver,period_first_touchdown_scored,,0.5,0.5
Jeremiyah Love,8459772c-695a-5890-afa1-7ec38da17201,RB,Running Back,period_first_touchdown_scored,,0.5,0.5
Charlie Kolar,c7b497d4-18b6-522b-abaa-e5c3d24bc021,TE,Tight End,period_first_touchdown_scored,,0.5,0.5
Chad Ryland,8459772c-695a-5890-afa1-7ec38da17201,K,Kicker,field_goals_made,,1.5,1.5
Cameron Dicker,c7b497d4-18b6-522b-abaa-e5c3d24bc021,K,Kicker,field_goals_made,,1.5,1.5
Chad Ryland,8459772c-695a-5890-afa1-7ec38da17201,K,Kicker,kicking_points,,5.5,5.5
Chad Ryland,8459772c-695a-5890-afa1-7ec38da17201,K,Kicker,extra_points_made,,1.5,1.5
Cameron Dicker,c7b497d4-18b6-522b-abaa-e5c3d24bc021,K,Kicker,extra_points_made,,2.5,2.5
Cameron Dicker,c7b497d4-18b6-522b-abaa-e5c3d24bc021,K,Kicker,kicking_points,,8.5,8.5
Jacoby Brissett,8459772c-695a-5890-afa1-7ec38da17201,QB,Quarterback,fantasy_points,,22.25,22.25
Jacoby Brissett,8459772c-695a-5890-afa1-7ec38da17201,QB,Quarterback,fantasy_points,,18.25,18.25
Jeremiyah Love,8459772c-695a-5890-afa1-7ec38da17201,RB,Running Back,fantasy_points,,7.55,7.55
Jeremiyah Love,8459772c-695a-5890-afa1-7ec38da17201,RB,Running Back,fantasy_points,,11.55,11.55
Jacoby Brissett,8459772c-695a-5890-afa1-7ec38da17201,QB,Quarterback,fantasy_points,,14.25,14.25
Jeremiyah Love,8459772c-695a-5890-afa1-7ec38da17201,RB,Running Back,fantasy_points,,15.55,15.55
Bam Knight,8459772c-695a-5890-afa1-7ec38da17201,RB,Running Back,period_1_rush_rec_tds,,0.5,0.5
Tre' Harris,c7b497d4-18b6-522b-abaa-e5c3d24bc021,WR,Wide Receiver,period_1_rush_rec_tds,,0.5,0.5
Charlie Kolar,c7b497d4-18b6-522b-abaa-e5c3d24bc021,TE,Tight End,period_1_rush_rec_tds,,0.5,0.5
Jacoby Brissett,8459772c-695a-5890-afa1-7ec38da17201,QB,Quarterback,period_1_passing_tds,,0.5,0.5
Tre' Harris,c7b497d4-18b6-522b-abaa-e5c3d24bc021,WR,Wide Receiver,period_1_receiving_yds,,0.5,0.5
Charlie Kolar,c7b497d4-18b6-522b-abaa-e5c3d24bc021,TE,Tight End,period_1_receiving_yds,,0.5,0.5
Tre' Harris,c7b497d4-18b6-522b-abaa-e5c3d24bc021,WR,Wide Receiver,period_1_receiving_rec,,0.5,0.5
Charlie Kolar,c7b497d4-18b6-522b-abaa-e5c3d24bc021,TE,Tight End,period_1_receiving_rec,,0.5,0.5
Jacoby Brissett,8459772c-695a-5890-afa1-7ec38da17201,QB,Quarterback,period_1_rushing_yds,,0.5,0.5
Donte Jackson,c7b497d4-18b6-522b-abaa-e5c3d24bc021,CB,Cornerback,defensive_ints,,0.5,0.5
Tarheeb Still,c7b497d4-18b6-522b-abaa-e5c3d24bc021,CB,Cornerback,defensive_ints,,0.5,0.5
Charlie Kolar,c7b497d4-18b6-522b-abaa-e5c3d24bc021,TE,Tight End,period_1_2_rush_rec_tds,,0.5,0.5
Andrew Wingard,8459772c-695a-5890-afa1-7ec38da17201,SAF,Safety,defensive_ints,,0.5,0.5
Bam Knight,8459772c-695a-5890-afa1-7ec38da17201,RB,Running Back,period_1_2_rush_rec_tds,,0.5,0.5
Elijah Molden,c7b497d4-18b6-522b-abaa-e5c3d24bc021,DB,Defensive Back,defensive_ints,,0.5,0.5
Brenen Thompson,c7b497d4-18b6-522b-abaa-e5c3d24bc021,WR,Wide Receiver,period_1_2_rush_rec_tds,,0.5,0.5
Jacoby Brissett,8459772c-695a-5890-afa1-7ec38da17201,QB,Quarterback,period_1_2_rush_rec_tds,,0.5,0.5
Tre' Harris,c7b497d4-18b6-522b-abaa-e5c3d24bc021,WR,Wide Receiver,period_1_2_rush_rec_tds,,0.5,0.5
Daiyan Henley,c7b497d4-18b6-522b-abaa-e5c3d24bc021,LB,Linebacker,defensive_ints,,0.5,0.5
Derwin James Jr.,c7b497d4-18b6-522b-abaa-e5c3d24bc021,SAF,Safety,defensive_ints,,0.5,0.5
Garrett Williams,8459772c-695a-5890-afa1-7ec38da17201,CB,Cornerback,defensive_ints,,0.5,0.5
Jacoby Brissett,8459772c-695a-5890-afa1-7ec38da17201,QB,Quarterback,period_1_2_passing_yds,,103.5,103.5
Charlie Kolar,c7b497d4-18b6-522b-abaa-e5c3d24bc021,TE,Tight End,period_1_2_receiving_yds,,7.5,7.5
Tre' Harris,c7b497d4-18b6-522b-abaa-e5c3d24bc021,WR,Wide Receiver,25_rec_yds_each_half,,0.5,0.5
Tre' Harris,c7b497d4-18b6-522b-abaa-e5c3d24bc021,WR,Wide Receiver,period_1_2_receiving_yds,,13.5,13.5
Jacoby Brissett,8459772c-695a-5890-afa1-7ec38da17201,QB,Quarterback,period_1_2_rushing_yds,,1.5,1.5
Jeremiyah Love,8459772c-695a-5890-afa1-7ec38da17201,RB,Running Back,25_rush_yds_each_half,,0.5,0.5
Charlie Kolar,c7b497d4-18b6-522b-abaa-e5c3d24bc021,TE,Tight End,period_1_2_receiving_rec,,0.5,0.5
Tre' Harris,c7b497d4-18b6-522b-abaa-e5c3d24bc021,WR,Wide Receiver,period_1_2_receiving_rec,,1.5,1.5
Jacoby Brissett,8459772c-695a-5890-afa1-7ec38da17201,QB,Quarterback,period_1_2_passing_tds,,0.5,0.5
Jacoby Brissett,8459772c-695a-5890-afa1-7ec38da17201,QB,Quarterback,100_pass_yds_each_half,,0.5,0.5
Jacoby Brissett,8459772c-695a-5890-afa1-7ec38da17201,QB,Quarterback,25_pass_yds_each_quarter,,0.5,0.5
Jacoby Brissett,8459772c-695a-5890-afa1-7ec38da17201,QB,Quarterback,50_pass_yds_each_quarter,,0.5,0.5
Jacoby Brissett,8459772c-695a-5890-afa1-7ec38da17201,QB,Quarterback,150_pass_yds_each_half,,0.5,0.5
Jacoby Brissett,8459772c-695a-5890-afa1-7ec38da17201,QB,Quarterback,game_high_passing_yards,,0.5,0.5
Tre' Harris,c7b497d4-18b6-522b-abaa-e5c3d24bc021,WR,Wide Receiver,game_high_receiving_yards,,0.5,0.5
Jeremiyah Love,8459772c-695a-5890-afa1-7ec38da17201,RB,Running Back,game_high_rushing_yards,,0.5,0.5
Jacoby Brissett,8459772c-695a-5890-afa1-7ec38da17201,QB,Quarterback,fumbles_lost,,0.5,0.5
De'Von Achane,9153e0a9-da83-5246-ba43-417537f1bcce,RB,Running Back,rush_rec_tds,,0.5,0.5
De'Von Achane,9153e0a9-da83-5246-ba43-417537f1bcce,RB,Running Back,rushing_yds,,67.5,67.5
De'Von Achane,9153e0a9-da83-5246-ba43-417537f1bcce,RB,Running Back,rush_rec_yds,,106.5,106.5
De'Von Achane,9153e0a9-da83-5246-ba43-417537f1bcce,RB,Running Back,receiving_yds,,29.5,29.5
De'Von Achane,9153e0a9-da83-5246-ba43-417537f1bcce,RB,Running Back,receiving_rec,,4.5,4.5
De'Von Achane,9153e0a9-da83-5246-ba43-417537f1bcce,RB,Running Back,rushing_att,,14.5,14.5
De'Von Achane,9153e0a9-da83-5246-ba43-417537f1bcce,RB,Running Back,receiving_tgts,,8.5,8.5
De'Von Achane,9153e0a9-da83-5246-ba43-417537f1bcce,RB,Running Back,receiving_tgts,,10.5,10.5
De'Von Achane,9153e0a9-da83-5246-ba43-417537f1bcce,RB,Running Back,receiving_tgts,,5.5,5.5
De'Von Achane,9153e0a9-da83-5246-ba43-417537f1bcce,RB,Running Back,receiving_tgts,,9.5,9.5
De'Von Achane,9153e0a9-da83-5246-ba43-417537f1bcce,RB,Running Back,receiving_tgts,,7.5,7.5
De'Von Achane,9153e0a9-da83-5246-ba43-417537f1bcce,RB,Running Back,receiving_tgts,,6.5,6.5
De'Von Achane,9153e0a9-da83-5246-ba43-417537f1bcce,RB,Running Back,receiving_long,,13.5,13.5
De'Von Achane,9153e0a9-da83-5246-ba43-417537f1bcce,RB,Running Back,rushing_long,,15.5,15.5
De'Von Achane,9153e0a9-da83-5246-ba43-417537f1bcce,RB,Running Back,period_first_touchdown_scored,,0.5,0.5
De'Von Achane,9153e0a9-da83-5246-ba43-417537f1bcce,RB,Running Back,last_touchdown_scored,,0.5,0.5
De'Von Achane,9153e0a9-da83-5246-ba43-417537f1bcce,RB,Running Back,fantasy_points,,15.05,15.05
De'Von Achane,9153e0a9-da83-5246-ba43-417537f1bcce,RB,Running Back,fantasy_points,,23.05,23.05
De'Von Achane,9153e0a9-da83-5246-ba43-417537f1bcce,RB,Running Back,fantasy_points,,19.05,19.05
De'Von Achane,9153e0a9-da83-5246-ba43-417537f1bcce,RB,Running Back,period_1_rush_rec_tds,,0.5,0.5
De'Von Achane,9153e0a9-da83-5246-ba43-417537f1bcce,RB,Running Back,period_1_receiving_yds,,2.5,2.5
De'Von Achane,9153e0a9-da83-5246-ba43-417537f1bcce,RB,Running Back,period_1_receiving_rec,,0.5,0.5
De'Von Achane,9153e0a9-da83-5246-ba43-417537f1bcce,RB,Running Back,period_1_rushing_yds,,13.5,13.5
De'Von Achane,9153e0a9-da83-5246-ba43-417537f1bcce,RB,Running Back,period_1_2_rush_rec_tds,,0.5,0.5
De'Von Achane,9153e0a9-da83-5246-ba43-417537f1bcce,RB,Running Back,period_1_2_receiving_yds,,12.5,12.5
De'Von Achane,9153e0a9-da83-5246-ba43-417537f1bcce,RB,Running Back,25_rush_yds_each_half,,0.5,0.5
De'Von Achane,9153e0a9-da83-5246-ba43-417537f1bcce,RB,Running Back,period_1_2_rushing_yds,,29.5,29.5
De'Von Achane,9153e0a9-da83-5246-ba43-417537f1bcce,RB,Running Back,period_1_2_receiving_rec,,1.5,1.5
De'Von Achane,9153e0a9-da83-5246-ba43-417537f1bcce,RB,Running Back,50_rush_yds_each_half,,0.5,0.5
De'Von Achane,9153e0a9-da83-5246-ba43-417537f1bcce,RB,Running Back,game_high_receiving_yards,,0.5,0.5
De'Von Achane,9153e0a9-da83-5246-ba43-417537f1bcce,RB,Running Back,game_high_rushing_yards,,0.5,0.5
De'Von Achane,9153e0a9-da83-5246-ba43-417537f1bcce,RB,Running Back,fumbles_lost,,0.5,0.5
Ashton Jeanty,5ce78c37-b02c-52da-9e4f-fcd65b6ccb76,RB,Running Back,rush_rec_yds,,66.5,66.5
Ashton Jeanty,5ce78c37-b02c-52da-9e4f-fcd65b6ccb76,RB,Running Back,receiving_rec,,2.5,2.5
Ashton Jeanty,5ce78c37-b02c-52da-9e4f-fcd65b6ccb76,RB,Running Back,rushing_att,,14.5,14.5
Ashton Jeanty,5ce78c37-b02c-52da-9e4f-fcd65b6ccb76,RB,Running Back,receiving_tgts,,2.5,2.5
Ashton Jeanty,5ce78c37-b02c-52da-9e4f-fcd65b6ccb76,RB,Running Back,receiving_tgts,,6.5,6.5
Ashton Jeanty,5ce78c37-b02c-52da-9e4f-fcd65b6ccb76,RB,Running Back,receiving_tgts,,3.5,3.5
Ashton Jeanty,5ce78c37-b02c-52da-9e4f-fcd65b6ccb76,RB,Running Back,receiving_tgts,,5.5,5.5
Ashton Jeanty,5ce78c37-b02c-52da-9e4f-fcd65b6ccb76,RB,Running Back,receiving_tgts,,7.5,7.5
Ashton Jeanty,5ce78c37-b02c-52da-9e4f-fcd65b6ccb76,RB,Running Back,receiving_tgts,,4.5,4.5
Ashton Jeanty,5ce78c37-b02c-52da-9e4f-fcd65b6ccb76,RB,Running Back,receiving_long,,9.5,9.5
Ashton Jeanty,5ce78c37-b02c-52da-9e4f-fcd65b6ccb76,RB,Running Back,rushing_long,,11.5,11.5
Ashton Jeanty,5ce78c37-b02c-52da-9e4f-fcd65b6ccb76,RB,Running Back,period_first_touchdown_scored,,0.5,0.5
Ashton Jeanty,5ce78c37-b02c-52da-9e4f-fcd65b6ccb76,RB,Running Back,fantasy_points,,11.25,11.25
Ashton Jeanty,5ce78c37-b02c-52da-9e4f-fcd65b6ccb76,RB,Running Back,fantasy_points,,15.25,15.25
Ashton Jeanty,5ce78c37-b02c-52da-9e4f-fcd65b6ccb76,RB,Running Back,fantasy_points,,19.25,19.25
Ashton Jeanty,5ce78c37-b02c-52da-9e4f-fcd65b6ccb76,RB,Running Back,period_1_receiving_yds,,0.5,0.5
Ashton Jeanty,5ce78c37-b02c-52da-9e4f-fcd65b6ccb76,RB,Running Back,period_1_receiving_rec,,0.5,0.5
Ashton Jeanty,5ce78c37-b02c-52da-9e4f-fcd65b6ccb76,RB,Running Back,period_1_rushing_yds,,10.5,10.5
Ashton Jeanty,5ce78c37-b02c-52da-9e4f-fcd65b6ccb76,RB,Running Back,period_1_2_receiving_yds,,5.5,5.5
Ashton Jeanty,5ce78c37-b02c-52da-9e4f-fcd65b6ccb76,RB,Running Back,period_1_2_rushing_yds,,22.5,22.5
Ashton Jeanty,5ce78c37-b02c-52da-9e4f-fcd65b6ccb76,RB,Running Back,period_1_2_receiving_rec,,1.5,1.5
Ashton Jeanty,5ce78c37-b02c-52da-9e4f-fcd65b6ccb76,RB,Running Back,game_high_rushing_yards,,0.5,0.5
Ashton Jeanty,5ce78c37-b02c-52da-9e4f-fcd65b6ccb76,RB,Running Back,fumbles_lost,,0.5,0.5
Brock Bowers,5ce78c37-b02c-52da-9e4f-fcd65b6ccb76,TE,Tight End,rush_rec_tds,,0.5,0.5
Brock Bowers,5ce78c37-b02c-52da-9e4f-fcd65b6ccb76,TE,Tight End,receiving_yds,,63.5,63.5
Brock Bowers,5ce78c37-b02c-52da-9e4f-fcd65b6ccb76,TE,Tight End,receiving_rec,,5.5,5.5
Brock Bowers,5ce78c37-b02c-52da-9e4f-fcd65b6ccb76,TE,Tight End,receiving_tgts,,12.5,12.5
Brock Bowers,5ce78c37-b02c-52da-9e4f-fcd65b6ccb76,TE,Tight End,receiving_tgts,,8.5,8.5
Brock Bowers,5ce78c37-b02c-52da-9e4f-fcd65b6ccb76,TE,Tight End,receiving_tgts,,9.5,9.5
Brock Bowers,5ce78c37-b02c-52da-9e4f-fcd65b6ccb76,TE,Tight End,receiving_tgts,,10.5,10.5
Brock Bowers,5ce78c37-b02c-52da-9e4f-fcd65b6ccb76,TE,Tight End,receiving_tgts,,11.5,11.5
Brock Bowers,5ce78c37-b02c-52da-9e4f-fcd65b6ccb76,TE,Tight End,receiving_tgts,,7.5,7.5
Brock Bowers,5ce78c37-b02c-52da-9e4f-fcd65b6ccb76,TE,Tight End,receiving_long,,20.5,20.5
Brock Bowers,5ce78c37-b02c-52da-9e4f-fcd65b6ccb76,TE,Tight End,period_first_touchdown_scored,,0.5,0.5
Brock Bowers,5ce78c37-b02c-52da-9e4f-fcd65b6ccb76,TE,Tight End,last_touchdown_scored,,0.5,0.5
Brock Bowers,5ce78c37-b02c-52da-9e4f-fcd65b6ccb76,TE,Tight End,fantasy_points,,14.75,14.75
Brock Bowers,5ce78c37-b02c-52da-9e4f-fcd65b6ccb76,TE,Tight End,fantasy_points,,10.75,10.75
Brock Bowers,5ce78c37-b02c-52da-9e4f-fcd65b6ccb76,TE,Tight End,fantasy_points,,18.75,18.75
Brock Bowers,5ce78c37-b02c-52da-9e4f-fcd65b6ccb76,TE,Tight End,period_1_rush_rec_tds,,0.5,0.5
Brock Bowers,5ce78c37-b02c-52da-9e4f-fcd65b6ccb76,TE,Tight End,period_1_receiving_yds,,10.5,10.5
Brock Bowers,5ce78c37-b02c-52da-9e4f-fcd65b6ccb76,TE,Tight End,period_1_receiving_rec,,1.5,1.5
Brock Bowers,5ce78c37-b02c-52da-9e4f-fcd65b6ccb76,TE,Tight End,period_1_2_rush_rec_tds,,0.5,0.5
Brock Bowers,5ce78c37-b02c-52da-9e4f-fcd65b6ccb76,TE,Tight End,period_1_2_receiving_yds,,29.5,29.5
Brock Bowers,5ce78c37-b02c-52da-9e4f-fcd65b6ccb76,TE,Tight End,25_rec_yds_each_half,,0.5,0.5
Brock Bowers,5ce78c37-b02c-52da-9e4f-fcd65b6ccb76,TE,Tight End,50_rec_yds_each_half,,0.5,0.5
Brock Bowers,5ce78c37-b02c-52da-9e4f-fcd65b6ccb76,TE,Tight End,period_1_2_receiving_rec,,2.5,2.5
Brock Bowers,5ce78c37-b02c-52da-9e4f-fcd65b6ccb76,TE,Tight End,game_high_receiving_yards,,0.5,0.5
Brock Bowers,5ce78c37-b02c-52da-9e4f-fcd65b6ccb76,TE,Tight End,fumbles_lost,,0.5,0.5
Jalen Nailor,5ce78c37-b02c-52da-9e4f-fcd65b6ccb76,WR,Wide Receiver,rush_rec_tds,,0.5,0.5
Jalen Nailor,5ce78c37-b02c-52da-9e4f-fcd65b6ccb76,WR,Wide Receiver,rush_rec_yds,,19.5,19.5
Jalen Nailor,5ce78c37-b02c-52da-9e4f-fcd65b6ccb76,WR,Wide Receiver,receiving_yds,,20.5,20.5
Jalen Nailor,5ce78c37-b02c-52da-9e4f-fcd65b6ccb76,WR,Wide Receiver,receiving_rec,,2.5,2.5
Jalen Nailor,5ce78c37-b02c-52da-9e4f-fcd65b6ccb76,WR,Wide Receiver,receiving_tgts,,3.5,3.5
Jalen Nailor,5ce78c37-b02c-52da-9e4f-fcd65b6ccb76,WR,Wide Receiver,receiving_tgts,,4.5,4.5
Jalen Nailor,5ce78c37-b02c-52da-9e4f-fcd65b6ccb76,WR,Wide Receiver,receiving_tgts,,2.5,2.5
Jalen Nailor,5ce78c37-b02c-52da-9e4f-fcd65b6ccb76,WR,Wide Receiver,receiving_tgts,,7.5,7.5
Jalen Nailor,5ce78c37-b02c-52da-9e4f-fcd65b6ccb76,WR,Wide Receiver,receiving_tgts,,5.5,5.5
Jalen Nailor,5ce78c37-b02c-52da-9e4f-fcd65b6ccb76,WR,Wide Receiver,receiving_tgts,,6.5,6.5
Jalen Nailor,5ce78c37-b02c-52da-9e4f-fcd65b6ccb76,WR,Wide Receiver,receiving_long,,12.5,12.5
Jalen Nailor,5ce78c37-b02c-52da-9e4f-fcd65b6ccb76,WR,Wide Receiver,period_first_touchdown_scored,,0.5,0.5
Jalen Nailor,5ce78c37-b02c-52da-9e4f-fcd65b6ccb76,WR,Wide Receiver,period_1_rush_rec_tds,,0.5,0.5
Jalen Nailor,5ce78c37-b02c-52da-9e4f-fcd65b6ccb76,WR,Wide Receiver,period_1_receiving_yds,,0.5,0.5
Jalen Nailor,5ce78c37-b02c-52da-9e4f-fcd65b6ccb76,WR,Wide Receiver,period_1_receiving_rec,,0.5,0.5
Jalen Nailor,5ce78c37-b02c-52da-9e4f-fcd65b6ccb76,WR,Wide Receiver,period_1_2_rush_rec_tds,,0.5,0.5
Jalen Nailor,5ce78c37-b02c-52da-9e4f-fcd65b6ccb76,WR,Wide Receiver,period_1_2_receiving_yds,,6.5,6.5
Jalen Nailor,5ce78c37-b02c-52da-9e4f-fcd65b6ccb76,WR,Wide Receiver,25_rec_yds_each_half,,0.5,0.5
Jalen Nailor,5ce78c37-b02c-52da-9e4f-fcd65b6ccb76,WR,Wide Receiver,period_1_2_receiving_rec,,0.5,0.5
Jalen Nailor,5ce78c37-b02c-52da-9e4f-fcd65b6ccb76,WR,Wide Receiver,game_high_receiving_yards,,0.5,0.5
Tre Tucker,5ce78c37-b02c-52da-9e4f-fcd65b6ccb76,WR,Wide Receiver,rush_rec_tds,,0.5,0.5
Tre Tucker,5ce78c37-b02c-52da-9e4f-fcd65b6ccb76,WR,Wide Receiver,receiving_yds,,39.5,39.5
Tre Tucker,5ce78c37-b02c-52da-9e4f-fcd65b6ccb76,WR,Wide Receiver,receiving_rec,,3.5,3.5
Tre Tucker,5ce78c37-b02c-52da-9e4f-fcd65b6ccb76,WR,Wide Receiver,receiving_tgts,,5.5,5.5
Tre Tucker,5ce78c37-b02c-52da-9e4f-fcd65b6ccb76,WR,Wide Receiver,receiving_tgts,,9.5,9.5
Tre Tucker,5ce78c37-b02c-52da-9e4f-fcd65b6ccb76,WR,Wide Receiver,receiving_tgts,,4.5,4.5
Tre Tucker,5ce78c37-b02c-52da-9e4f-fcd65b6ccb76,WR,Wide Receiver,receiving_tgts,,8.5,8.5
Tre Tucker,5ce78c37-b02c-52da-9e4f-fcd65b6ccb76,WR,Wide Receiver,receiving_tgts,,7.5,7.5
Tre Tucker,5ce78c37-b02c-52da-9e4f-fcd65b6ccb76,WR,Wide Receiver,receiving_tgts,,6.5,6.5
Tre Tucker,5ce78c37-b02c-52da-9e4f-fcd65b6ccb76,WR,Wide Receiver,receiving_long,,20.5,20.5
Tre Tucker,5ce78c37-b02c-52da-9e4f-fcd65b6ccb76,WR,Wide Receiver,period_first_touchdown_scored,,0.5,0.5
Tre Tucker,5ce78c37-b02c-52da-9e4f-fcd65b6ccb76,WR,Wide Receiver,fantasy_points,,10.95,10.95
Tre Tucker,5ce78c37-b02c-52da-9e4f-fcd65b6ccb76,WR,Wide Receiver,fantasy_points,,6.95,6.95
Tre Tucker,5ce78c37-b02c-52da-9e4f-fcd65b6ccb76,WR,Wide Receiver,fantasy_points,,14.95,14.95
Tre Tucker,5ce78c37-b02c-52da-9e4f-fcd65b6ccb76,WR,Wide Receiver,period_1_rush_rec_tds,,0.5,0.5
Tre Tucker,5ce78c37-b02c-52da-9e4f-fcd65b6ccb76,WR,Wide Receiver,period_1_receiving_yds,,4.5,4.5
Tre Tucker,5ce78c37-b02c-52da-9e4f-fcd65b6ccb76,WR,Wide Receiver,period_1_receiving_rec,,0.5,0.5
Tre Tucker,5ce78c37-b02c-52da-9e4f-fcd65b6ccb76,WR,Wide Receiver,period_1_2_rush_rec_tds,,0.5,0.5
Tre Tucker,5ce78c37-b02c-52da-9e4f-fcd65b6ccb76,WR,Wide Receiver,25_rec_yds_each_half,,0.5,0.5
Tre Tucker,5ce78c37-b02c-52da-9e4f-fcd65b6ccb76,WR,Wide Receiver,period_1_2_receiving_yds,,17.5,17.5
Tre Tucker,5ce78c37-b02c-52da-9e4f-fcd65b6ccb76,WR,Wide Receiver,period_1_2_receiving_rec,,1.5,1.5
Tre Tucker,5ce78c37-b02c-52da-9e4f-fcd65b6ccb76,WR,Wide Receiver,50_rec_yds_each_half,,0.5,0.5
Tre Tucker,5ce78c37-b02c-52da-9e4f-fcd65b6ccb76,WR,Wide Receiver,game_high_receiving_yards,,0.5,0.5
Ollie Gordon,9153e0a9-da83-5246-ba43-417537f1bcce,RB,Running Back,rush_rec_tds,,0.5,0.5
Ollie Gordon,9153e0a9-da83-5246-ba43-417537f1bcce,RB,Running Back,period_first_touchdown_scored,,0.5,0.5
Ollie Gordon,9153e0a9-da83-5246-ba43-417537f1bcce,RB,Running Back,period_1_2_rush_rec_tds,,0.5,0.5
Jalen Tolbert,9153e0a9-da83-5246-ba43-417537f1bcce,WR,Wide Receiver,rush_rec_tds,,0.5,0.5
Malik Washington,9153e0a9-da83-5246-ba43-417537f1bcce,WR,Wide Receiver,rush_rec_tds,,0.5,0.5
Malik Washington,9153e0a9-da83-5246-ba43-417537f1bcce,WR,Wide Receiver,receiving_yds,,27.5,27.5
Malik Washington,9153e0a9-da83-5246-ba43-417537f1bcce,WR,Wide Receiver,receiving_rec,,2.5,2.5
Malik Washington,9153e0a9-da83-5246-ba43-417537f1bcce,WR,Wide Receiver,receiving_tgts,,4.5,4.5
Malik Washington,9153e0a9-da83-5246-ba43-417537f1bcce,WR,Wide Receiver,receiving_tgts,,8.5,8.5
Malik Washington,9153e0a9-da83-5246-ba43-417537f1bcce,WR,Wide Receiver,receiving_tgts,,5.5,5.5
Malik Washington,9153e0a9-da83-5246-ba43-417537f1bcce,WR,Wide Receiver,receiving_tgts,,6.5,6.5
Malik Washington,9153e0a9-da83-5246-ba43-417537f1bcce,WR,Wide Receiver,receiving_tgts,,9.5,9.5
Malik Washington,9153e0a9-da83-5246-ba43-417537f1bcce,WR,Wide Receiver,receiving_tgts,,7.5,7.5
Malik Washington,9153e0a9-da83-5246-ba43-417537f1bcce,WR,Wide Receiver,receiving_long,,13.5,13.5
Malik Washington,9153e0a9-da83-5246-ba43-417537f1bcce,WR,Wide Receiver,period_first_touchdown_scored,,0.5,0.5
Malik Washington,9153e0a9-da83-5246-ba43-417537f1bcce,WR,Wide Receiver,period_1_rush_rec_tds,,0.5,0.5
Malik Washington,9153e0a9-da83-5246-ba43-417537f1bcce,WR,Wide Receiver,period_1_2_rush_rec_tds,,0.5,0.5
Jalen Tolbert,9153e0a9-da83-5246-ba43-417537f1bcce,WR,Wide Receiver,period_1_2_rush_rec_tds,,0.5,0.5
Malik Washington,9153e0a9-da83-5246-ba43-417537f1bcce,WR,Wide Receiver,25_rec_yds_each_half,,0.5,0.5
Malik Washington,9153e0a9-da83-5246-ba43-417537f1bcce,WR,Wide Receiver,game_high_receiving_yards,,0.5,0.5
Jaylen Wright,9153e0a9-da83-5246-ba43-417537f1bcce,RB,Running Back,rush_rec_tds,,0.5,0.5
Michael Mayer,5ce78c37-b02c-52da-9e4f-fcd65b6ccb76,TE,Tight End,rush_rec_tds,,0.5,0.5
Michael Mayer,5ce78c37-b02c-52da-9e4f-fcd65b6ccb76,TE,Tight End,receiving_yds,,15.5,15.5
Michael Mayer,5ce78c37-b02c-52da-9e4f-fcd65b6ccb76,TE,Tight End,receiving_rec,,2.5,2.5
Michael Mayer,5ce78c37-b02c-52da-9e4f-fcd65b6ccb76,TE,Tight End,receiving_tgts,,6.5,6.5
Michael Mayer,5ce78c37-b02c-52da-9e4f-fcd65b6ccb76,TE,Tight End,receiving_tgts,,4.5,4.5
Michael Mayer,5ce78c37-b02c-52da-9e4f-fcd65b6ccb76,TE,Tight End,receiving_tgts,,7.5,7.5
Michael Mayer,5ce78c37-b02c-52da-9e4f-fcd65b6ccb76,TE,Tight End,receiving_tgts,,5.5,5.5
Michael Mayer,5ce78c37-b02c-52da-9e4f-fcd65b6ccb76,TE,Tight End,receiving_tgts,,2.5,2.5
Michael Mayer,5ce78c37-b02c-52da-9e4f-fcd65b6ccb76,TE,Tight End,receiving_tgts,,3.5,3.5
Michael Mayer,5ce78c37-b02c-52da-9e4f-fcd65b6ccb76,TE,Tight End,receiving_long,,11.5,11.5
Jaylen Wright,9153e0a9-da83-5246-ba43-417537f1bcce,RB,Running Back,period_first_touchdown_scored,,0.5,0.5
Michael Mayer,5ce78c37-b02c-52da-9e4f-fcd65b6ccb76,TE,Tight End,period_first_touchdown_scored,,0.5,0.5
Jaylen Wright,9153e0a9-da83-5246-ba43-417537f1bcce,RB,Running Back,period_1_rush_rec_tds,,0.5,0.5
Michael Mayer,5ce78c37-b02c-52da-9e4f-fcd65b6ccb76,TE,Tight End,period_1_rush_rec_tds,,0.5,0.5
Michael Mayer,5ce78c37-b02c-52da-9e4f-fcd65b6ccb76,TE,Tight End,period_1_receiving_yds,,0.5,0.5
Michael Mayer,5ce78c37-b02c-52da-9e4f-fcd65b6ccb76,TE,Tight End,period_1_receiving_rec,,0.5,0.5
Jaylen Wright,9153e0a9-da83-5246-ba43-417537f1bcce,RB,Running Back,period_1_2_rush_rec_tds,,0.5,0.5
Michael Mayer,5ce78c37-b02c-52da-9e4f-fcd65b6ccb76,TE,Tight End,period_1_2_rush_rec_tds,,0.5,0.5
Michael Mayer,5ce78c37-b02c-52da-9e4f-fcd65b6ccb76,TE,Tight End,25_rec_yds_each_half,,0.5,0.5
Michael Mayer,5ce78c37-b02c-52da-9e4f-fcd65b6ccb76,TE,Tight End,period_1_2_receiving_yds,,7.5,7.5
Michael Mayer,5ce78c37-b02c-52da-9e4f-fcd65b6ccb76,TE,Tight End,period_1_2_receiving_rec,,1.5,1.5
Jack Bech,5ce78c37-b02c-52da-9e4f-fcd65b6ccb76,WR,Wide Receiver,rush_rec_tds,,0.5,0.5
Jack Bech,5ce78c37-b02c-52da-9e4f-fcd65b6ccb76,WR,Wide Receiver,rush_rec_yds,,14.5,14.5
Jack Bech,5ce78c37-b02c-52da-9e4f-fcd65b6ccb76,WR,Wide Receiver,receiving_yds,,14.5,14.5
Jack Bech,5ce78c37-b02c-52da-9e4f-fcd65b6ccb76,WR,Wide Receiver,receiving_rec,,1.5,1.5
Jack Bech,5ce78c37-b02c-52da-9e4f-fcd65b6ccb76,WR,Wide Receiver,receiving_tgts,,3.5,3.5
Jack Bech,5ce78c37-b02c-52da-9e4f-fcd65b6ccb76,WR,Wide Receiver,receiving_tgts,,2.5,2.5
Jack Bech,5ce78c37-b02c-52da-9e4f-fcd65b6ccb76,WR,Wide Receiver,receiving_tgts,,5.5,5.5
Jack Bech,5ce78c37-b02c-52da-9e4f-fcd65b6ccb76,WR,Wide Receiver,receiving_tgts,,4.5,4.5
Jack Bech,5ce78c37-b02c-52da-9e4f-fcd65b6ccb76,WR,Wide Receiver,receiving_tgts,,6.5,6.5
Jack Bech,5ce78c37-b02c-52da-9e4f-fcd65b6ccb76,WR,Wide Receiver,receiving_tgts,,1.5,1.5
Jack Bech,5ce78c37-b02c-52da-9e4f-fcd65b6ccb76,WR,Wide Receiver,receiving_long,,11.5,11.5
Jack Bech,5ce78c37-b02c-52da-9e4f-fcd65b6ccb76,WR,Wide Receiver,period_first_touchdown_scored,,0.5,0.5
Jack Bech,5ce78c37-b02c-52da-9e4f-fcd65b6ccb76,WR,Wide Receiver,period_1_receiving_yds,,0.5,0.5
Jack Bech,5ce78c37-b02c-52da-9e4f-fcd65b6ccb76,WR,Wide Receiver,period_1_receiving_rec,,0.5,0.5
Jack Bech,5ce78c37-b02c-52da-9e4f-fcd65b6ccb76,WR,Wide Receiver,period_1_2_rush_rec_tds,,0.5,0.5
Jack Bech,5ce78c37-b02c-52da-9e4f-fcd65b6ccb76,WR,Wide Receiver,period_1_2_receiving_yds,,4.5,4.5
Jack Bech,5ce78c37-b02c-52da-9e4f-fcd65b6ccb76,WR,Wide Receiver,25_rec_yds_each_half,,0.5,0.5
Jack Bech,5ce78c37-b02c-52da-9e4f-fcd65b6ccb76,WR,Wide Receiver,period_1_2_receiving_rec,,0.5,0.5
Jack Bech,5ce78c37-b02c-52da-9e4f-fcd65b6ccb76,WR,Wide Receiver,game_high_receiving_yards,,0.5,0.5
Maxx Crosby,5ce78c37-b02c-52da-9e4f-fcd65b6ccb76,DE,Defensive End,sacks,,0.75,0.75
Caleb Douglas,9153e0a9-da83-5246-ba43-417537f1bcce,WR,Wide Receiver,rush_rec_tds,,0.5,0.5
Quay Walker,5ce78c37-b02c-52da-9e4f-fcd65b6ccb76,LB,Linebacker,rush_rec_tds,,0.5,0.5
DJ Herman,9153e0a9-da83-5246-ba43-417537f1bcce,FB,Full Back,rush_rec_tds,,0.5,0.5
Malik Benson,5ce78c37-b02c-52da-9e4f-fcd65b6ccb76,WR,Wide Receiver,rush_rec_tds,,0.5,0.5
Dylan Laube,5ce78c37-b02c-52da-9e4f-fcd65b6ccb76,RB,Running Back,rush_rec_tds,,0.5,0.5
Will Kacmarek,9153e0a9-da83-5246-ba43-417537f1bcce,TE,Tight End,rush_rec_tds,,0.5,0.5
Mike Washington,5ce78c37-b02c-52da-9e4f-fcd65b6ccb76,RB,Running Back,rush_rec_tds,,0.5,0.5
Malik Willis,9153e0a9-da83-5246-ba43-417537f1bcce,QB,Quarterback,rush_rec_tds,,0.5,0.5
Greg Dulcich,9153e0a9-da83-5246-ba43-417537f1bcce,TE,Tight End,rush_rec_tds,,0.5,0.5
Kevin Coleman,9153e0a9-da83-5246-ba43-417537f1bcce,WR,Wide Receiver,rush_rec_tds,,0.5,0.5
Chris Bell,9153e0a9-da83-5246-ba43-417537f1bcce,WR,Wide Receiver,rush_rec_tds,,0.5,0.5
Kirk Cousins,5ce78c37-b02c-52da-9e4f-fcd65b6ccb76,QB,Quarterback,rush_rec_tds,,0.5,0.5
Connor Heyward,5ce78c37-b02c-52da-9e4f-fcd65b6ccb76,FB,Full Back,rush_rec_tds,,0.5,0.5
Seydou Traore,9153e0a9-da83-5246-ba43-417537f1bcce,TE,Tight End,rush_rec_tds,,0.5,0.5
Malik Willis,9153e0a9-da83-5246-ba43-417537f1bcce,QB,Quarterback,rushing_yds,,37.5,37.5
Malik Willis,9153e0a9-da83-5246-ba43-417537f1bcce,QB,Quarterback,passing_yds,,179.5,179.5
Kirk Cousins,5ce78c37-b02c-52da-9e4f-fcd65b6ccb76,QB,Quarterback,passing_yds,,215.5,215.5
Caleb Douglas,9153e0a9-da83-5246-ba43-417537f1bcce,WR,Wide Receiver,receiving_yds,,25.5,25.5
Malik Willis,9153e0a9-da83-5246-ba43-417537f1bcce,QB,Quarterback,passing_tds,,0.5,0.5
Kirk Cousins,5ce78c37-b02c-52da-9e4f-fcd65b6ccb76,QB,Quarterback,passing_tds,,1.5,1.5
Caleb Douglas,9153e0a9-da83-5246-ba43-417537f1bcce,WR,Wide Receiver,receiving_rec,,2.5,2.5
Greg Dulcich,9153e0a9-da83-5246-ba43-417537f1bcce,TE,Tight End,receiving_rec,,2.5,2.5
Kirk Cousins,5ce78c37-b02c-52da-9e4f-fcd65b6ccb76,QB,Quarterback,period_1_passing_yds,,46.5,46.5
Malik Willis,9153e0a9-da83-5246-ba43-417537f1bcce,QB,Quarterback,period_1_passing_yds,,32.5,32.5
Malik Willis,9153e0a9-da83-5246-ba43-417537f1bcce,QB,Quarterback,rushing_att,,7.5,7.5
Malik Willis,9153e0a9-da83-5246-ba43-417537f1bcce,QB,Quarterback,passing_and_rushing_yds,,218.5,218.5
Kirk Cousins,5ce78c37-b02c-52da-9e4f-fcd65b6ccb76,QB,Quarterback,passing_comps,,19.5,19.5
Malik Willis,9153e0a9-da83-5246-ba43-417537f1bcce,QB,Quarterback,passing_comps,,17.5,17.5
Kirk Cousins,5ce78c37-b02c-52da-9e4f-fcd65b6ccb76,QB,Quarterback,passing_att,,30.5,30.5
Malik Willis,9153e0a9-da83-5246-ba43-417537f1bcce,QB,Quarterback,passing_att,,27.5,27.5
Kirk Cousins,5ce78c37-b02c-52da-9e4f-fcd65b6ccb76,QB,Quarterback,passing_ints,,0.5,0.5
Malik Willis,9153e0a9-da83-5246-ba43-417537f1bcce,QB,Quarterback,passing_ints,,0.5,0.5
Greg Dulcich,9153e0a9-da83-5246-ba43-417537f1bcce,TE,Tight End,receiving_tgts,,4.5,4.5
Caleb Douglas,9153e0a9-da83-5246-ba43-417537f1bcce,WR,Wide Receiver,receiving_tgts,,3.5,3.5
Caleb Douglas,9153e0a9-da83-5246-ba43-417537f1bcce,WR,Wide Receiver,receiving_tgts,,5.5,5.5
Greg Dulcich,9153e0a9-da83-5246-ba43-417537f1bcce,TE,Tight End,receiving_tgts,,3.5,3.5
Greg Dulcich,9153e0a9-da83-5246-ba43-417537f1bcce,TE,Tight End,receiving_tgts,,7.5,7.5
Caleb Douglas,9153e0a9-da83-5246-ba43-417537f1bcce,WR,Wide Receiver,receiving_tgts,,8.5,8.5
Greg Dulcich,9153e0a9-da83-5246-ba43-417537f1bcce,TE,Tight End,receiving_tgts,,6.5,6.5
Greg Dulcich,9153e0a9-da83-5246-ba43-417537f1bcce,TE,Tight End,receiving_tgts,,5.5,5.5
Caleb Douglas,9153e0a9-da83-5246-ba43-417537f1bcce,WR,Wide Receiver,receiving_tgts,,6.5,6.5
Caleb Douglas,9153e0a9-da83-5246-ba43-417537f1bcce,WR,Wide Receiver,receiving_tgts,,7.5,7.5
Greg Dulcich,9153e0a9-da83-5246-ba43-417537f1bcce,TE,Tight End,receiving_tgts,,8.5,8.5
Caleb Douglas,9153e0a9-da83-5246-ba43-417537f1bcce,WR,Wide Receiver,receiving_tgts,,4.5,4.5
Greg Dulcich,9153e0a9-da83-5246-ba43-417537f1bcce,TE,Tight End,receiving_long,,13.5,13.5
Malik Willis,9153e0a9-da83-5246-ba43-417537f1bcce,QB,Quarterback,passing_long,,31.5,31.5
Kirk Cousins,5ce78c37-b02c-52da-9e4f-fcd65b6ccb76,QB,Quarterback,passing_long,,33.5,33.5
Malik Willis,9153e0a9-da83-5246-ba43-417537f1bcce,QB,Quarterback,rushing_long,,13.5,13.5
Greg Dulcich,9153e0a9-da83-5246-ba43-417537f1bcce,TE,Tight End,period_first_touchdown_scored,,0.5,0.5
Caleb Douglas,9153e0a9-da83-5246-ba43-417537f1bcce,WR,Wide Receiver,period_first_touchdown_scored,,0.5,0.5
Mike Washington,5ce78c37-b02c-52da-9e4f-fcd65b6ccb76,RB,Running Back,period_first_touchdown_scored,,0.5,0.5
Malik Willis,9153e0a9-da83-5246-ba43-417537f1bcce,QB,Quarterback,period_first_touchdown_scored,,0.5,0.5
Mike Washington,5ce78c37-b02c-52da-9e4f-fcd65b6ccb76,RB,Running Back,last_touchdown_scored,,0.5,0.5
Matt Gay,5ce78c37-b02c-52da-9e4f-fcd65b6ccb76,K,Kicker,field_goals_made,,1.5,1.5
Riley Patterson,9153e0a9-da83-5246-ba43-417537f1bcce,K,Kicker,field_goals_made,,1.5,1.5
Riley Patterson,9153e0a9-da83-5246-ba43-417537f1bcce,K,Kicker,kicking_points,,5.5,5.5
Matt Gay,5ce78c37-b02c-52da-9e4f-fcd65b6ccb76,K,Kicker,kicking_points,,7.5,7.5
Matt Gay,5ce78c37-b02c-52da-9e4f-fcd65b6ccb76,K,Kicker,extra_points_made,,2.5,2.5
Riley Patterson,9153e0a9-da83-5246-ba43-417537f1bcce,K,Kicker,extra_points_made,,1.5,1.5
Malik Willis,9153e0a9-da83-5246-ba43-417537f1bcce,QB,Quarterback,fantasy_points,,22.75,22.75
Kirk Cousins,5ce78c37-b02c-52da-9e4f-fcd65b6ccb76,QB,Quarterback,fantasy_points,,13.35,13.35
Malik Willis,9153e0a9-da83-5246-ba43-417537f1bcce,QB,Quarterback,fantasy_points,,18.75,18.75
Mike Washington,5ce78c37-b02c-52da-9e4f-fcd65b6ccb76,RB,Running Back,fantasy_points,,17.05,17.05
Mike Washington,5ce78c37-b02c-52da-9e4f-fcd65b6ccb76,RB,Running Back,fantasy_points,,13.05,13.05
Malik Willis,9153e0a9-da83-5246-ba43-417537f1bcce,QB,Quarterback,fantasy_points,,14.75,14.75
Mike Washington,5ce78c37-b02c-52da-9e4f-fcd65b6ccb76,RB,Running Back,fantasy_points,,9.05,9.05
Kirk Cousins,5ce78c37-b02c-52da-9e4f-fcd65b6ccb76,QB,Quarterback,fantasy_points,,17.35,17.35
Kirk Cousins,5ce78c37-b02c-52da-9e4f-fcd65b6ccb76,QB,Quarterback,fantasy_points,,21.35,21.35
Greg Dulcich,9153e0a9-da83-5246-ba43-417537f1bcce,TE,Tight End,period_1_rush_rec_tds,,0.5,0.5
Mike Washington,5ce78c37-b02c-52da-9e4f-fcd65b6ccb76,RB,Running Back,period_1_rush_rec_tds,,0.5,0.5
Caleb Douglas,9153e0a9-da83-5246-ba43-417537f1bcce,WR,Wide Receiver,period_1_rush_rec_tds,,0.5,0.5
Malik Willis,9153e0a9-da83-5246-ba43-417537f1bcce,QB,Quarterback,period_1_rush_rec_tds,,0.5,0.5
Kirk Cousins,5ce78c37-b02c-52da-9e4f-fcd65b6ccb76,QB,Quarterback,period_1_passing_tds,,0.5,0.5
Malik Willis,9153e0a9-da83-5246-ba43-417537f1bcce,QB,Quarterback,period_1_passing_tds,,0.5,0.5
Greg Dulcich,9153e0a9-da83-5246-ba43-417537f1bcce,TE,Tight End,period_1_receiving_yds,,0.5,0.5
Greg Dulcich,9153e0a9-da83-5246-ba43-417537f1bcce,TE,Tight End,period_1_receiving_rec,,0.5,0.5
Malik Willis,9153e0a9-da83-5246-ba43-417537f1bcce,QB,Quarterback,period_1_rushing_yds,,5.5,5.5
Malik Willis,9153e0a9-da83-5246-ba43-417537f1bcce,QB,Quarterback,period_1_2_rush_rec_tds,,0.5,0.5
Dylan Laube,5ce78c37-b02c-52da-9e4f-fcd65b6ccb76,RB,Running Back,period_1_2_rush_rec_tds,,0.5,0.5
Mike Washington,5ce78c37-b02c-52da-9e4f-fcd65b6ccb76,RB,Running Back,period_1_2_rush_rec_tds,,0.5,0.5
Chris Bell,9153e0a9-da83-5246-ba43-417537f1bcce,WR,Wide Receiver,period_1_2_rush_rec_tds,,0.5,0.5
Malik Benson,5ce78c37-b02c-52da-9e4f-fcd65b6ccb76,WR,Wide Receiver,period_1_2_rush_rec_tds,,0.5,0.5
Taron Johnson,5ce78c37-b02c-52da-9e4f-fcd65b6ccb76,CB,Cornerback,defensive_ints,,0.5,0.5
Caleb Douglas,9153e0a9-da83-5246-ba43-417537f1bcce,WR,Wide Receiver,period_1_2_rush_rec_tds,,0.5,0.5
Greg Dulcich,9153e0a9-da83-5246-ba43-417537f1bcce,TE,Tight End,period_1_2_rush_rec_tds,,0.5,0.5
Will Kacmarek,9153e0a9-da83-5246-ba43-417537f1bcce,TE,Tight End,period_1_2_rush_rec_tds,,0.5,0.5
Malik Willis,9153e0a9-da83-5246-ba43-417537f1bcce,QB,Quarterback,period_1_2_passing_yds,,81.5,81.5
Kirk Cousins,5ce78c37-b02c-52da-9e4f-fcd65b6ccb76,QB,Quarterback,period_1_2_passing_yds,,106.5,106.5
Caleb Douglas,9153e0a9-da83-5246-ba43-417537f1bcce,WR,Wide Receiver,25_rec_yds_each_half,,0.5,0.5
Greg Dulcich,9153e0a9-da83-5246-ba43-417537f1bcce,TE,Tight End,period_1_2_receiving_yds,,9.5,9.5
Greg Dulcich,9153e0a9-da83-5246-ba43-417537f1bcce,TE,Tight End,25_rec_yds_each_half,,0.5,0.5
Malik Willis,9153e0a9-da83-5246-ba43-417537f1bcce,QB,Quarterback,25_rush_yds_each_half,,0.5,0.5
Malik Willis,9153e0a9-da83-5246-ba43-417537f1bcce,QB,Quarterback,period_1_2_rushing_yds,,16.5,16.5
Greg Dulcich,9153e0a9-da83-5246-ba43-417537f1bcce,TE,Tight End,period_1_2_receiving_rec,,1.5,1.5
Kirk Cousins,5ce78c37-b02c-52da-9e4f-fcd65b6ccb76,QB,Quarterback,period_1_2_passing_tds,,0.5,0.5
Malik Willis,9153e0a9-da83-5246-ba43-417537f1bcce,QB,Quarterback,period_1_2_passing_tds,,0.5,0.5
Malik Willis,9153e0a9-da83-5246-ba43-417537f1bcce,QB,Quarterback,100_pass_yds_each_half,,0.5,0.5
Malik Willis,9153e0a9-da83-5246-ba43-417537f1bcce,QB,Quarterback,25_pass_yds_each_quarter,,0.5,0.5
Kirk Cousins,5ce78c37-b02c-52da-9e4f-fcd65b6ccb76,QB,Quarterback,25_pass_yds_each_quarter,,0.5,0.5
Kirk Cousins,5ce78c37-b02c-52da-9e4f-fcd65b6ccb76,QB,Quarterback,100_pass_yds_each_half,,0.5,0.5
Kirk Cousins,5ce78c37-b02c-52da-9e4f-fcd65b6ccb76,QB,Quarterback,150_pass_yds_each_half,,0.5,0.5
Kirk Cousins,5ce78c37-b02c-52da-9e4f-fcd65b6ccb76,QB,Quarterback,50_pass_yds_each_quarter,,0.5,0.5
Malik Willis,9153e0a9-da83-5246-ba43-417537f1bcce,QB,Quarterback,50_pass_yds_each_quarter,,0.5,0.5
Kirk Cousins,5ce78c37-b02c-52da-9e4f-fcd65b6ccb76,QB,Quarterback,game_high_passing_yards,,0.5,0.5
Malik Willis,9153e0a9-da83-5246-ba43-417537f1bcce,QB,Quarterback,game_high_passing_yards,,0.5,0.5
Greg Dulcich,9153e0a9-da83-5246-ba43-417537f1bcce,TE,Tight End,game_high_receiving_yards,,0.5,0.5
Caleb Douglas,9153e0a9-da83-5246-ba43-417537f1bcce,WR,Wide Receiver,game_high_receiving_yards,,0.5,0.5
Mike Washington,5ce78c37-b02c-52da-9e4f-fcd65b6ccb76,RB,Running Back,game_high_rushing_yards,,0.5,0.5
Malik Willis,9153e0a9-da83-5246-ba43-417537f1bcce,QB,Quarterback,game_high_rushing_yards,,0.5,0.5
Malik Willis,9153e0a9-da83-5246-ba43-417537f1bcce,QB,Quarterback,fumbles_lost,,0.5,0.5
Malik Benson,5ce78c37-b02c-52da-9e4f-fcd65b6ccb76,WR,Wide Receiver,fumbles_lost,,0.5,0.5
Kirk Cousins,5ce78c37-b02c-52da-9e4f-fcd65b6ccb76,QB,Quarterback,fumbles_lost,,0.5,0.5
Javonte Williams,26e67e06-664e-50a6-ad7b-c102705fde8b,RB,Running Back,rush_rec_tds,,0.5,0.5
Javonte Williams,26e67e06-664e-50a6-ad7b-c102705fde8b,RB,Running Back,rushing_yds,,73.5,73.5
Javonte Williams,26e67e06-664e-50a6-ad7b-c102705fde8b,RB,Running Back,receiving_yds,,9.5,9.5
Javonte Williams,26e67e06-664e-50a6-ad7b-c102705fde8b,RB,Running Back,rush_rec_yds,,85.5,85.5
Javonte Williams,26e67e06-664e-50a6-ad7b-c102705fde8b,RB,Running Back,receiving_rec,,2.5,2.5
Javonte Williams,26e67e06-664e-50a6-ad7b-c102705fde8b,RB,Running Back,rushing_att,,17.5,17.5
Javonte Williams,26e67e06-664e-50a6-ad7b-c102705fde8b,RB,Running Back,receiving_tgts,,6.5,6.5
Javonte Williams,26e67e06-664e-50a6-ad7b-c102705fde8b,RB,Running Back,receiving_tgts,,5.5,5.5
Javonte Williams,26e67e06-664e-50a6-ad7b-c102705fde8b,RB,Running Back,receiving_tgts,,3.5,3.5
Javonte Williams,26e67e06-664e-50a6-ad7b-c102705fde8b,RB,Running Back,receiving_tgts,,2.5,2.5
Javonte Williams,26e67e06-664e-50a6-ad7b-c102705fde8b,RB,Running Back,receiving_tgts,,4.5,4.5
Javonte Williams,26e67e06-664e-50a6-ad7b-c102705fde8b,RB,Running Back,receiving_long,,7.5,7.5
Javonte Williams,26e67e06-664e-50a6-ad7b-c102705fde8b,RB,Running Back,rushing_long,,14.5,14.5
Javonte Williams,26e67e06-664e-50a6-ad7b-c102705fde8b,RB,Running Back,period_first_touchdown_scored,,0.5,0.5
Javonte Williams,26e67e06-664e-50a6-ad7b-c102705fde8b,RB,Running Back,last_touchdown_scored,,0.5,0.5
Javonte Williams,26e67e06-664e-50a6-ad7b-c102705fde8b,RB,Running Back,fantasy_points,,21.65,21.65
Javonte Williams,26e67e06-664e-50a6-ad7b-c102705fde8b,RB,Running Back,fantasy_points,,13.65,13.65
Javonte Williams,26e67e06-664e-50a6-ad7b-c102705fde8b,RB,Running Back,fantasy_points,,17.65,17.65
Javonte Williams,26e67e06-664e-50a6-ad7b-c102705fde8b,RB,Running Back,period_1_rush_rec_tds,,0.5,0.5
Javonte Williams,26e67e06-664e-50a6-ad7b-c102705fde8b,RB,Running Back,period_1_receiving_yds,,0.5,0.5
Javonte Williams,26e67e06-664e-50a6-ad7b-c102705fde8b,RB,Running Back,period_1_receiving_rec,,0.5,0.5
Javonte Williams,26e67e06-664e-50a6-ad7b-c102705fde8b,RB,Running Back,period_1_rushing_yds,,14.5,14.5
Javonte Williams,26e67e06-664e-50a6-ad7b-c102705fde8b,RB,Running Back,period_1_2_rush_rec_tds,,0.5,0.5
Javonte Williams,26e67e06-664e-50a6-ad7b-c102705fde8b,RB,Running Back,period_1_2_receiving_yds,,3.5,3.5
Javonte Williams,26e67e06-664e-50a6-ad7b-c102705fde8b,RB,Running Back,25_rush_yds_each_half,,0.5,0.5
Javonte Williams,26e67e06-664e-50a6-ad7b-c102705fde8b,RB,Running Back,period_1_2_rushing_yds,,32.5,32.5
Javonte Williams,26e67e06-664e-50a6-ad7b-c102705fde8b,RB,Running Back,period_1_2_receiving_rec,,0.5,0.5
Javonte Williams,26e67e06-664e-50a6-ad7b-c102705fde8b,RB,Running Back,50_rush_yds_each_half,,0.5,0.5
Javonte Williams,26e67e06-664e-50a6-ad7b-c102705fde8b,RB,Running Back,fumbles_lost,,0.5,0.5
CeeDee Lamb,26e67e06-664e-50a6-ad7b-c102705fde8b,WR,Wide Receiver,rush_rec_tds,,0.5,0.5
CeeDee Lamb,26e67e06-664e-50a6-ad7b-c102705fde8b,WR,Wide Receiver,receiving_yds,,76.5,76.5
CeeDee Lamb,26e67e06-664e-50a6-ad7b-c102705fde8b,WR,Wide Receiver,rush_rec_yds,,72.5,72.5
CeeDee Lamb,26e67e06-664e-50a6-ad7b-c102705fde8b,WR,Wide Receiver,receiving_rec,,6.5,6.5
CeeDee Lamb,26e67e06-664e-50a6-ad7b-c102705fde8b,WR,Wide Receiver,receiving_tgts,,10.5,10.5
CeeDee Lamb,26e67e06-664e-50a6-ad7b-c102705fde8b,WR,Wide Receiver,receiving_tgts,,9.5,9.5
CeeDee Lamb,26e67e06-664e-50a6-ad7b-c102705fde8b,WR,Wide Receiver,receiving_tgts,,8.5,8.5
CeeDee Lamb,26e67e06-664e-50a6-ad7b-c102705fde8b,WR,Wide Receiver,receiving_tgts,,11.5,11.5
CeeDee Lamb,26e67e06-664e-50a6-ad7b-c102705fde8b,WR,Wide Receiver,receiving_tgts,,12.5,12.5
CeeDee Lamb,26e67e06-664e-50a6-ad7b-c102705fde8b,WR,Wide Receiver,receiving_tgts,,13.5,13.5
CeeDee Lamb,26e67e06-664e-50a6-ad7b-c102705fde8b,WR,Wide Receiver,receiving_long,,24.5,24.5
CeeDee Lamb,26e67e06-664e-50a6-ad7b-c102705fde8b,WR,Wide Receiver,period_first_touchdown_scored,,0.5,0.5
CeeDee Lamb,26e67e06-664e-50a6-ad7b-c102705fde8b,WR,Wide Receiver,last_touchdown_scored,,0.5,0.5
CeeDee Lamb,26e67e06-664e-50a6-ad7b-c102705fde8b,WR,Wide Receiver,fantasy_points,,15.95,15.95
CeeDee Lamb,26e67e06-664e-50a6-ad7b-c102705fde8b,WR,Wide Receiver,fantasy_points,,11.95,11.95
CeeDee Lamb,26e67e06-664e-50a6-ad7b-c102705fde8b,WR,Wide Receiver,fantasy_points,,19.95,19.95
CeeDee Lamb,26e67e06-664e-50a6-ad7b-c102705fde8b,WR,Wide Receiver,period_1_rush_rec_tds,,0.5,0.5
CeeDee Lamb,26e67e06-664e-50a6-ad7b-c102705fde8b,WR,Wide Receiver,period_1_receiving_yds,,14.5,14.5
CeeDee Lamb,26e67e06-664e-50a6-ad7b-c102705fde8b,WR,Wide Receiver,period_1_receiving_rec,,1.5,1.5
CeeDee Lamb,26e67e06-664e-50a6-ad7b-c102705fde8b,WR,Wide Receiver,period_1_2_rush_rec_tds,,0.5,0.5
CeeDee Lamb,26e67e06-664e-50a6-ad7b-c102705fde8b,WR,Wide Receiver,period_1_2_receiving_yds,,35.5,35.5
CeeDee Lamb,26e67e06-664e-50a6-ad7b-c102705fde8b,WR,Wide Receiver,period_1_2_receiving_rec,,2.5,2.5
CeeDee Lamb,26e67e06-664e-50a6-ad7b-c102705fde8b,WR,Wide Receiver,fumbles_lost,,0.5,0.5
Malik Nabers,d40a4380-49a6-5b5f-ab7d-f5393787ed12,WR,Wide Receiver,rush_rec_tds,,0.5,0.5
Malik Nabers,d40a4380-49a6-5b5f-ab7d-f5393787ed12,WR,Wide Receiver,receiving_yds,,60.5,60.5
Malik Nabers,d40a4380-49a6-5b5f-ab7d-f5393787ed12,WR,Wide Receiver,receiving_rec,,5.5,5.5
Malik Nabers,d40a4380-49a6-5b5f-ab7d-f5393787ed12,WR,Wide Receiver,receiving_tgts,,9.5,9.5
Malik Nabers,d40a4380-49a6-5b5f-ab7d-f5393787ed12,WR,Wide Receiver,receiving_tgts,,8.5,8.5
Malik Nabers,d40a4380-49a6-5b5f-ab7d-f5393787ed12,WR,Wide Receiver,receiving_tgts,,11.5,11.5
Malik Nabers,d40a4380-49a6-5b5f-ab7d-f5393787ed12,WR,Wide Receiver,receiving_tgts,,12.5,12.5
Malik Nabers,d40a4380-49a6-5b5f-ab7d-f5393787ed12,WR,Wide Receiver,receiving_tgts,,10.5,10.5
Malik Nabers,d40a4380-49a6-5b5f-ab7d-f5393787ed12,WR,Wide Receiver,receiving_tgts,,7.5,7.5
Malik Nabers,d40a4380-49a6-5b5f-ab7d-f5393787ed12,WR,Wide Receiver,receiving_long,,23.5,23.5
Malik Nabers,d40a4380-49a6-5b5f-ab7d-f5393787ed12,WR,Wide Receiver,period_first_touchdown_scored,,0.5,0.5
Malik Nabers,d40a4380-49a6-5b5f-ab7d-f5393787ed12,WR,Wide Receiver,last_touchdown_scored,,0.5,0.5
Malik Nabers,d40a4380-49a6-5b5f-ab7d-f5393787ed12,WR,Wide Receiver,fantasy_points,,14.35,14.35
Malik Nabers,d40a4380-49a6-5b5f-ab7d-f5393787ed12,WR,Wide Receiver,fantasy_points,,18.35,18.35
Malik Nabers,d40a4380-49a6-5b5f-ab7d-f5393787ed12,WR,Wide Receiver,fantasy_points,,10.35,10.35
Malik Nabers,d40a4380-49a6-5b5f-ab7d-f5393787ed12,WR,Wide Receiver,period_1_rush_rec_tds,,0.5,0.5
Malik Nabers,d40a4380-49a6-5b5f-ab7d-f5393787ed12,WR,Wide Receiver,period_1_receiving_yds,,10.5,10.5
Malik Nabers,d40a4380-49a6-5b5f-ab7d-f5393787ed12,WR,Wide Receiver,period_1_receiving_rec,,1.5,1.5
Malik Nabers,d40a4380-49a6-5b5f-ab7d-f5393787ed12,WR,Wide Receiver,period_1_2_rush_rec_tds,,0.5,0.5
Malik Nabers,d40a4380-49a6-5b5f-ab7d-f5393787ed12,WR,Wide Receiver,period_1_2_receiving_yds,,29.5,29.5
Malik Nabers,d40a4380-49a6-5b5f-ab7d-f5393787ed12,WR,Wide Receiver,period_1_2_receiving_rec,,2.5,2.5
Malik Nabers,d40a4380-49a6-5b5f-ab7d-f5393787ed12,WR,Wide Receiver,fumbles_lost,,0.5,0.5
Najee Harris,d40a4380-49a6-5b5f-ab7d-f5393787ed12,RB,Running Back,rush_rec_tds,,0.5,0.5
Najee Harris,d40a4380-49a6-5b5f-ab7d-f5393787ed12,RB,Running Back,period_first_touchdown_scored,,0.5,0.5
Najee Harris,d40a4380-49a6-5b5f-ab7d-f5393787ed12,RB,Running Back,period_1_rush_rec_tds,,0.5,0.5
Najee Harris,d40a4380-49a6-5b5f-ab7d-f5393787ed12,RB,Running Back,period_1_2_rush_rec_tds,,0.5,0.5
Najee Harris,d40a4380-49a6-5b5f-ab7d-f5393787ed12,RB,Running Back,25_rush_yds_each_half,,0.5,0.5
Cam Skattebo,d40a4380-49a6-5b5f-ab7d-f5393787ed12,RB,Running Back,rush_rec_tds,,0.5,0.5
Cam Skattebo,d40a4380-49a6-5b5f-ab7d-f5393787ed12,RB,Running Back,rushing_yds,,49.5,49.5
Cam Skattebo,d40a4380-49a6-5b5f-ab7d-f5393787ed12,RB,Running Back,rush_rec_yds,,70.5,70.5
Cam Skattebo,d40a4380-49a6-5b5f-ab7d-f5393787ed12,RB,Running Back,receiving_yds,,14.5,14.5
Cam Skattebo,d40a4380-49a6-5b5f-ab7d-f5393787ed12,RB,Running Back,receiving_rec,,2.5,2.5
Cam Skattebo,d40a4380-49a6-5b5f-ab7d-f5393787ed12,RB,Running Back,rushing_att,,12.5,12.5
Cam Skattebo,d40a4380-49a6-5b5f-ab7d-f5393787ed12,RB,Running Back,receiving_tgts,,3.5,3.5
Cam Skattebo,d40a4380-49a6-5b5f-ab7d-f5393787ed12,RB,Running Back,receiving_tgts,,7.5,7.5
Cam Skattebo,d40a4380-49a6-5b5f-ab7d-f5393787ed12,RB,Running Back,receiving_tgts,,6.5,6.5
Cam Skattebo,d40a4380-49a6-5b5f-ab7d-f5393787ed12,RB,Running Back,receiving_tgts,,5.5,5.5
Cam Skattebo,d40a4380-49a6-5b5f-ab7d-f5393787ed12,RB,Running Back,receiving_tgts,,4.5,4.5
Cam Skattebo,d40a4380-49a6-5b5f-ab7d-f5393787ed12,RB,Running Back,receiving_tgts,,2.5,2.5
Cam Skattebo,d40a4380-49a6-5b5f-ab7d-f5393787ed12,RB,Running Back,receiving_long,,9.5,9.5
Cam Skattebo,d40a4380-49a6-5b5f-ab7d-f5393787ed12,RB,Running Back,rushing_long,,12.5,12.5
Cam Skattebo,d40a4380-49a6-5b5f-ab7d-f5393787ed12,RB,Running Back,period_first_touchdown_scored,,0.5,0.5
Cam Skattebo,d40a4380-49a6-5b5f-ab7d-f5393787ed12,RB,Running Back,last_touchdown_scored,,0.5,0.5
Cam Skattebo,d40a4380-49a6-5b5f-ab7d-f5393787ed12,RB,Running Back,fantasy_points,,18.05,18.05
Cam Skattebo,d40a4380-49a6-5b5f-ab7d-f5393787ed12,RB,Running Back,fantasy_points,,14.05,14.05
Cam Skattebo,d40a4380-49a6-5b5f-ab7d-f5393787ed12,RB,Running Back,fantasy_points,,10.05,10.05
Cam Skattebo,d40a4380-49a6-5b5f-ab7d-f5393787ed12,RB,Running Back,period_1_rush_rec_tds,,0.5,0.5
Cam Skattebo,d40a4380-49a6-5b5f-ab7d-f5393787ed12,RB,Running Back,period_1_receiving_yds,,0.5,0.5
Cam Skattebo,d40a4380-49a6-5b5f-ab7d-f5393787ed12,RB,Running Back,period_1_receiving_rec,,0.5,0.5
Cam Skattebo,d40a4380-49a6-5b5f-ab7d-f5393787ed12,RB,Running Back,period_1_rushing_yds,,9.5,9.5
Cam Skattebo,d40a4380-49a6-5b5f-ab7d-f5393787ed12,RB,Running Back,period_1_2_rush_rec_tds,,0.5,0.5
Cam Skattebo,d40a4380-49a6-5b5f-ab7d-f5393787ed12,RB,Running Back,period_1_2_receiving_yds,,5.5,5.5
Cam Skattebo,d40a4380-49a6-5b5f-ab7d-f5393787ed12,RB,Running Back,25_rush_yds_each_half,,0.5,0.5
Cam Skattebo,d40a4380-49a6-5b5f-ab7d-f5393787ed12,RB,Running Back,period_1_2_rushing_yds,,21.5,21.5
Cam Skattebo,d40a4380-49a6-5b5f-ab7d-f5393787ed12,RB,Running Back,period_1_2_receiving_rec,,1.5,1.5
Cam Skattebo,d40a4380-49a6-5b5f-ab7d-f5393787ed12,RB,Running Back,50_rush_yds_each_half,,0.5,0.5
Cam Skattebo,d40a4380-49a6-5b5f-ab7d-f5393787ed12,RB,Running Back,fumbles_lost,,0.5,0.5
George Pickens,26e67e06-664e-50a6-ad7b-c102705fde8b,WR,Wide Receiver,rush_rec_tds,,0.5,0.5
George Pickens,26e67e06-664e-50a6-ad7b-c102705fde8b,WR,Wide Receiver,rush_rec_yds,,70.5,70.5
George Pickens,26e67e06-664e-50a6-ad7b-c102705fde8b,WR,Wide Receiver,receiving_yds,,70.5,70.5
George Pickens,26e67e06-664e-50a6-ad7b-c102705fde8b,WR,Wide Receiver,receiving_rec,,5.5,5.5
George Pickens,26e67e06-664e-50a6-ad7b-c102705fde8b,WR,Wide Receiver,receiving_tgts,,9.5,9.5
George Pickens,26e67e06-664e-50a6-ad7b-c102705fde8b,WR,Wide Receiver,receiving_tgts,,8.5,8.5
George Pickens,26e67e06-664e-50a6-ad7b-c102705fde8b,WR,Wide Receiver,receiving_tgts,,7.5,7.5
George Pickens,26e67e06-664e-50a6-ad7b-c102705fde8b,WR,Wide Receiver,receiving_tgts,,10.5,10.5
George Pickens,26e67e06-664e-50a6-ad7b-c102705fde8b,WR,Wide Receiver,receiving_tgts,,12.5,12.5
George Pickens,26e67e06-664e-50a6-ad7b-c102705fde8b,WR,Wide Receiver,receiving_tgts,,11.5,11.5
George Pickens,26e67e06-664e-50a6-ad7b-c102705fde8b,WR,Wide Receiver,receiving_long,,24.5,24.5
George Pickens,26e67e06-664e-50a6-ad7b-c102705fde8b,WR,Wide Receiver,period_first_touchdown_scored,,0.5,0.5
George Pickens,26e67e06-664e-50a6-ad7b-c102705fde8b,WR,Wide Receiver,last_touchdown_scored,,0.5,0.5
George Pickens,26e67e06-664e-50a6-ad7b-c102705fde8b,WR,Wide Receiver,fantasy_points,,11.35,11.35
George Pickens,26e67e06-664e-50a6-ad7b-c102705fde8b,WR,Wide Receiver,fantasy_points,,15.35,15.35
George Pickens,26e67e06-664e-50a6-ad7b-c102705fde8b,WR,Wide Receiver,fantasy_points,,19.35,19.35
George Pickens,26e67e06-664e-50a6-ad7b-c102705fde8b,WR,Wide Receiver,period_1_rush_rec_tds,,0.5,0.5
George Pickens,26e67e06-664e-50a6-ad7b-c102705fde8b,WR,Wide Receiver,period_1_receiving_yds,,10.5,10.5
George Pickens,26e67e06-664e-50a6-ad7b-c102705fde8b,WR,Wide Receiver,period_1_receiving_rec,,0.5,0.5
George Pickens,26e67e06-664e-50a6-ad7b-c102705fde8b,WR,Wide Receiver,period_1_2_rush_rec_tds,,0.5,0.5
George Pickens,26e67e06-664e-50a6-ad7b-c102705fde8b,WR,Wide Receiver,period_1_2_receiving_yds,,32.5,32.5
George Pickens,26e67e06-664e-50a6-ad7b-c102705fde8b,WR,Wide Receiver,period_1_2_receiving_rec,,2.5,2.5
George Pickens,26e67e06-664e-50a6-ad7b-c102705fde8b,WR,Wide Receiver,fumbles_lost,,0.5,0.5
Darnell Mooney,d40a4380-49a6-5b5f-ab7d-f5393787ed12,WR,Wide Receiver,rush_rec_tds,,0.5,0.5
Darnell Mooney,d40a4380-49a6-5b5f-ab7d-f5393787ed12,WR,Wide Receiver,receiving_yds,,6.5,6.5
Darnell Mooney,d40a4380-49a6-5b5f-ab7d-f5393787ed12,WR,Wide Receiver,rush_rec_yds,,6.5,6.5
Darnell Mooney,d40a4380-49a6-5b5f-ab7d-f5393787ed12,WR,Wide Receiver,receiving_rec,,0.5,0.5
Darnell Mooney,d40a4380-49a6-5b5f-ab7d-f5393787ed12,WR,Wide Receiver,receiving_long,,6.5,6.5
Darnell Mooney,d40a4380-49a6-5b5f-ab7d-f5393787ed12,WR,Wide Receiver,period_1_receiving_yds,,0.5,0.5
Darnell Mooney,d40a4380-49a6-5b5f-ab7d-f5393787ed12,WR,Wide Receiver,period_1_receiving_rec,,0.5,0.5
Darnell Mooney,d40a4380-49a6-5b5f-ab7d-f5393787ed12,WR,Wide Receiver,period_1_2_rush_rec_tds,,0.5,0.5
Darnell Mooney,d40a4380-49a6-5b5f-ab7d-f5393787ed12,WR,Wide Receiver,period_1_2_receiving_yds,,0.5,0.5
Darnell Mooney,d40a4380-49a6-5b5f-ab7d-f5393787ed12,WR,Wide Receiver,period_1_2_receiving_rec,,0.5,0.5
Jaxson Dart,d40a4380-49a6-5b5f-ab7d-f5393787ed12,QB,Quarterback,rush_rec_tds,,0.5,0.5
Jaxson Dart,d40a4380-49a6-5b5f-ab7d-f5393787ed12,QB,Quarterback,passing_yds,,213.5,213.5
Jaxson Dart,d40a4380-49a6-5b5f-ab7d-f5393787ed12,QB,Quarterback,rushing_yds,,28.5,28.5
Jaxson Dart,d40a4380-49a6-5b5f-ab7d-f5393787ed12,QB,Quarterback,passing_tds,,1.5,1.5
Jaxson Dart,d40a4380-49a6-5b5f-ab7d-f5393787ed12,QB,Quarterback,rushing_att,,6.5,6.5
Jaxson Dart,d40a4380-49a6-5b5f-ab7d-f5393787ed12,QB,Quarterback,period_1_passing_yds,,44.5,44.5
Jaxson Dart,d40a4380-49a6-5b5f-ab7d-f5393787ed12,QB,Quarterback,passing_and_rushing_yds,,248.5,248.5
Jaxson Dart,d40a4380-49a6-5b5f-ab7d-f5393787ed12,QB,Quarterback,passing_comps,,18.5,18.5
Jaxson Dart,d40a4380-49a6-5b5f-ab7d-f5393787ed12,QB,Quarterback,passing_att,,28.5,28.5
Jaxson Dart,d40a4380-49a6-5b5f-ab7d-f5393787ed12,QB,Quarterback,passing_ints,,0.5,0.5
Jaxson Dart,d40a4380-49a6-5b5f-ab7d-f5393787ed12,QB,Quarterback,rushing_long,,11.5,11.5
Jaxson Dart,d40a4380-49a6-5b5f-ab7d-f5393787ed12,QB,Quarterback,passing_long,,36.5,36.5
Jaxson Dart,d40a4380-49a6-5b5f-ab7d-f5393787ed12,QB,Quarterback,period_first_touchdown_scored,,0.5,0.5
Jaxson Dart,d40a4380-49a6-5b5f-ab7d-f5393787ed12,QB,Quarterback,fantasy_points,,19.15,19.15
Jaxson Dart,d40a4380-49a6-5b5f-ab7d-f5393787ed12,QB,Quarterback,fantasy_points,,27.15,27.15
Jaxson Dart,d40a4380-49a6-5b5f-ab7d-f5393787ed12,QB,Quarterback,fantasy_points,,23.15,23.15
Jaxson Dart,d40a4380-49a6-5b5f-ab7d-f5393787ed12,QB,Quarterback,period_1_rush_rec_tds,,0.5,0.5
Jaxson Dart,d40a4380-49a6-5b5f-ab7d-f5393787ed12,QB,Quarterback,period_1_passing_tds,,0.5,0.5
Jaxson Dart,d40a4380-49a6-5b5f-ab7d-f5393787ed12,QB,Quarterback,period_1_rushing_yds,,4.5,4.5
Jaxson Dart,d40a4380-49a6-5b5f-ab7d-f5393787ed12,QB,Quarterback,period_1_2_rush_rec_tds,,0.5,0.5
Jaxson Dart,d40a4380-49a6-5b5f-ab7d-f5393787ed12,QB,Quarterback,period_1_2_passing_yds,,106.5,106.5
Jaxson Dart,d40a4380-49a6-5b5f-ab7d-f5393787ed12,QB,Quarterback,period_1_2_rushing_yds,,13.5,13.5
Jaxson Dart,d40a4380-49a6-5b5f-ab7d-f5393787ed12,QB,Quarterback,25_rush_yds_each_half,,0.5,0.5
Jaxson Dart,d40a4380-49a6-5b5f-ab7d-f5393787ed12,QB,Quarterback,period_1_2_passing_tds,,0.5,0.5
Jaxson Dart,d40a4380-49a6-5b5f-ab7d-f5393787ed12,QB,Quarterback,100_pass_yds_each_half,,0.5,0.5
Jaxson Dart,d40a4380-49a6-5b5f-ab7d-f5393787ed12,QB,Quarterback,25_pass_yds_each_quarter,,0.5,0.5
Jaxson Dart,d40a4380-49a6-5b5f-ab7d-f5393787ed12,QB,Quarterback,150_pass_yds_each_half,,0.5,0.5
Jaxson Dart,d40a4380-49a6-5b5f-ab7d-f5393787ed12,QB,Quarterback,50_pass_yds_each_quarter,,0.5,0.5
Jaxson Dart,d40a4380-49a6-5b5f-ab7d-f5393787ed12,QB,Quarterback,fumbles_lost,,0.5,0.5
Isaiah Likely,d40a4380-49a6-5b5f-ab7d-f5393787ed12,TE,Tight End,rush_rec_tds,,0.5,0.5
Isaiah Likely,d40a4380-49a6-5b5f-ab7d-f5393787ed12,TE,Tight End,receiving_yds,,35.5,35.5
Isaiah Likely,d40a4380-49a6-5b5f-ab7d-f5393787ed12,TE,Tight End,receiving_rec,,3.5,3.5
Isaiah Likely,d40a4380-49a6-5b5f-ab7d-f5393787ed12,TE,Tight End,receiving_tgts,,7.5,7.5
Isaiah Likely,d40a4380-49a6-5b5f-ab7d-f5393787ed12,TE,Tight End,receiving_tgts,,6.5,6.5
Isaiah Likely,d40a4380-49a6-5b5f-ab7d-f5393787ed12,TE,Tight End,receiving_tgts,,4.5,4.5
Isaiah Likely,d40a4380-49a6-5b5f-ab7d-f5393787ed12,TE,Tight End,receiving_tgts,,8.5,8.5
Isaiah Likely,d40a4380-49a6-5b5f-ab7d-f5393787ed12,TE,Tight End,receiving_tgts,,9.5,9.5
Isaiah Likely,d40a4380-49a6-5b5f-ab7d-f5393787ed12,TE,Tight End,receiving_tgts,,5.5,5.5
Isaiah Likely,d40a4380-49a6-5b5f-ab7d-f5393787ed12,TE,Tight End,receiving_long,,16.5,16.5
Isaiah Likely,d40a4380-49a6-5b5f-ab7d-f5393787ed12,TE,Tight End,period_first_touchdown_scored,,0.5,0.5
Isaiah Likely,d40a4380-49a6-5b5f-ab7d-f5393787ed12,TE,Tight End,fantasy_points,,6.05,6.05
Isaiah Likely,d40a4380-49a6-5b5f-ab7d-f5393787ed12,TE,Tight End,fantasy_points,,14.05,14.05
Isaiah Likely,d40a4380-49a6-5b5f-ab7d-f5393787ed12,TE,Tight End,fantasy_points,,10.05,10.05
Isaiah Likely,d40a4380-49a6-5b5f-ab7d-f5393787ed12,TE,Tight End,period_1_rush_rec_tds,,0.5,0.5
Isaiah Likely,d40a4380-49a6-5b5f-ab7d-f5393787ed12,TE,Tight End,period_1_2_rush_rec_tds,,0.5,0.5
Jake Ferguson,26e67e06-664e-50a6-ad7b-c102705fde8b,TE,Tight End,rush_rec_tds,,0.5,0.5
Jake Ferguson,26e67e06-664e-50a6-ad7b-c102705fde8b,TE,Tight End,receiving_yds,,30.5,30.5
Jake Ferguson,26e67e06-664e-50a6-ad7b-c102705fde8b,TE,Tight End,receiving_rec,,3.5,3.5
Jake Ferguson,26e67e06-664e-50a6-ad7b-c102705fde8b,TE,Tight End,receiving_tgts,,9.5,9.5
Jake Ferguson,26e67e06-664e-50a6-ad7b-c102705fde8b,TE,Tight End,receiving_tgts,,4.5,4.5
Jake Ferguson,26e67e06-664e-50a6-ad7b-c102705fde8b,TE,Tight End,receiving_tgts,,6.5,6.5
Jake Ferguson,26e67e06-664e-50a6-ad7b-c102705fde8b,TE,Tight End,receiving_tgts,,5.5,5.5
Jake Ferguson,26e67e06-664e-50a6-ad7b-c102705fde8b,TE,Tight End,receiving_tgts,,7.5,7.5
Jake Ferguson,26e67e06-664e-50a6-ad7b-c102705fde8b,TE,Tight End,receiving_tgts,,8.5,8.5
Jake Ferguson,26e67e06-664e-50a6-ad7b-c102705fde8b,TE,Tight End,receiving_long,,13.5,13.5
Jake Ferguson,26e67e06-664e-50a6-ad7b-c102705fde8b,TE,Tight End,period_first_touchdown_scored,,0.5,0.5
Jake Ferguson,26e67e06-664e-50a6-ad7b-c102705fde8b,TE,Tight End,fantasy_points,,5.35,5.35
Jake Ferguson,26e67e06-664e-50a6-ad7b-c102705fde8b,TE,Tight End,period_1_rush_rec_tds,,0.5,0.5
Jake Ferguson,26e67e06-664e-50a6-ad7b-c102705fde8b,TE,Tight End,period_1_receiving_yds,,0.5,0.5
Jake Ferguson,26e67e06-664e-50a6-ad7b-c102705fde8b,TE,Tight End,period_1_receiving_rec,,0.5,0.5
Jake Ferguson,26e67e06-664e-50a6-ad7b-c102705fde8b,TE,Tight End,period_1_2_rush_rec_tds,,0.5,0.5
Jake Ferguson,26e67e06-664e-50a6-ad7b-c102705fde8b,TE,Tight End,period_1_2_receiving_yds,,12.5,12.5
Jake Ferguson,26e67e06-664e-50a6-ad7b-c102705fde8b,TE,Tight End,period_1_2_receiving_rec,,1.5,1.5
Darius Slayton,d40a4380-49a6-5b5f-ab7d-f5393787ed12,WR,Wide Receiver,rush_rec_tds,,0.5,0.5
Darius Slayton,d40a4380-49a6-5b5f-ab7d-f5393787ed12,WR,Wide Receiver,rush_rec_yds,,13.5,13.5
Darius Slayton,d40a4380-49a6-5b5f-ab7d-f5393787ed12,WR,Wide Receiver,receiving_yds,,13.5,13.5
Darius Slayton,d40a4380-49a6-5b5f-ab7d-f5393787ed12,WR,Wide Receiver,receiving_rec,,1.5,1.5
Darius Slayton,d40a4380-49a6-5b5f-ab7d-f5393787ed12,WR,Wide Receiver,receiving_tgts,,3.5,3.5
Darius Slayton,d40a4380-49a6-5b5f-ab7d-f5393787ed12,WR,Wide Receiver,receiving_tgts,,2.5,2.5
Darius Slayton,d40a4380-49a6-5b5f-ab7d-f5393787ed12,WR,Wide Receiver,receiving_tgts,,1.5,1.5
Darius Slayton,d40a4380-49a6-5b5f-ab7d-f5393787ed12,WR,Wide Receiver,receiving_tgts,,5.5,5.5
Darius Slayton,d40a4380-49a6-5b5f-ab7d-f5393787ed12,WR,Wide Receiver,receiving_tgts,,4.5,4.5
Darius Slayton,d40a4380-49a6-5b5f-ab7d-f5393787ed12,WR,Wide Receiver,receiving_tgts,,6.5,6.5
Darius Slayton,d40a4380-49a6-5b5f-ab7d-f5393787ed12,WR,Wide Receiver,receiving_long,,10.5,10.5
Darius Slayton,d40a4380-49a6-5b5f-ab7d-f5393787ed12,WR,Wide Receiver,period_first_touchdown_scored,,0.5,0.5
Darius Slayton,d40a4380-49a6-5b5f-ab7d-f5393787ed12,WR,Wide Receiver,period_1_rush_rec_tds,,0.5,0.5
Darius Slayton,d40a4380-49a6-5b5f-ab7d-f5393787ed12,WR,Wide Receiver,period_1_receiving_yds,,0.5,0.5
Darius Slayton,d40a4380-49a6-5b5f-ab7d-f5393787ed12,WR,Wide Receiver,period_1_receiving_rec,,0.5,0.5
Darius Slayton,d40a4380-49a6-5b5f-ab7d-f5393787ed12,WR,Wide Receiver,period_1_2_rush_rec_tds,,0.5,0.5
Darius Slayton,d40a4380-49a6-5b5f-ab7d-f5393787ed12,WR,Wide Receiver,period_1_2_receiving_yds,,0.5,0.5
Darius Slayton,d40a4380-49a6-5b5f-ab7d-f5393787ed12,WR,Wide Receiver,period_1_2_receiving_rec,,0.5,0.5
Theo Johnson,d40a4380-49a6-5b5f-ab7d-f5393787ed12,TE,Tight End,rush_rec_tds,,0.5,0.5
Theo Johnson,d40a4380-49a6-5b5f-ab7d-f5393787ed12,TE,Tight End,receiving_tgts,,7.5,7.5
Theo Johnson,d40a4380-49a6-5b5f-ab7d-f5393787ed12,TE,Tight End,receiving_tgts,,2.5,2.5
Theo Johnson,d40a4380-49a6-5b5f-ab7d-f5393787ed12,TE,Tight End,receiving_tgts,,6.5,6.5
Theo Johnson,d40a4380-49a6-5b5f-ab7d-f5393787ed12,TE,Tight End,receiving_tgts,,4.5,4.5
Theo Johnson,d40a4380-49a6-5b5f-ab7d-f5393787ed12,TE,Tight End,receiving_tgts,,3.5,3.5
Theo Johnson,d40a4380-49a6-5b5f-ab7d-f5393787ed12,TE,Tight End,receiving_tgts,,5.5,5.5
Theo Johnson,d40a4380-49a6-5b5f-ab7d-f5393787ed12,TE,Tight End,period_first_touchdown_scored,,0.5,0.5
Theo Johnson,d40a4380-49a6-5b5f-ab7d-f5393787ed12,TE,Tight End,period_1_rush_rec_tds,,0.5,0.5
Theo Johnson,d40a4380-49a6-5b5f-ab7d-f5393787ed12,TE,Tight End,period_1_2_rush_rec_tds,,0.5,0.5
KaVontae Turpin,26e67e06-664e-50a6-ad7b-c102705fde8b,WR,Wide Receiver,rush_rec_tds,,0.5,0.5
KaVontae Turpin,26e67e06-664e-50a6-ad7b-c102705fde8b,WR,Wide Receiver,period_first_touchdown_scored,,0.5,0.5
KaVontae Turpin,26e67e06-664e-50a6-ad7b-c102705fde8b,WR,Wide Receiver,period_1_rush_rec_tds,,0.5,0.5
KaVontae Turpin,26e67e06-664e-50a6-ad7b-c102705fde8b,WR,Wide Receiver,period_1_2_rush_rec_tds,,0.5,0.5
KaVontae Turpin,26e67e06-664e-50a6-ad7b-c102705fde8b,WR,Wide Receiver,fumbles_lost,,0.5,0.5
Devin Singletary,d40a4380-49a6-5b5f-ab7d-f5393787ed12,RB,Running Back,rush_rec_tds,,0.5,0.5
Devin Singletary,d40a4380-49a6-5b5f-ab7d-f5393787ed12,RB,Running Back,period_first_touchdown_scored,,0.5,0.5
Devin Singletary,d40a4380-49a6-5b5f-ab7d-f5393787ed12,RB,Running Back,period_1_rush_rec_tds,,0.5,0.5
Devin Singletary,d40a4380-49a6-5b5f-ab7d-f5393787ed12,RB,Running Back,period_1_2_rush_rec_tds,,0.5,0.5
Dak Prescott,26e67e06-664e-50a6-ad7b-c102705fde8b,QB,Quarterback,rush_rec_tds,,0.5,0.5
Dak Prescott,26e67e06-664e-50a6-ad7b-c102705fde8b,QB,Quarterback,rushing_yds,,7.5,7.5
Dak Prescott,26e67e06-664e-50a6-ad7b-c102705fde8b,QB,Quarterback,passing_yds,,260.5,260.5
Dak Prescott,26e67e06-664e-50a6-ad7b-c102705fde8b,QB,Quarterback,passing_tds,,1.5,1.5
Dak Prescott,26e67e06-664e-50a6-ad7b-c102705fde8b,QB,Quarterback,period_1_passing_yds,,54.5,54.5
Dak Prescott,26e67e06-664e-50a6-ad7b-c102705fde8b,QB,Quarterback,rushing_att,,2.5,2.5
Dak Prescott,26e67e06-664e-50a6-ad7b-c102705fde8b,QB,Quarterback,passing_and_rushing_yds,,274.5,274.5
Dak Prescott,26e67e06-664e-50a6-ad7b-c102705fde8b,QB,Quarterback,passing_comps,,22.5,22.5
Dak Prescott,26e67e06-664e-50a6-ad7b-c102705fde8b,QB,Quarterback,passing_att,,33.5,33.5
Dak Prescott,26e67e06-664e-50a6-ad7b-c102705fde8b,QB,Quarterback,passing_ints,,0.5,0.5
Dak Prescott,26e67e06-664e-50a6-ad7b-c102705fde8b,QB,Quarterback,passing_long,,37.5,37.5
Dak Prescott,26e67e06-664e-50a6-ad7b-c102705fde8b,QB,Quarterback,rushing_long,,5.5,5.5
Dak Prescott,26e67e06-664e-50a6-ad7b-c102705fde8b,QB,Quarterback,fantasy_points,,22.55,22.55
Dak Prescott,26e67e06-664e-50a6-ad7b-c102705fde8b,QB,Quarterback,fantasy_points,,18.55,18.55
Dak Prescott,26e67e06-664e-50a6-ad7b-c102705fde8b,QB,Quarterback,fantasy_points,,26.55,26.55
Dak Prescott,26e67e06-664e-50a6-ad7b-c102705fde8b,QB,Quarterback,period_1_passing_tds,,0.5,0.5
Dak Prescott,26e67e06-664e-50a6-ad7b-c102705fde8b,QB,Quarterback,period_1_rushing_yds,,0.5,0.5
Dak Prescott,26e67e06-664e-50a6-ad7b-c102705fde8b,QB,Quarterback,period_1_2_rush_rec_tds,,0.5,0.5
Dak Prescott,26e67e06-664e-50a6-ad7b-c102705fde8b,QB,Quarterback,period_1_2_passing_yds,,129.5,129.5
Dak Prescott,26e67e06-664e-50a6-ad7b-c102705fde8b,QB,Quarterback,period_1_2_rushing_yds,,0.5,0.5
Dak Prescott,26e67e06-664e-50a6-ad7b-c102705fde8b,QB,Quarterback,period_1_2_passing_tds,,0.5,0.5
Dak Prescott,26e67e06-664e-50a6-ad7b-c102705fde8b,QB,Quarterback,25_pass_yds_each_quarter,,0.5,0.5
Dak Prescott,26e67e06-664e-50a6-ad7b-c102705fde8b,QB,Quarterback,100_pass_yds_each_half,,0.5,0.5
Dak Prescott,26e67e06-664e-50a6-ad7b-c102705fde8b,QB,Quarterback,150_pass_yds_each_half,,0.5,0.5
Dak Prescott,26e67e06-664e-50a6-ad7b-c102705fde8b,QB,Quarterback,50_pass_yds_each_quarter,,0.5,0.5
Dak Prescott,26e67e06-664e-50a6-ad7b-c102705fde8b,QB,Quarterback,fumbles_lost,,0.5,0.5
Emari Demercado,26e67e06-664e-50a6-ad7b-c102705fde8b,RB,Running Back,rush_rec_tds,,0.5,0.5
Luke Schoonmaker,26e67e06-664e-50a6-ad7b-c102705fde8b,TE,Tight End,rush_rec_tds,,0.5,0.5
Hunter Luepke,26e67e06-664e-50a6-ad7b-c102705fde8b,FB,Full Back,rush_rec_tds,,0.5,0.5
Hunter Luepke,26e67e06-664e-50a6-ad7b-c102705fde8b,FB,Full Back,period_1_2_rush_rec_tds,,0.5,0.5
Jonathan Mingo,26e67e06-664e-50a6-ad7b-c102705fde8b,WR,Wide Receiver,rush_rec_tds,,0.5,0.5
Ryan Flournoy,26e67e06-664e-50a6-ad7b-c102705fde8b,WR,Wide Receiver,rush_rec_tds,,0.5,0.5
Ryan Flournoy,26e67e06-664e-50a6-ad7b-c102705fde8b,WR,Wide Receiver,rush_rec_yds,,22.5,22.5
Ryan Flournoy,26e67e06-664e-50a6-ad7b-c102705fde8b,WR,Wide Receiver,receiving_yds,,22.5,22.5
Ryan Flournoy,26e67e06-664e-50a6-ad7b-c102705fde8b,WR,Wide Receiver,receiving_rec,,2.5,2.5
Ryan Flournoy,26e67e06-664e-50a6-ad7b-c102705fde8b,WR,Wide Receiver,receiving_tgts,,5.5,5.5
Ryan Flournoy,26e67e06-664e-50a6-ad7b-c102705fde8b,WR,Wide Receiver,receiving_tgts,,2.5,2.5
Ryan Flournoy,26e67e06-664e-50a6-ad7b-c102705fde8b,WR,Wide Receiver,receiving_tgts,,7.5,7.5
Ryan Flournoy,26e67e06-664e-50a6-ad7b-c102705fde8b,WR,Wide Receiver,receiving_tgts,,4.5,4.5
Ryan Flournoy,26e67e06-664e-50a6-ad7b-c102705fde8b,WR,Wide Receiver,receiving_tgts,,6.5,6.5
Ryan Flournoy,26e67e06-664e-50a6-ad7b-c102705fde8b,WR,Wide Receiver,receiving_tgts,,3.5,3.5
Ryan Flournoy,26e67e06-664e-50a6-ad7b-c102705fde8b,WR,Wide Receiver,receiving_long,,14.5,14.5
Ryan Flournoy,26e67e06-664e-50a6-ad7b-c102705fde8b,WR,Wide Receiver,period_first_touchdown_scored,,0.5,0.5
Ryan Flournoy,26e67e06-664e-50a6-ad7b-c102705fde8b,WR,Wide Receiver,period_1_rush_rec_tds,,0.5,0.5
Ryan Flournoy,26e67e06-664e-50a6-ad7b-c102705fde8b,WR,Wide Receiver,period_1_receiving_yds,,0.5,0.5
Ryan Flournoy,26e67e06-664e-50a6-ad7b-c102705fde8b,WR,Wide Receiver,period_1_receiving_rec,,0.5,0.5
Ryan Flournoy,26e67e06-664e-50a6-ad7b-c102705fde8b,WR,Wide Receiver,period_1_2_rush_rec_tds,,0.5,0.5
Ryan Flournoy,26e67e06-664e-50a6-ad7b-c102705fde8b,WR,Wide Receiver,period_1_2_receiving_yds,,9.5,9.5
Ryan Flournoy,26e67e06-664e-50a6-ad7b-c102705fde8b,WR,Wide Receiver,period_1_2_receiving_rec,,0.5,0.5
Brevyn Spann-Ford,26e67e06-664e-50a6-ad7b-c102705fde8b,TE,Tight End,rush_rec_tds,,0.5,0.5
Patrick Ricard,d40a4380-49a6-5b5f-ab7d-f5393787ed12,FB,Full Back,rush_rec_tds,,0.5,0.5
Deonte Banks,d40a4380-49a6-5b5f-ab7d-f5393787ed12,CB,Cornerback,rush_rec_tds,,0.5,0.5
Malik Davis,26e67e06-664e-50a6-ad7b-c102705fde8b,RB,Running Back,rush_rec_tds,,0.5,0.5
Chris Manhertz,d40a4380-49a6-5b5f-ab7d-f5393787ed12,TE,Tight End,rush_rec_tds,,0.5,0.5
Odell Beckham Jr.,d40a4380-49a6-5b5f-ab7d-f5393787ed12,WR,Wide Receiver,rush_rec_tds,,0.5,0.5
Malachi Fields,d40a4380-49a6-5b5f-ab7d-f5393787ed12,WR,Wide Receiver,rush_rec_tds,,0.5,0.5
Malik Davis,26e67e06-664e-50a6-ad7b-c102705fde8b,RB,Running Back,rushing_yds,,12.5,12.5
Malachi Fields,d40a4380-49a6-5b5f-ab7d-f5393787ed12,WR,Wide Receiver,rushing_yds,,0.5,0.5
Odell Beckham Jr.,d40a4380-49a6-5b5f-ab7d-f5393787ed12,WR,Wide Receiver,rush_rec_yds,,3.5,3.5
Malachi Fields,d40a4380-49a6-5b5f-ab7d-f5393787ed12,WR,Wide Receiver,rush_rec_yds,,20.5,20.5
Odell Beckham Jr.,d40a4380-49a6-5b5f-ab7d-f5393787ed12,WR,Wide Receiver,receiving_yds,,7.5,7.5
Malachi Fields,d40a4380-49a6-5b5f-ab7d-f5393787ed12,WR,Wide Receiver,receiving_yds,,19.5,19.5
Odell Beckham Jr.,d40a4380-49a6-5b5f-ab7d-f5393787ed12,WR,Wide Receiver,receiving_rec,,1.5,1.5
Malachi Fields,d40a4380-49a6-5b5f-ab7d-f5393787ed12,WR,Wide Receiver,receiving_rec,,1.5,1.5
Malachi Fields,d40a4380-49a6-5b5f-ab7d-f5393787ed12,WR,Wide Receiver,rushing_att,,0.5,0.5
Malachi Fields,d40a4380-49a6-5b5f-ab7d-f5393787ed12,WR,Wide Receiver,receiving_tgts,,2.5,2.5
Malachi Fields,d40a4380-49a6-5b5f-ab7d-f5393787ed12,WR,Wide Receiver,receiving_tgts,,3.5,3.5
Malachi Fields,d40a4380-49a6-5b5f-ab7d-f5393787ed12,WR,Wide Receiver,receiving_tgts,,6.5,6.5
Malachi Fields,d40a4380-49a6-5b5f-ab7d-f5393787ed12,WR,Wide Receiver,receiving_tgts,,4.5,4.5
Malachi Fields,d40a4380-49a6-5b5f-ab7d-f5393787ed12,WR,Wide Receiver,receiving_tgts,,5.5,5.5
Malachi Fields,d40a4380-49a6-5b5f-ab7d-f5393787ed12,WR,Wide Receiver,receiving_tgts,,7.5,7.5
Odell Beckham Jr.,d40a4380-49a6-5b5f-ab7d-f5393787ed12,WR,Wide Receiver,receiving_long,,3.5,3.5
Malachi Fields,d40a4380-49a6-5b5f-ab7d-f5393787ed12,WR,Wide Receiver,receiving_long,,13.5,13.5
Malik Davis,26e67e06-664e-50a6-ad7b-c102705fde8b,RB,Running Back,period_first_touchdown_scored,,0.5,0.5
Malachi Fields,d40a4380-49a6-5b5f-ab7d-f5393787ed12,WR,Wide Receiver,period_first_touchdown_scored,,0.5,0.5
Brandon Aubrey,26e67e06-664e-50a6-ad7b-c102705fde8b,K,Kicker,field_goals_made,,1.5,1.5
Dominic Zvada,d40a4380-49a6-5b5f-ab7d-f5393787ed12,K,Kicker,field_goals_made,,1.5,1.5
Brandon Aubrey,26e67e06-664e-50a6-ad7b-c102705fde8b,K,Kicker,extra_points_made,,2.5,2.5
Dominic Zvada,d40a4380-49a6-5b5f-ab7d-f5393787ed12,K,Kicker,kicking_points,,6.5,6.5
Dominic Zvada,d40a4380-49a6-5b5f-ab7d-f5393787ed12,K,Kicker,extra_points_made,,2.5,2.5
Brandon Aubrey,26e67e06-664e-50a6-ad7b-c102705fde8b,K,Kicker,kicking_points,,8.5,8.5
Donovan Ezeiruaku,26e67e06-664e-50a6-ad7b-c102705fde8b,OLB,Outside Linebacker,sacks,,0.5,0.5
Dee Winters,26e67e06-664e-50a6-ad7b-c102705fde8b,LB,Linebacker,sacks,,0.5,0.5
Kenny Clark,26e67e06-664e-50a6-ad7b-c102705fde8b,DT,Defensive Tackle,sacks,,0.5,0.5
James Houston,26e67e06-664e-50a6-ad7b-c102705fde8b,OLB,Outside Linebacker,sacks,,0.5,0.5
Quinnen Williams,26e67e06-664e-50a6-ad7b-c102705fde8b,DT,Defensive Tackle,sacks,,0.5,0.5
Rashan Gary,26e67e06-664e-50a6-ad7b-c102705fde8b,OLB,Outside Linebacker,sacks,,0.5,0.5
Von Miller,26e67e06-664e-50a6-ad7b-c102705fde8b,OLB,Outside Linebacker,sacks,,0.5,0.5
Brian Burns,d40a4380-49a6-5b5f-ab7d-f5393787ed12,OLB,Outside Linebacker,sacks,,0.75,0.75
Jalen Thompson,26e67e06-664e-50a6-ad7b-c102705fde8b,SAF,Safety,sacks,,0.5,0.5
DaRon Bland,26e67e06-664e-50a6-ad7b-c102705fde8b,CB,Cornerback,sacks,,0.5,0.5
Caleb Downs,26e67e06-664e-50a6-ad7b-c102705fde8b,SAF,Safety,sacks,,0.5,0.5
DeMarvion Overshown,26e67e06-664e-50a6-ad7b-c102705fde8b,LB,Linebacker,sacks,,0.5,0.5
DeMarvion Overshown,26e67e06-664e-50a6-ad7b-c102705fde8b,LB,Linebacker,tackles_and_assists,,6.5,6.5
DaRon Bland,26e67e06-664e-50a6-ad7b-c102705fde8b,CB,Cornerback,tackles_and_assists,,5.5,5.5
Caleb Downs,26e67e06-664e-50a6-ad7b-c102705fde8b,SAF,Safety,tackles_and_assists,,5.5,5.5
Jalen Thompson,26e67e06-664e-50a6-ad7b-c102705fde8b,SAF,Safety,tackles_and_assists,,6.5,6.5
Dee Winters,26e67e06-664e-50a6-ad7b-c102705fde8b,LB,Linebacker,tackles_and_assists,,6.5,6.5
DaRon Bland,26e67e06-664e-50a6-ad7b-c102705fde8b,CB,Cornerback,assists,,1.5,1.5
Jalen Thompson,26e67e06-664e-50a6-ad7b-c102705fde8b,SAF,Safety,assists,,2.5,2.5
Caleb Downs,26e67e06-664e-50a6-ad7b-c102705fde8b,SAF,Safety,assists,,2.5,2.5
Dee Winters,26e67e06-664e-50a6-ad7b-c102705fde8b,LB,Linebacker,assists,,3.5,3.5
DeMarvion Overshown,26e67e06-664e-50a6-ad7b-c102705fde8b,LB,Linebacker,assists,,3.5,3.5
Caleb Downs,26e67e06-664e-50a6-ad7b-c102705fde8b,SAF,Safety,tackles,,2.5,2.5
DeMarvion Overshown,26e67e06-664e-50a6-ad7b-c102705fde8b,LB,Linebacker,tackles,,3.5,3.5
Jalen Thompson,26e67e06-664e-50a6-ad7b-c102705fde8b,SAF,Safety,tackles,,3.5,3.5
Dee Winters,26e67e06-664e-50a6-ad7b-c102705fde8b,LB,Linebacker,tackles,,3.5,3.5
DaRon Bland,26e67e06-664e-50a6-ad7b-c102705fde8b,CB,Cornerback,tackles,,3.5,3.5
Malik Davis,26e67e06-664e-50a6-ad7b-c102705fde8b,RB,Running Back,period_1_rush_rec_tds,,0.5,0.5
Malachi Fields,d40a4380-49a6-5b5f-ab7d-f5393787ed12,WR,Wide Receiver,period_1_rush_rec_tds,,0.5,0.5
Odell Beckham Jr.,d40a4380-49a6-5b5f-ab7d-f5393787ed12,WR,Wide Receiver,period_1_receiving_yds,,0.5,0.5
Malachi Fields,d40a4380-49a6-5b5f-ab7d-f5393787ed12,WR,Wide Receiver,period_1_receiving_yds,,0.5,0.5
Odell Beckham Jr.,d40a4380-49a6-5b5f-ab7d-f5393787ed12,WR,Wide Receiver,period_1_receiving_rec,,0.5,0.5
Malachi Fields,d40a4380-49a6-5b5f-ab7d-f5393787ed12,WR,Wide Receiver,period_1_receiving_rec,,0.5,0.5
Malik Davis,26e67e06-664e-50a6-ad7b-c102705fde8b,RB,Running Back,period_1_rushing_yds,,0.5,0.5
Malachi Fields,d40a4380-49a6-5b5f-ab7d-f5393787ed12,WR,Wide Receiver,period_1_2_rush_rec_tds,,0.5,0.5
Malik Hooker,26e67e06-664e-50a6-ad7b-c102705fde8b,SAF,Safety,defensive_ints,,0.5,0.5
Dee Winters,26e67e06-664e-50a6-ad7b-c102705fde8b,LB,Linebacker,defensive_ints,,0.5,0.5
Tyler Nubin,d40a4380-49a6-5b5f-ab7d-f5393787ed12,SAF,Safety,defensive_ints,,0.5,0.5
Odell Beckham Jr.,d40a4380-49a6-5b5f-ab7d-f5393787ed12,WR,Wide Receiver,period_1_2_rush_rec_tds,,0.5,0.5
Shavon Revel,26e67e06-664e-50a6-ad7b-c102705fde8b,CB,Cornerback,defensive_ints,,0.5,0.5
Caleb Downs,26e67e06-664e-50a6-ad7b-c102705fde8b,SAF,Safety,defensive_ints,,0.5,0.5
Cobie Durant,26e67e06-664e-50a6-ad7b-c102705fde8b,CB,Cornerback,defensive_ints,,0.5,0.5
Malik Davis,26e67e06-664e-50a6-ad7b-c102705fde8b,RB,Running Back,period_1_2_rush_rec_tds,,0.5,0.5
DaRon Bland,26e67e06-664e-50a6-ad7b-c102705fde8b,CB,Cornerback,defensive_ints,,0.5,0.5
Tremaine Edmunds,d40a4380-49a6-5b5f-ab7d-f5393787ed12,LB,Linebacker,defensive_ints,,0.5,0.5
Jalen Thompson,26e67e06-664e-50a6-ad7b-c102705fde8b,SAF,Safety,defensive_ints,,0.5,0.5
Jevon Holland,d40a4380-49a6-5b5f-ab7d-f5393787ed12,SAF,Safety,defensive_ints,,0.5,0.5
Deonte Banks,d40a4380-49a6-5b5f-ab7d-f5393787ed12,CB,Cornerback,defensive_ints,,0.5,0.5
Malachi Fields,d40a4380-49a6-5b5f-ab7d-f5393787ed12,WR,Wide Receiver,period_1_2_receiving_yds,,5.5,5.5
Odell Beckham Jr.,d40a4380-49a6-5b5f-ab7d-f5393787ed12,WR,Wide Receiver,period_1_2_receiving_yds,,0.5,0.5
Malik Davis,26e67e06-664e-50a6-ad7b-c102705fde8b,RB,Running Back,period_1_2_rushing_yds,,4.5,4.5
Odell Beckham Jr.,d40a4380-49a6-5b5f-ab7d-f5393787ed12,WR,Wide Receiver,period_1_2_receiving_rec,,0.5,0.5
Malachi Fields,d40a4380-49a6-5b5f-ab7d-f5393787ed12,WR,Wide Receiver,period_1_2_receiving_rec,,0.5,0.5
Malik Davis,26e67e06-664e-50a6-ad7b-c102705fde8b,RB,Running Back,fumbles_lost,,0.5,0.5
Nik Bonitto,7b3b21be-a209-5dee-a3f7-3fae61f52a1e,OLB,Outside Linebacker,sacks,,0.75,0.75
Kenneth Walker III,a6f458f4-5078-56e4-a839-af96f1191314,RB,Running Back,rush_rec_tds,,0.5,0.5
Kenneth Walker III,a6f458f4-5078-56e4-a839-af96f1191314,RB,Running Back,rushing_yds,,59.5,59.5
Kenneth Walker III,a6f458f4-5078-56e4-a839-af96f1191314,RB,Running Back,receiving_yds,,15.5,15.5
Kenneth Walker III,a6f458f4-5078-56e4-a839-af96f1191314,RB,Running Back,rush_rec_yds,,82.5,82.5
Kenneth Walker III,a6f458f4-5078-56e4-a839-af96f1191314,RB,Running Back,receiving_rec,,2.5,2.5
Kenneth Walker III,a6f458f4-5078-56e4-a839-af96f1191314,RB,Running Back,rushing_att,,16.5,16.5
Kenneth Walker III,a6f458f4-5078-56e4-a839-af96f1191314,RB,Running Back,receiving_long,,10.5,10.5
Kenneth Walker III,a6f458f4-5078-56e4-a839-af96f1191314,RB,Running Back,rushing_long,,14.5,14.5
Kenneth Walker III,a6f458f4-5078-56e4-a839-af96f1191314,RB,Running Back,period_first_touchdown_scored,,0.5,0.5
Kenneth Walker III,a6f458f4-5078-56e4-a839-af96f1191314,RB,Running Back,last_touchdown_scored,,0.5,0.5
Kenneth Walker III,a6f458f4-5078-56e4-a839-af96f1191314,RB,Running Back,period_1_rush_rec_tds,,0.5,0.5
Kenneth Walker III,a6f458f4-5078-56e4-a839-af96f1191314,RB,Running Back,period_1_receiving_yds,,0.5,0.5
Kenneth Walker III,a6f458f4-5078-56e4-a839-af96f1191314,RB,Running Back,period_1_receiving_rec,,0.5,0.5
Kenneth Walker III,a6f458f4-5078-56e4-a839-af96f1191314,RB,Running Back,period_1_rushing_yds,,15.5,15.5
Kenneth Walker III,a6f458f4-5078-56e4-a839-af96f1191314,RB,Running Back,period_1_2_rush_rec_tds,,0.5,0.5
Kenneth Walker III,a6f458f4-5078-56e4-a839-af96f1191314,RB,Running Back,period_1_2_receiving_yds,,7.5,7.5
Kenneth Walker III,a6f458f4-5078-56e4-a839-af96f1191314,RB,Running Back,period_1_2_rushing_yds,,30.5,30.5
Kenneth Walker III,a6f458f4-5078-56e4-a839-af96f1191314,RB,Running Back,period_1_2_receiving_rec,,1.5,1.5
Kenneth Walker III,a6f458f4-5078-56e4-a839-af96f1191314,RB,Running Back,fumbles_lost,,0.5,0.5
Rashee Rice,a6f458f4-5078-56e4-a839-af96f1191314,WR,Wide Receiver,rush_rec_tds,,0.5,0.5
Xavier Worthy,a6f458f4-5078-56e4-a839-af96f1191314,WR,Wide Receiver,rush_rec_tds,,0.5,0.5
J.K. Dobbins,7b3b21be-a209-5dee-a3f7-3fae61f52a1e,RB,Running Back,rush_rec_tds,,0.5,0.5
J.K. Dobbins,7b3b21be-a209-5dee-a3f7-3fae61f52a1e,RB,Running Back,rushing_yds,,50.5,50.5
Xavier Worthy,a6f458f4-5078-56e4-a839-af96f1191314,WR,Wide Receiver,receiving_yds,,36.5,36.5
J.K. Dobbins,7b3b21be-a209-5dee-a3f7-3fae61f52a1e,RB,Running Back,receiving_yds,,4.5,4.5
Rashee Rice,a6f458f4-5078-56e4-a839-af96f1191314,WR,Wide Receiver,receiving_yds,,61.5,61.5
J.K. Dobbins,7b3b21be-a209-5dee-a3f7-3fae61f52a1e,RB,Running Back,rush_rec_yds,,56.5,56.5
J.K. Dobbins,7b3b21be-a209-5dee-a3f7-3fae61f52a1e,RB,Running Back,receiving_rec,,1.5,1.5
Xavier Worthy,a6f458f4-5078-56e4-a839-af96f1191314,WR,Wide Receiver,receiving_rec,,3.5,3.5
Rashee Rice,a6f458f4-5078-56e4-a839-af96f1191314,WR,Wide Receiver,receiving_rec,,5.5,5.5
J.K. Dobbins,7b3b21be-a209-5dee-a3f7-3fae61f52a1e,RB,Running Back,rushing_att,,12.5,12.5
Rashee Rice,a6f458f4-5078-56e4-a839-af96f1191314,WR,Wide Receiver,receiving_long,,21.5,21.5
J.K. Dobbins,7b3b21be-a209-5dee-a3f7-3fae61f52a1e,RB,Running Back,receiving_long,,4.5,4.5
Xavier Worthy,a6f458f4-5078-56e4-a839-af96f1191314,WR,Wide Receiver,receiving_long,,18.5,18.5
J.K. Dobbins,7b3b21be-a209-5dee-a3f7-3fae61f52a1e,RB,Running Back,rushing_long,,12.5,12.5
J.K. Dobbins,7b3b21be-a209-5dee-a3f7-3fae61f52a1e,RB,Running Back,period_first_touchdown_scored,,0.5,0.5
Xavier Worthy,a6f458f4-5078-56e4-a839-af96f1191314,WR,Wide Receiver,period_first_touchdown_scored,,0.5,0.5
Rashee Rice,a6f458f4-5078-56e4-a839-af96f1191314,WR,Wide Receiver,period_first_touchdown_scored,,0.5,0.5
J.K. Dobbins,7b3b21be-a209-5dee-a3f7-3fae61f52a1e,RB,Running Back,last_touchdown_scored,,0.5,0.5
Rashee Rice,a6f458f4-5078-56e4-a839-af96f1191314,WR,Wide Receiver,last_touchdown_scored,,0.5,0.5
Rashee Rice,a6f458f4-5078-56e4-a839-af96f1191314,WR,Wide Receiver,period_1_rush_rec_tds,,0.5,0.5
J.K. Dobbins,7b3b21be-a209-5dee-a3f7-3fae61f52a1e,RB,Running Back,period_1_rush_rec_tds,,0.5,0.5
Xavier Worthy,a6f458f4-5078-56e4-a839-af96f1191314,WR,Wide Receiver,period_1_rush_rec_tds,,0.5,0.5
J.K. Dobbins,7b3b21be-a209-5dee-a3f7-3fae61f52a1e,RB,Running Back,period_1_receiving_yds,,0.5,0.5
Rashee Rice,a6f458f4-5078-56e4-a839-af96f1191314,WR,Wide Receiver,period_1_receiving_yds,,9.5,9.5
J.K. Dobbins,7b3b21be-a209-5dee-a3f7-3fae61f52a1e,RB,Running Back,period_1_receiving_rec,,0.5,0.5
Rashee Rice,a6f458f4-5078-56e4-a839-af96f1191314,WR,Wide Receiver,period_1_receiving_rec,,1.5,1.5
J.K. Dobbins,7b3b21be-a209-5dee-a3f7-3fae61f52a1e,RB,Running Back,period_1_rushing_yds,,10.5,10.5
J.K. Dobbins,7b3b21be-a209-5dee-a3f7-3fae61f52a1e,RB,Running Back,period_1_2_rush_rec_tds,,0.5,0.5
Xavier Worthy,a6f458f4-5078-56e4-a839-af96f1191314,WR,Wide Receiver,period_1_2_rush_rec_tds,,0.5,0.5
Rashee Rice,a6f458f4-5078-56e4-a839-af96f1191314,WR,Wide Receiver,period_1_2_rush_rec_tds,,0.5,0.5
J.K. Dobbins,7b3b21be-a209-5dee-a3f7-3fae61f52a1e,RB,Running Back,period_1_2_receiving_yds,,0.5,0.5
Rashee Rice,a6f458f4-5078-56e4-a839-af96f1191314,WR,Wide Receiver,period_1_2_receiving_yds,,27.5,27.5
J.K. Dobbins,7b3b21be-a209-5dee-a3f7-3fae61f52a1e,RB,Running Back,period_1_2_rushing_yds,,22.5,22.5
J.K. Dobbins,7b3b21be-a209-5dee-a3f7-3fae61f52a1e,RB,Running Back,period_1_2_receiving_rec,,0.5,0.5
Rashee Rice,a6f458f4-5078-56e4-a839-af96f1191314,WR,Wide Receiver,period_1_2_receiving_rec,,2.5,2.5
Rashee Rice,a6f458f4-5078-56e4-a839-af96f1191314,WR,Wide Receiver,fumbles_lost,,0.5,0.5
J.K. Dobbins,7b3b21be-a209-5dee-a3f7-3fae61f52a1e,RB,Running Back,fumbles_lost,,0.5,0.5
Courtland Sutton,7b3b21be-a209-5dee-a3f7-3fae61f52a1e,WR,Wide Receiver,rush_rec_tds,,0.5,0.5
Courtland Sutton,7b3b21be-a209-5dee-a3f7-3fae61f52a1e,WR,Wide Receiver,receiving_yds,,42.5,42.5
Courtland Sutton,7b3b21be-a209-5dee-a3f7-3fae61f52a1e,WR,Wide Receiver,rush_rec_yds,,42.5,42.5
Courtland Sutton,7b3b21be-a209-5dee-a3f7-3fae61f52a1e,WR,Wide Receiver,receiving_rec,,4.5,4.5
Courtland Sutton,7b3b21be-a209-5dee-a3f7-3fae61f52a1e,WR,Wide Receiver,receiving_long,,18.5,18.5
Courtland Sutton,7b3b21be-a209-5dee-a3f7-3fae61f52a1e,WR,Wide Receiver,period_first_touchdown_scored,,0.5,0.5
Courtland Sutton,7b3b21be-a209-5dee-a3f7-3fae61f52a1e,WR,Wide Receiver,period_1_rush_rec_tds,,0.5,0.5
Courtland Sutton,7b3b21be-a209-5dee-a3f7-3fae61f52a1e,WR,Wide Receiver,period_1_receiving_yds,,5.5,5.5
Courtland Sutton,7b3b21be-a209-5dee-a3f7-3fae61f52a1e,WR,Wide Receiver,period_1_receiving_rec,,0.5,0.5
Courtland Sutton,7b3b21be-a209-5dee-a3f7-3fae61f52a1e,WR,Wide Receiver,period_1_2_rush_rec_tds,,0.5,0.5
Courtland Sutton,7b3b21be-a209-5dee-a3f7-3fae61f52a1e,WR,Wide Receiver,period_1_2_receiving_yds,,18.5,18.5
Courtland Sutton,7b3b21be-a209-5dee-a3f7-3fae61f52a1e,WR,Wide Receiver,period_1_2_receiving_rec,,1.5,1.5
Travis Kelce,a6f458f4-5078-56e4-a839-af96f1191314,TE,Tight End,rush_rec_tds,,0.5,0.5
Travis Kelce,a6f458f4-5078-56e4-a839-af96f1191314,TE,Tight End,receiving_yds,,41.5,41.5
Travis Kelce,a6f458f4-5078-56e4-a839-af96f1191314,TE,Tight End,receiving_rec,,3.5,3.5
Travis Kelce,a6f458f4-5078-56e4-a839-af96f1191314,TE,Tight End,receiving_long,,15.5,15.5
Travis Kelce,a6f458f4-5078-56e4-a839-af96f1191314,TE,Tight End,period_first_touchdown_scored,,0.5,0.5
Travis Kelce,a6f458f4-5078-56e4-a839-af96f1191314,TE,Tight End,period_1_rush_rec_tds,,0.5,0.5
Travis Kelce,a6f458f4-5078-56e4-a839-af96f1191314,TE,Tight End,period_1_receiving_yds,,4.5,4.5
Travis Kelce,a6f458f4-5078-56e4-a839-af96f1191314,TE,Tight End,period_1_receiving_rec,,0.5,0.5
Travis Kelce,a6f458f4-5078-56e4-a839-af96f1191314,TE,Tight End,period_1_2_rush_rec_tds,,0.5,0.5
Travis Kelce,a6f458f4-5078-56e4-a839-af96f1191314,TE,Tight End,period_1_2_receiving_yds,,16.5,16.5
Travis Kelce,a6f458f4-5078-56e4-a839-af96f1191314,TE,Tight End,period_1_2_receiving_rec,,1.5,1.5
Jaylen Waddle,7b3b21be-a209-5dee-a3f7-3fae61f52a1e,WR,Wide Receiver,rush_rec_tds,,0.5,0.5
Jaylen Waddle,7b3b21be-a209-5dee-a3f7-3fae61f52a1e,WR,Wide Receiver,rush_rec_yds,,58.5,58.5
Jaylen Waddle,7b3b21be-a209-5dee-a3f7-3fae61f52a1e,WR,Wide Receiver,receiving_yds,,56.5,56.5
Jaylen Waddle,7b3b21be-a209-5dee-a3f7-3fae61f52a1e,WR,Wide Receiver,receiving_rec,,4.5,4.5
Jaylen Waddle,7b3b21be-a209-5dee-a3f7-3fae61f52a1e,WR,Wide Receiver,rushing_att,,0.5,0.5
Jaylen Waddle,7b3b21be-a209-5dee-a3f7-3fae61f52a1e,WR,Wide Receiver,receiving_long,,21.5,21.5
Jaylen Waddle,7b3b21be-a209-5dee-a3f7-3fae61f52a1e,WR,Wide Receiver,period_first_touchdown_scored,,0.5,0.5
Jaylen Waddle,7b3b21be-a209-5dee-a3f7-3fae61f52a1e,WR,Wide Receiver,last_touchdown_scored,,0.5,0.5
Jaylen Waddle,7b3b21be-a209-5dee-a3f7-3fae61f52a1e,WR,Wide Receiver,period_1_rush_rec_tds,,0.5,0.5
Jaylen Waddle,7b3b21be-a209-5dee-a3f7-3fae61f52a1e,WR,Wide Receiver,period_1_receiving_yds,,8.5,8.5
Jaylen Waddle,7b3b21be-a209-5dee-a3f7-3fae61f52a1e,WR,Wide Receiver,period_1_receiving_rec,,0.5,0.5
Jaylen Waddle,7b3b21be-a209-5dee-a3f7-3fae61f52a1e,WR,Wide Receiver,period_1_2_rush_rec_tds,,0.5,0.5
Jaylen Waddle,7b3b21be-a209-5dee-a3f7-3fae61f52a1e,WR,Wide Receiver,period_1_2_receiving_yds,,24.5,24.5
Jaylen Waddle,7b3b21be-a209-5dee-a3f7-3fae61f52a1e,WR,Wide Receiver,period_1_2_receiving_rec,,2.5,2.5
Jaylen Waddle,7b3b21be-a209-5dee-a3f7-3fae61f52a1e,WR,Wide Receiver,fumbles_lost,,0.5,0.5
Evan Engram,7b3b21be-a209-5dee-a3f7-3fae61f52a1e,TE,Tight End,rush_rec_tds,,0.5,0.5
Evan Engram,7b3b21be-a209-5dee-a3f7-3fae61f52a1e,TE,Tight End,period_first_touchdown_scored,,0.5,0.5
Evan Engram,7b3b21be-a209-5dee-a3f7-3fae61f52a1e,TE,Tight End,period_1_rush_rec_tds,,0.5,0.5
Evan Engram,7b3b21be-a209-5dee-a3f7-3fae61f52a1e,TE,Tight End,period_1_2_rush_rec_tds,,0.5,0.5
Marvin Mims Jr.,7b3b21be-a209-5dee-a3f7-3fae61f52a1e,WR,Wide Receiver,rush_rec_tds,,0.5,0.5
Marvin Mims Jr.,7b3b21be-a209-5dee-a3f7-3fae61f52a1e,WR,Wide Receiver,period_first_touchdown_scored,,0.5,0.5
Marvin Mims Jr.,7b3b21be-a209-5dee-a3f7-3fae61f52a1e,WR,Wide Receiver,period_1_rush_rec_tds,,0.5,0.5
Marvin Mims Jr.,7b3b21be-a209-5dee-a3f7-3fae61f52a1e,WR,Wide Receiver,period_1_2_rush_rec_tds,,0.5,0.5
RJ Harvey,7b3b21be-a209-5dee-a3f7-3fae61f52a1e,RB,Running Back,rush_rec_tds,,0.5,0.5
RJ Harvey,7b3b21be-a209-5dee-a3f7-3fae61f52a1e,RB,Running Back,period_first_touchdown_scored,,0.5,0.5
Bo Nix,7b3b21be-a209-5dee-a3f7-3fae61f52a1e,QB,Quarterback,rush_rec_tds,,0.5,0.5
Bo Nix,7b3b21be-a209-5dee-a3f7-3fae61f52a1e,QB,Quarterback,passing_yds,,227.5,227.5
Bo Nix,7b3b21be-a209-5dee-a3f7-3fae61f52a1e,QB,Quarterback,rushing_yds,,15.5,15.5
Bo Nix,7b3b21be-a209-5dee-a3f7-3fae61f52a1e,QB,Quarterback,passing_tds,,1.5,1.5
Bo Nix,7b3b21be-a209-5dee-a3f7-3fae61f52a1e,QB,Quarterback,period_1_passing_yds,,43.5,43.5
Bo Nix,7b3b21be-a209-5dee-a3f7-3fae61f52a1e,QB,Quarterback,rushing_att,,3.5,3.5
Bo Nix,7b3b21be-a209-5dee-a3f7-3fae61f52a1e,QB,Quarterback,passing_and_rushing_yds,,248.5,248.5
Bo Nix,7b3b21be-a209-5dee-a3f7-3fae61f52a1e,QB,Quarterback,passing_comps,,21.5,21.5
Bo Nix,7b3b21be-a209-5dee-a3f7-3fae61f52a1e,QB,Quarterback,passing_att,,34.5,34.5
Bo Nix,7b3b21be-a209-5dee-a3f7-3fae61f52a1e,QB,Quarterback,passing_ints,,0.5,0.5
Bo Nix,7b3b21be-a209-5dee-a3f7-3fae61f52a1e,QB,Quarterback,rushing_long,,9.5,9.5
Bo Nix,7b3b21be-a209-5dee-a3f7-3fae61f52a1e,QB,Quarterback,passing_long,,35.5,35.5
Bo Nix,7b3b21be-a209-5dee-a3f7-3fae61f52a1e,QB,Quarterback,period_first_touchdown_scored,,0.5,0.5
Bo Nix,7b3b21be-a209-5dee-a3f7-3fae61f52a1e,QB,Quarterback,period_1_rush_rec_tds,,0.5,0.5
Bo Nix,7b3b21be-a209-5dee-a3f7-3fae61f52a1e,QB,Quarterback,period_1_passing_tds,,0.5,0.5
Bo Nix,7b3b21be-a209-5dee-a3f7-3fae61f52a1e,QB,Quarterback,period_1_rushing_yds,,0.5,0.5
Bo Nix,7b3b21be-a209-5dee-a3f7-3fae61f52a1e,QB,Quarterback,period_1_2_rush_rec_tds,,0.5,0.5
Bo Nix,7b3b21be-a209-5dee-a3f7-3fae61f52a1e,QB,Quarterback,period_1_2_passing_yds,,105.5,105.5
Bo Nix,7b3b21be-a209-5dee-a3f7-3fae61f52a1e,QB,Quarterback,period_1_2_rushing_yds,,6.5,6.5
Bo Nix,7b3b21be-a209-5dee-a3f7-3fae61f52a1e,QB,Quarterback,period_1_2_passing_tds,,0.5,0.5
Bo Nix,7b3b21be-a209-5dee-a3f7-3fae61f52a1e,QB,Quarterback,fumbles_lost,,0.5,0.5
Troy Franklin,7b3b21be-a209-5dee-a3f7-3fae61f52a1e,WR,Wide Receiver,rush_rec_tds,,0.5,0.5
Troy Franklin,7b3b21be-a209-5dee-a3f7-3fae61f52a1e,WR,Wide Receiver,period_1_2_rush_rec_tds,,0.5,0.5
Patrick Mahomes,a6f458f4-5078-56e4-a839-af96f1191314,QB,Quarterback,rush_rec_tds,,0.5,0.5
Patrick Mahomes,a6f458f4-5078-56e4-a839-af96f1191314,QB,Quarterback,passing_yds,,229.5,229.5
Patrick Mahomes,a6f458f4-5078-56e4-a839-af96f1191314,QB,Quarterback,rushing_yds,,14.5,14.5
Patrick Mahomes,a6f458f4-5078-56e4-a839-af96f1191314,QB,Quarterback,passing_tds,,1.5,1.5
Patrick Mahomes,a6f458f4-5078-56e4-a839-af96f1191314,QB,Quarterback,period_1_passing_yds,,50.5,50.5
Patrick Mahomes,a6f458f4-5078-56e4-a839-af96f1191314,QB,Quarterback,rushing_att,,3.5,3.5
Patrick Mahomes,a6f458f4-5078-56e4-a839-af96f1191314,QB,Quarterback,passing_comps,,21.5,21.5
Patrick Mahomes,a6f458f4-5078-56e4-a839-af96f1191314,QB,Quarterback,passing_and_rushing_yds,,248.5,248.5
Patrick Mahomes,a6f458f4-5078-56e4-a839-af96f1191314,QB,Quarterback,passing_att,,31.5,31.5
Patrick Mahomes,a6f458f4-5078-56e4-a839-af96f1191314,QB,Quarterback,passing_ints,,0.5,0.5
Patrick Mahomes,a6f458f4-5078-56e4-a839-af96f1191314,QB,Quarterback,passing_long,,36.5,36.5
Patrick Mahomes,a6f458f4-5078-56e4-a839-af96f1191314,QB,Quarterback,rushing_long,,10.5,10.5
Patrick Mahomes,a6f458f4-5078-56e4-a839-af96f1191314,QB,Quarterback,period_first_touchdown_scored,,0.5,0.5
Patrick Mahomes,a6f458f4-5078-56e4-a839-af96f1191314,QB,Quarterback,period_1_rush_rec_tds,,0.5,0.5
Patrick Mahomes,a6f458f4-5078-56e4-a839-af96f1191314,QB,Quarterback,period_1_passing_tds,,0.5,0.5
Patrick Mahomes,a6f458f4-5078-56e4-a839-af96f1191314,QB,Quarterback,period_1_rushing_yds,,0.5,0.5
Patrick Mahomes,a6f458f4-5078-56e4-a839-af96f1191314,QB,Quarterback,period_1_2_rush_rec_tds,,0.5,0.5
Patrick Mahomes,a6f458f4-5078-56e4-a839-af96f1191314,QB,Quarterback,period_1_2_passing_yds,,117.5,117.5
Patrick Mahomes,a6f458f4-5078-56e4-a839-af96f1191314,QB,Quarterback,period_1_2_rushing_yds,,5.5,5.5
Patrick Mahomes,a6f458f4-5078-56e4-a839-af96f1191314,QB,Quarterback,period_1_2_passing_tds,,0.5,0.5
Patrick Mahomes,a6f458f4-5078-56e4-a839-af96f1191314,QB,Quarterback,fumbles_lost,,0.5,0.5
Noah Gray,a6f458f4-5078-56e4-a839-af96f1191314,TE,Tight End,rush_rec_tds,,0.5,0.5
Noah Gray,a6f458f4-5078-56e4-a839-af96f1191314,TE,Tight End,receiving_yds,,7.5,7.5
Noah Gray,a6f458f4-5078-56e4-a839-af96f1191314,TE,Tight End,period_1_2_rush_rec_tds,,0.5,0.5
Brashard Smith,a6f458f4-5078-56e4-a839-af96f1191314,RB,Running Back,rush_rec_tds,,0.5,0.5
Brashard Smith,a6f458f4-5078-56e4-a839-af96f1191314,RB,Running Back,rushing_yds,,3.5,3.5
Brashard Smith,a6f458f4-5078-56e4-a839-af96f1191314,RB,Running Back,receiving_yds,,5.5,5.5
Brashard Smith,a6f458f4-5078-56e4-a839-af96f1191314,RB,Running Back,rush_rec_yds,,12.5,12.5
Brashard Smith,a6f458f4-5078-56e4-a839-af96f1191314,RB,Running Back,receiving_rec,,1.5,1.5
Brashard Smith,a6f458f4-5078-56e4-a839-af96f1191314,RB,Running Back,rushing_att,,1.5,1.5
Brashard Smith,a6f458f4-5078-56e4-a839-af96f1191314,RB,Running Back,receiving_long,,5.5,5.5
Brashard Smith,a6f458f4-5078-56e4-a839-af96f1191314,RB,Running Back,rushing_long,,3.5,3.5
Brashard Smith,a6f458f4-5078-56e4-a839-af96f1191314,RB,Running Back,period_first_touchdown_scored,,0.5,0.5
Brashard Smith,a6f458f4-5078-56e4-a839-af96f1191314,RB,Running Back,period_1_rush_rec_tds,,0.5,0.5
Brashard Smith,a6f458f4-5078-56e4-a839-af96f1191314,RB,Running Back,period_1_receiving_yds,,0.5,0.5
Brashard Smith,a6f458f4-5078-56e4-a839-af96f1191314,RB,Running Back,period_1_receiving_rec,,0.5,0.5
Brashard Smith,a6f458f4-5078-56e4-a839-af96f1191314,RB,Running Back,period_1_rushing_yds,,0.5,0.5
Brashard Smith,a6f458f4-5078-56e4-a839-af96f1191314,RB,Running Back,period_1_2_rush_rec_tds,,0.5,0.5
Brashard Smith,a6f458f4-5078-56e4-a839-af96f1191314,RB,Running Back,period_1_2_receiving_yds,,0.5,0.5
Brashard Smith,a6f458f4-5078-56e4-a839-af96f1191314,RB,Running Back,period_1_2_rushing_yds,,0.5,0.5
Brashard Smith,a6f458f4-5078-56e4-a839-af96f1191314,RB,Running Back,period_1_2_receiving_rec,,0.5,0.5
Brashard Smith,a6f458f4-5078-56e4-a839-af96f1191314,RB,Running Back,fumbles_lost,,0.5,0.5
Pat Bryant,7b3b21be-a209-5dee-a3f7-3fae61f52a1e,WR,Wide Receiver,rush_rec_tds,,0.5,0.5
Pat Bryant,7b3b21be-a209-5dee-a3f7-3fae61f52a1e,WR,Wide Receiver,period_first_touchdown_scored,,0.5,0.5
Adam Trautman,7b3b21be-a209-5dee-a3f7-3fae61f52a1e,TE,Tight End,rush_rec_tds,,0.5,0.5
Adam Trautman,7b3b21be-a209-5dee-a3f7-3fae61f52a1e,TE,Tight End,period_1_2_rush_rec_tds,,0.5,0.5
Tyquan Thornton,a6f458f4-5078-56e4-a839-af96f1191314,WR,Wide Receiver,rush_rec_tds,,0.5,0.5
Tyquan Thornton,a6f458f4-5078-56e4-a839-af96f1191314,WR,Wide Receiver,receiving_yds,,18.5,18.5
Tyquan Thornton,a6f458f4-5078-56e4-a839-af96f1191314,WR,Wide Receiver,receiving_rec,,1.5,1.5
Tyquan Thornton,a6f458f4-5078-56e4-a839-af96f1191314,WR,Wide Receiver,receiving_long,,15.5,15.5
Tyquan Thornton,a6f458f4-5078-56e4-a839-af96f1191314,WR,Wide Receiver,period_first_touchdown_scored,,0.5,0.5
Tyquan Thornton,a6f458f4-5078-56e4-a839-af96f1191314,WR,Wide Receiver,period_1_rush_rec_tds,,0.5,0.5
Tyquan Thornton,a6f458f4-5078-56e4-a839-af96f1191314,WR,Wide Receiver,period_1_receiving_yds,,0.5,0.5
Tyquan Thornton,a6f458f4-5078-56e4-a839-af96f1191314,WR,Wide Receiver,period_1_receiving_rec,,0.5,0.5
Tyquan Thornton,a6f458f4-5078-56e4-a839-af96f1191314,WR,Wide Receiver,period_1_2_rush_rec_tds,,0.5,0.5
Tyquan Thornton,a6f458f4-5078-56e4-a839-af96f1191314,WR,Wide Receiver,period_1_2_receiving_yds,,6.5,6.5
Tyquan Thornton,a6f458f4-5078-56e4-a839-af96f1191314,WR,Wide Receiver,period_1_2_receiving_rec,,0.5,0.5
Nate Adkins,7b3b21be-a209-5dee-a3f7-3fae61f52a1e,TE,Tight End,rush_rec_tds,,0.5,0.5
Emmett Johnson,a6f458f4-5078-56e4-a839-af96f1191314,RB,Running Back,rush_rec_tds,,0.5,0.5
Jonah Coleman,7b3b21be-a209-5dee-a3f7-3fae61f52a1e,RB,Running Back,rush_rec_tds,,0.5,0.5
Cyrus Allen,a6f458f4-5078-56e4-a839-af96f1191314,WR,Wide Receiver,rush_rec_tds,,0.5,0.5
Emmett Johnson,a6f458f4-5078-56e4-a839-af96f1191314,RB,Running Back,period_first_touchdown_scored,,0.5,0.5
Harrison Butker,a6f458f4-5078-56e4-a839-af96f1191314,K,Kicker,field_goals_made,,1.5,1.5
Wil Lutz,7b3b21be-a209-5dee-a3f7-3fae61f52a1e,K,Kicker,field_goals_made,,1.5,1.5
Wil Lutz,7b3b21be-a209-5dee-a3f7-3fae61f52a1e,K,Kicker,extra_points_made,,1.5,1.5
Harrison Butker,a6f458f4-5078-56e4-a839-af96f1191314,K,Kicker,kicking_points,,7.5,7.5
Wil Lutz,7b3b21be-a209-5dee-a3f7-3fae61f52a1e,K,Kicker,kicking_points,,6.5,6.5
Harrison Butker,a6f458f4-5078-56e4-a839-af96f1191314,K,Kicker,extra_points_made,,2.5,2.5
Emmett Johnson,a6f458f4-5078-56e4-a839-af96f1191314,RB,Running Back,period_1_rush_rec_tds,,0.5,0.5
Jonah Coleman,7b3b21be-a209-5dee-a3f7-3fae61f52a1e,RB,Running Back,period_1_2_rush_rec_tds,,0.5,0.5
Emmett Johnson,a6f458f4-5078-56e4-a839-af96f1191314,RB,Running Back,period_1_2_rush_rec_tds,,0.5,0.5
Cyrus Allen,a6f458f4-5078-56e4-a839-af96f1191314,WR,Wide Receiver,period_1_2_rush_rec_tds,,0.5,0.5
Quentin Johnston,c7b497d4-18b6-522b-abaa-e5c3d24bc021,WR,Wide Receiver,season_receiving_yards,,674.5,674.5
Nik Bonitto,7b3b21be-a209-5dee-a3f7-3fae61f52a1e,OLB,Outside Linebacker,season_sacks,,11.75,11.75
Will Anderson,4ab08caa-b79d-598e-82ef-0906a60d2a89,DE,Defensive End,season_sacks,,11.0,11.0
Maxx Crosby,5ce78c37-b02c-52da-9e4f-fcd65b6ccb76,DE,Defensive End,season_sacks,,11.5,11.5
Marlon Humphrey,01bfe9d5-f671-57ed-aa60-249fcca9267c,CB,Cornerback,season_sacks,,0.25,0.25
Zaire Franklin,a2fadaac-562f-5a7e-bd63-6d88d90c1ac4,LB,Linebacker,season_sacks,,1.75,1.75
Blake Cashman,5af1e185-627e-5345-851d-3c65c5b66614,LB,Linebacker,season_sacks,,2.75,2.75
Patrick Queen,ecc8eb1b-f714-57a6-bcf3-b183dd6c12a8,LB,Linebacker,season_sacks,,1.75,1.75
Antoine Winfield,1a20f1da-c502-5224-9c4a-bc363174cd21,SAF,Safety,season_sacks,,2.25,2.25
Talanoa Hufanga,7b3b21be-a209-5dee-a3f7-3fae61f52a1e,SAF,Safety,season_sacks,,0.25,0.25
Zack Baun,de7219e5-92f1-5989-804a-68479055ba42,LB,Linebacker,season_sacks,,2.75,2.75
Derwin James Jr.,c7b497d4-18b6-522b-abaa-e5c3d24bc021,SAF,Safety,season_sacks,,2.25,2.25
Nick Bolton,a6f458f4-5078-56e4-a839-af96f1191314,LB,Linebacker,season_sacks,,1.75,1.75
David Bailey,516ded41-e882-5175-9a00-d0b4c028eb74,DE,Defensive End,season_sacks,,6.5,6.5
Alex Singleton,7b3b21be-a209-5dee-a3f7-3fae61f52a1e,LB,Linebacker,season_sacks,,1.25,1.25
Kyle Hamilton,01bfe9d5-f671-57ed-aa60-249fcca9267c,SAF,Safety,season_sacks,,1.75,1.75
Rueben Bain,1a20f1da-c502-5224-9c4a-bc363174cd21,OLB,Outside Linebacker,season_sacks,,6.5,6.5
Rashan Gary,26e67e06-664e-50a6-ad7b-c102705fde8b,OLB,Outside Linebacker,season_sacks,,7.25,7.25
Danielle Hunter,4ab08caa-b79d-598e-82ef-0906a60d2a89,DE,Defensive End,season_sacks,,12.25,12.25
Malachi Lawrence,26e67e06-664e-50a6-ad7b-c102705fde8b,OLB,Outside Linebacker,season_sacks,,4.5,4.5
Foyesade Oluokun,b49b653c-dc7c-516e-b1c2-da1b30d1b1a6,LB,Linebacker,season_sacks,,1.75,1.75
Budda Baker,8459772c-695a-5890-afa1-7ec38da17201,SAF,Safety,season_sacks,,0.75,0.75
Roquan Smith,01bfe9d5-f671-57ed-aa60-249fcca9267c,LB,Linebacker,season_sacks,,1.25,1.25
Carson Schwesinger,338ae7df-02ad-5a94-9767-60f511bd55e1,LB,Linebacker,season_sacks,,2.25,2.25
Jordyn Brooks,9153e0a9-da83-5246-ba43-417537f1bcce,LB,Linebacker,season_sacks,,2.25,2.25
Aidan Hutchinson,a8980eb6-327f-5bc5-abf9-de1e944b566d,DE,Defensive End,season_sacks,,13.25,13.25
Jack Campbell,a8980eb6-327f-5bc5-abf9-de1e944b566d,LB,Linebacker,season_sacks,,3.25,3.25
Brian Branch,a8980eb6-327f-5bc5-abf9-de1e944b566d,DB,Defensive Back,season_sacks,,1.25,1.25
Quinnen Williams,26e67e06-664e-50a6-ad7b-c102705fde8b,DT,Defensive Tackle,season_sacks,,5.25,5.25
Cole Palmer,4eec57ca-e69c-4249-918e-b6a0939d82fb,MD,Midfielider,period_1_2_goals,,0.5,0.5
Cole Palmer,4eec57ca-e69c-4249-918e-b6a0939d82fb,MD,Midfielider,period_1_2_assists,,0.5,0.5
Morgan Rogers,4eec57ca-e69c-4249-918e-b6a0939d82fb,MD,Midfielider,period_1_2_goals,,0.5,0.5
Morgan Rogers,4eec57ca-e69c-4249-918e-b6a0939d82fb,MD,Midfielider,period_1_2_assists,,0.5,0.5
Joao Pedro,4eec57ca-e69c-4249-918e-b6a0939d82fb,FW,Forward,period_1_2_goals,,0.5,0.5
Joao Pedro,4eec57ca-e69c-4249-918e-b6a0939d82fb,FW,Forward,period_1_2_assists,,0.5,0.5
Liam Delap,e132b2b7-e765-4768-aa22-7e6c6db783c7,FW,Forward,period_1_2_goals_assists,,0.5,0.5
Liam Delap,e132b2b7-e765-4768-aa22-7e6c6db783c7,FW,Forward,period_1_2_goals,,0.5,0.5
Nicolas Jackson,16ff0d0d-28fd-4ba9-abfb-e9b9bc928c27,FW,Forward,period_1_2_goals,,0.5,0.5
Nicolas Jackson,16ff0d0d-28fd-4ba9-abfb-e9b9bc928c27,FW,Forward,period_1_goals,,0.5,0.5
Liam Delap,e132b2b7-e765-4768-aa22-7e6c6db783c7,FW,Forward,period_1_goals,,0.5,0.5
Justin Kluivert,9cbbf45a-f622-4520-a8d4-79237e5f8b11,MD,Midfielider,period_1_2_goals_assists,,0.5,0.5
Justin Kluivert,9cbbf45a-f622-4520-a8d4-79237e5f8b11,MD,Midfielider,period_1_2_goals,,0.5,0.5
Justin Kluivert,9cbbf45a-f622-4520-a8d4-79237e5f8b11,MD,Midfielider,period_1_2_assists,,0.5,0.5
Justin Kluivert,9cbbf45a-f622-4520-a8d4-79237e5f8b11,MD,Midfielider,period_1_goals,,0.5,0.5
Evanilson,9cbbf45a-f622-4520-a8d4-79237e5f8b11,FW,Forward,period_1_2_goals_assists,,0.5,0.5
Evanilson,9cbbf45a-f622-4520-a8d4-79237e5f8b11,FW,Forward,period_1_2_goals,,0.5,0.5
Evanilson,9cbbf45a-f622-4520-a8d4-79237e5f8b11,FW,Forward,period_1_goals,,0.5,0.5
Pedro Neto,4eec57ca-e69c-4249-918e-b6a0939d82fb,FW,Forward,period_1_2_goals,,0.5,0.5
Pedro Neto,4eec57ca-e69c-4249-918e-b6a0939d82fb,FW,Forward,period_1_2_assists,,0.5,0.5
Mikel Oyarzabal,7d53792a-5432-4a56-a1e8-db1aae53d9e7,FW,Forward,period_1_2_shots_attempted,,2.5,2.5
Mikel Oyarzabal,7d53792a-5432-4a56-a1e8-db1aae53d9e7,FW,Forward,period_1_2_shots_on_target,,0.5,0.5
Mikel Oyarzabal,7d53792a-5432-4a56-a1e8-db1aae53d9e7,FW,Forward,period_1_2_goals_assists,,0.5,0.5
Mikel Oyarzabal,7d53792a-5432-4a56-a1e8-db1aae53d9e7,FW,Forward,period_1_2_goals,,0.5,0.5
Mikel Oyarzabal,7d53792a-5432-4a56-a1e8-db1aae53d9e7,FW,Forward,period_1_2_assists,,0.5,0.5
Mikel Oyarzabal,7d53792a-5432-4a56-a1e8-db1aae53d9e7,FW,Forward,period_1_goals,,0.5,0.5
Dan Ndoye,e132b2b7-e765-4768-aa22-7e6c6db783c7,FW,Forward,period_1_2_goals_assists,,0.5,0.5
Dan Ndoye,e132b2b7-e765-4768-aa22-7e6c6db783c7,FW,Forward,period_1_2_goals,,0.5,0.5
Dan Ndoye,e132b2b7-e765-4768-aa22-7e6c6db783c7,FW,Forward,period_1_2_assists,,0.5,0.5
Nathan Collins,dfb3077e-606a-424f-a8e7-ab2ffc84ac8c,D,Defender,period_1_2_goals_assists,,0.5,0.5
Facundo Buonanotte,bbd2336a-3eb8-4726-8ffb-a13f1f5ee005,MD,Midfielider,period_1_2_shots_attempted,,1.5,1.5
Facundo Buonanotte,bbd2336a-3eb8-4726-8ffb-a13f1f5ee005,MD,Midfielider,period_1_2_shots_on_target,,0.5,0.5
Facundo Buonanotte,bbd2336a-3eb8-4726-8ffb-a13f1f5ee005,MD,Midfielider,period_1_2_goals_assists,,0.5,0.5
Facundo Buonanotte,bbd2336a-3eb8-4726-8ffb-a13f1f5ee005,MD,Midfielider,period_1_2_goals,,0.5,0.5
Facundo Buonanotte,bbd2336a-3eb8-4726-8ffb-a13f1f5ee005,MD,Midfielider,period_1_2_assists,,0.5,0.5
Marcus Tavernier,9cbbf45a-f622-4520-a8d4-79237e5f8b11,MD,Midfielider,period_1_2_goals_assists,,0.5,0.5
Mikkel Damsgaard,dfb3077e-606a-424f-a8e7-ab2ffc84ac8c,FW,Forward,period_1_2_goals_assists,,0.5,0.5
Mikkel Damsgaard,dfb3077e-606a-424f-a8e7-ab2ffc84ac8c,FW,Forward,period_1_2_goals,,0.5,0.5
Marcus Tavernier,9cbbf45a-f622-4520-a8d4-79237e5f8b11,MD,Midfielider,period_1_2_goals,,0.5,0.5
Marcus Tavernier,9cbbf45a-f622-4520-a8d4-79237e5f8b11,MD,Midfielider,period_1_2_assists,,0.5,0.5
Mikkel Damsgaard,dfb3077e-606a-424f-a8e7-ab2ffc84ac8c,FW,Forward,period_1_2_assists,,0.5,0.5
Marcus Tavernier,9cbbf45a-f622-4520-a8d4-79237e5f8b11,MD,Midfielider,period_1_goals,,0.5,0.5
Ola Aina,e132b2b7-e765-4768-aa22-7e6c6db783c7,D,Defender,period_1_2_goals_assists,,0.5,0.5
Ola Aina,e132b2b7-e765-4768-aa22-7e6c6db783c7,D,Defender,period_1_2_assists,,0.5,0.5
Matty Cash,16ff0d0d-28fd-4ba9-abfb-e9b9bc928c27,D,Defender,period_1_2_assists,,0.5,0.5
Kevin Schade,dfb3077e-606a-424f-a8e7-ab2ffc84ac8c,FW,Forward,period_1_2_goals_assists,,0.5,0.5
Dango Ouattara,dfb3077e-606a-424f-a8e7-ab2ffc84ac8c,FW,Forward,period_1_2_goals_assists,,0.5,0.5
Dango Ouattara,dfb3077e-606a-424f-a8e7-ab2ffc84ac8c,FW,Forward,period_1_2_goals,,0.5,0.5
Kevin Schade,dfb3077e-606a-424f-a8e7-ab2ffc84ac8c,FW,Forward,period_1_2_goals,,0.5,0.5
Dango Ouattara,dfb3077e-606a-424f-a8e7-ab2ffc84ac8c,FW,Forward,period_1_2_assists,,0.5,0.5
Kevin Schade,dfb3077e-606a-424f-a8e7-ab2ffc84ac8c,FW,Forward,period_1_2_assists,,0.5,0.5
Kevin Schade,dfb3077e-606a-424f-a8e7-ab2ffc84ac8c,FW,Forward,period_1_goals,,0.5,0.5
Reece James,4eec57ca-e69c-4249-918e-b6a0939d82fb,D,Defender,period_1_2_goals,,0.5,0.5
Reece James,4eec57ca-e69c-4249-918e-b6a0939d82fb,D,Defender,period_1_2_assists,,0.5,0.5
Yangel Herrera,7d53792a-5432-4a56-a1e8-db1aae53d9e7,MD,Midfielider,period_1_2_shots_on_target,,0.5,0.5
Yangel Herrera,7d53792a-5432-4a56-a1e8-db1aae53d9e7,MD,Midfielider,period_1_2_goals_assists,,0.5,0.5
Akor Adams,45885464-c26c-4dd3-9e13-1d082f0c7508,FW,Forward,period_1_2_goals_assists,,0.5,0.5
Akor Adams,45885464-c26c-4dd3-9e13-1d082f0c7508,FW,Forward,period_1_2_goals,,0.5,0.5
Akor Adams,45885464-c26c-4dd3-9e13-1d082f0c7508,FW,Forward,period_1_goals,,0.5,0.5
Sergio Gomez,7d53792a-5432-4a56-a1e8-db1aae53d9e7,FW,Forward,period_1_2_shots_on_target,,0.5,0.5
Sergio Gomez,7d53792a-5432-4a56-a1e8-db1aae53d9e7,FW,Forward,period_1_2_goals_assists,,0.5,0.5
Sergio Gomez,7d53792a-5432-4a56-a1e8-db1aae53d9e7,FW,Forward,period_1_2_assists,,0.5,0.5
Goncalo Guedes,7d53792a-5432-4a56-a1e8-db1aae53d9e7,FW,Forward,period_1_2_shots_attempted,,1.5,1.5
Goncalo Guedes,7d53792a-5432-4a56-a1e8-db1aae53d9e7,FW,Forward,period_1_2_shots_on_target,,0.5,0.5
Antoine Hainaut,45885464-c26c-4dd3-9e13-1d082f0c7508,MD,Midfielider,period_1_2_goals_assists,,0.5,0.5
Goncalo Guedes,7d53792a-5432-4a56-a1e8-db1aae53d9e7,FW,Forward,period_1_2_goals_assists,,0.5,0.5
Goncalo Guedes,7d53792a-5432-4a56-a1e8-db1aae53d9e7,FW,Forward,period_1_2_goals,,0.5,0.5
Antoine Hainaut,45885464-c26c-4dd3-9e13-1d082f0c7508,MD,Midfielider,period_1_2_goals,,0.5,0.5
Goncalo Guedes,7d53792a-5432-4a56-a1e8-db1aae53d9e7,FW,Forward,period_1_2_assists,,0.5,0.5
Antoine Hainaut,45885464-c26c-4dd3-9e13-1d082f0c7508,MD,Midfielider,period_1_2_assists,,0.5,0.5
Vitaly Janelt,dfb3077e-606a-424f-a8e7-ab2ffc84ac8c,MD,Midfielider,period_1_2_goals_assists,,0.5,0.5
Kike Perez,45885464-c26c-4dd3-9e13-1d082f0c7508,MD,Midfielider,period_1_2_goals_assists,,0.5,0.5
Kike Perez,45885464-c26c-4dd3-9e13-1d082f0c7508,MD,Midfielider,period_1_2_goals,,0.5,0.5
Vitaly Janelt,dfb3077e-606a-424f-a8e7-ab2ffc84ac8c,MD,Midfielider,period_1_2_goals,,0.5,0.5
Vitaly Janelt,dfb3077e-606a-424f-a8e7-ab2ffc84ac8c,MD,Midfielider,period_1_2_assists,,0.5,0.5
Kike Perez,45885464-c26c-4dd3-9e13-1d082f0c7508,MD,Midfielider,period_1_2_assists,,0.5,0.5
Gianluca Busio,45885464-c26c-4dd3-9e13-1d082f0c7508,MD,Midfielider,period_1_2_goals_assists,,0.5,0.5
Gianluca Busio,45885464-c26c-4dd3-9e13-1d082f0c7508,MD,Midfielider,period_1_2_goals,,0.5,0.5
Gianluca Busio,45885464-c26c-4dd3-9e13-1d082f0c7508,MD,Midfielider,period_1_2_assists,,0.5,0.5
Carlos Soler,7d53792a-5432-4a56-a1e8-db1aae53d9e7,MD,Midfielider,period_1_2_shots_attempted,,1.5,1.5
Carlos Soler,7d53792a-5432-4a56-a1e8-db1aae53d9e7,MD,Midfielider,period_1_2_shots_on_target,,0.5,0.5
Carlos Soler,7d53792a-5432-4a56-a1e8-db1aae53d9e7,MD,Midfielider,period_1_2_goals_assists,,0.5,0.5
Boubacar Kamara,16ff0d0d-28fd-4ba9-abfb-e9b9bc928c27,MD,Midfielider,period_1_2_goals,,0.5,0.5
Carlos Soler,7d53792a-5432-4a56-a1e8-db1aae53d9e7,MD,Midfielider,period_1_2_goals,,0.5,0.5
Boubacar Kamara,16ff0d0d-28fd-4ba9-abfb-e9b9bc928c27,MD,Midfielider,period_1_2_assists,,0.5,0.5
Carlos Soler,7d53792a-5432-4a56-a1e8-db1aae53d9e7,MD,Midfielider,period_1_2_assists,,0.5,0.5
Tete Morente,bbd2336a-3eb8-4726-8ffb-a13f1f5ee005,FW,Forward,period_1_2_shots_on_target,,0.5,0.5
Tete Morente,bbd2336a-3eb8-4726-8ffb-a13f1f5ee005,FW,Forward,period_1_2_goals_assists,,0.5,0.5
Tete Morente,bbd2336a-3eb8-4726-8ffb-a13f1f5ee005,FW,Forward,period_1_2_goals,,0.5,0.5
Tete Morente,bbd2336a-3eb8-4726-8ffb-a13f1f5ee005,FW,Forward,period_1_2_assists,,0.5,0.5
Tyler Adams,9cbbf45a-f622-4520-a8d4-79237e5f8b11,MD,Midfielider,period_1_2_goals_assists,,0.5,0.5
Luka Sucic,7d53792a-5432-4a56-a1e8-db1aae53d9e7,MD,Midfielider,period_1_2_shots_on_target,,0.5,0.5
Gonzalo Villar,bbd2336a-3eb8-4726-8ffb-a13f1f5ee005,MD,Midfielider,period_1_2_shots_on_target,,0.5,0.5
Luka Sucic,7d53792a-5432-4a56-a1e8-db1aae53d9e7,MD,Midfielider,period_1_2_shots_attempted,,1.5,1.5
Javier Morcillo,bbd2336a-3eb8-4726-8ffb-a13f1f5ee005,MD,Midfielider,period_1_2_shots_on_target,,0.5,0.5
Ezequiel Ponce,bbd2336a-3eb8-4726-8ffb-a13f1f5ee005,FW,Forward,period_1_2_shots_on_target,,0.5,0.5
German Valera,bbd2336a-3eb8-4726-8ffb-a13f1f5ee005,MD,Midfielider,period_1_2_shots_on_target,,0.5,0.5
Ezequiel Ponce,bbd2336a-3eb8-4726-8ffb-a13f1f5ee005,FW,Forward,period_1_2_shots_attempted,,1.5,1.5
Jon Aramburu,7d53792a-5432-4a56-a1e8-db1aae53d9e7,D,Defender,period_1_2_goals_assists,,0.5,0.5
German Valera,bbd2336a-3eb8-4726-8ffb-a13f1f5ee005,MD,Midfielider,period_1_2_goals_assists,,0.5,0.5
,024c2543-76db-4e9c-988a-84293a5c31a7,nan,nan,period_1_2_goals_assists,,0.5,0.5
Cher Ndour,024c2543-76db-4e9c-988a-84293a5c31a7,MD,Midfielider,period_1_2_goals_assists,,0.5,0.5
Victor Valdepenas,024c2543-76db-4e9c-988a-84293a5c31a7,D,Defender,period_1_2_goals_assists,,0.5,0.5
Luca Ranieri,024c2543-76db-4e9c-988a-84293a5c31a7,D,Defender,period_1_2_goals_assists,,0.5,0.5
James McAtee,e132b2b7-e765-4768-aa22-7e6c6db783c7,MD,Midfielider,period_1_2_goals_assists,,0.5,0.5
Ridgeciano Haps,45885464-c26c-4dd3-9e13-1d082f0c7508,D,Defender,period_1_2_goals_assists,,0.5,0.5
Igor Zubeldia,7d53792a-5432-4a56-a1e8-db1aae53d9e7,MD,Midfielider,period_1_2_goals_assists,,0.5,0.5
Nicolo Fagioli,024c2543-76db-4e9c-988a-84293a5c31a7,MD,Midfielider,period_1_2_goals_assists,,0.5,0.5
John Yeboah,45885464-c26c-4dd3-9e13-1d082f0c7508,FW,Forward,period_1_2_goals_assists,,0.5,0.5
Mateo Pellegrino,024c2543-76db-4e9c-988a-84293a5c31a7,FW,Forward,period_1_2_goals_assists,,0.5,0.5
James Hill,9cbbf45a-f622-4520-a8d4-79237e5f8b11,D,Defender,period_1_2_goals_assists,,0.5,0.5
Morgan Gibbs-White,e132b2b7-e765-4768-aa22-7e6c6db783c7,MD,Midfielider,period_1_2_goals_assists,,0.5,0.5
Richie Sagrado,45885464-c26c-4dd3-9e13-1d082f0c7508,D,Defender,period_1_2_goals_assists,,0.5,0.5
Franco Mastantuono,024c2543-76db-4e9c-988a-84293a5c31a7,FW,Forward,period_1_2_goals_assists,,0.5,0.5
Simon Sohm,024c2543-76db-4e9c-988a-84293a5c31a7,MD,Midfielider,period_1_2_goals_assists,,0.5,0.5
Kristoffer Ajer,dfb3077e-606a-424f-a8e7-ab2ffc84ac8c,D,Defender,period_1_2_goals_assists,,0.5,0.5
Víctor Chust,bbd2336a-3eb8-4726-8ffb-a13f1f5ee005,D,Defender,period_1_2_goals_assists,,0.5,0.5
Luka Sucic,7d53792a-5432-4a56-a1e8-db1aae53d9e7,MD,Midfielider,period_1_2_goals_assists,,0.5,0.5
Adam Smith,9cbbf45a-f622-4520-a8d4-79237e5f8b11,D,Defender,period_1_2_goals_assists,,0.5,0.5
Keane Lewis-Potter,dfb3077e-606a-424f-a8e7-ab2ffc84ac8c,FW,Forward,period_1_2_goals_assists,,0.5,0.5
Adrien Truffert,9cbbf45a-f622-4520-a8d4-79237e5f8b11,D,Defender,period_1_2_goals_assists,,0.5,0.5
Michael Kayode,dfb3077e-606a-424f-a8e7-ab2ffc84ac8c,D,Defender,period_1_2_goals_assists,,0.5,0.5
Rayan,9cbbf45a-f622-4520-a8d4-79237e5f8b11,FW,Forward,period_1_2_goals_assists,,0.5,0.5
Antonio Silva,9cbbf45a-f622-4520-a8d4-79237e5f8b11,D,Defender,period_1_2_goals_assists,,0.5,0.5
Mamadou Sangare,dfb3077e-606a-424f-a8e7-ab2ffc84ac8c,MD,Midfielider,period_1_2_goals_assists,,0.5,0.5
Xaver Schlager,e132b2b7-e765-4768-aa22-7e6c6db783c7,MD,Midfielider,period_1_2_goals_assists,,0.5,0.5
Alex Scott,9cbbf45a-f622-4520-a8d4-79237e5f8b11,MD,Midfielider,period_1_2_goals_assists,,0.5,0.5
Gonzalo Villar,bbd2336a-3eb8-4726-8ffb-a13f1f5ee005,MD,Midfielider,period_1_2_goals_assists,,0.5,0.5
Arthur Atta,024c2543-76db-4e9c-988a-84293a5c31a7,MD,Midfielider,period_1_2_goals_assists,,0.5,0.5
Javier Morcillo,bbd2336a-3eb8-4726-8ffb-a13f1f5ee005,MD,Midfielider,period_1_2_goals_assists,,0.5,0.5
Ezequiel Ponce,bbd2336a-3eb8-4726-8ffb-a13f1f5ee005,FW,Forward,period_1_2_goals_assists,,0.5,0.5
Igor Thiago,dfb3077e-606a-424f-a8e7-ab2ffc84ac8c,FW,Forward,period_1_2_goals_assists,,0.5,0.5
Franco Mastantuono,024c2543-76db-4e9c-988a-84293a5c31a7,FW,Forward,period_1_2_goals,,0.5,0.5
Keane Lewis-Potter,dfb3077e-606a-424f-a8e7-ab2ffc84ac8c,FW,Forward,period_1_2_goals,,0.5,0.5
Mateo Pellegrino,024c2543-76db-4e9c-988a-84293a5c31a7,FW,Forward,period_1_2_goals,,0.5,0.5
German Valera,bbd2336a-3eb8-4726-8ffb-a13f1f5ee005,MD,Midfielider,period_1_2_goals,,0.5,0.5
Arthur Atta,024c2543-76db-4e9c-988a-84293a5c31a7,MD,Midfielider,period_1_2_goals,,0.5,0.5
Igor Thiago,dfb3077e-606a-424f-a8e7-ab2ffc84ac8c,FW,Forward,period_1_2_goals,,0.5,0.5
Ross Barkley,16ff0d0d-28fd-4ba9-abfb-e9b9bc928c27,MD,Midfielider,period_1_2_goals,,0.5,0.5
Jorrel Hato,4eec57ca-e69c-4249-918e-b6a0939d82fb,D,Defender,period_1_2_goals,,0.5,0.5
Richie Sagrado,45885464-c26c-4dd3-9e13-1d082f0c7508,D,Defender,period_1_2_goals,,0.5,0.5
Mohamed Belloumi,7b17901e-b71a-4756-b7ad-8a15be2306c7,FW,Forward,period_1_2_goals,,0.5,0.5
Emiliano Buendia,16ff0d0d-28fd-4ba9-abfb-e9b9bc928c27,MD,Midfielider,period_1_2_goals,,0.5,0.5
Rayan,9cbbf45a-f622-4520-a8d4-79237e5f8b11,FW,Forward,period_1_2_goals,,0.5,0.5
Gonzalo Villar,bbd2336a-3eb8-4726-8ffb-a13f1f5ee005,MD,Midfielider,period_1_2_goals,,0.5,0.5
Alex Scott,9cbbf45a-f622-4520-a8d4-79237e5f8b11,MD,Midfielider,period_1_2_goals,,0.5,0.5
Cher Ndour,024c2543-76db-4e9c-988a-84293a5c31a7,MD,Midfielider,period_1_2_goals,,0.5,0.5
Romeo Lavia,4eec57ca-e69c-4249-918e-b6a0939d82fb,MD,Midfielider,period_1_2_goals,,0.5,0.5
James McAtee,e132b2b7-e765-4768-aa22-7e6c6db783c7,MD,Midfielider,period_1_2_goals,,0.5,0.5
Morgan Gibbs-White,e132b2b7-e765-4768-aa22-7e6c6db783c7,MD,Midfielider,period_1_2_goals,,0.5,0.5
John McGinn,16ff0d0d-28fd-4ba9-abfb-e9b9bc928c27,MD,Midfielider,period_1_2_goals,,0.5,0.5
Simon Sohm,024c2543-76db-4e9c-988a-84293a5c31a7,MD,Midfielider,period_1_2_goals,,0.5,0.5
George Hemmings,16ff0d0d-28fd-4ba9-abfb-e9b9bc928c27,MD,Midfielider,period_1_2_goals,,0.5,0.5
,024c2543-76db-4e9c-988a-84293a5c31a7,nan,nan,period_1_2_goals,,0.5,0.5
Javier Morcillo,bbd2336a-3eb8-4726-8ffb-a13f1f5ee005,MD,Midfielider,period_1_2_goals,,0.5,0.5
Luka Sucic,7d53792a-5432-4a56-a1e8-db1aae53d9e7,MD,Midfielider,period_1_2_goals,,0.5,0.5
Ezequiel Ponce,bbd2336a-3eb8-4726-8ffb-a13f1f5ee005,FW,Forward,period_1_2_goals,,0.5,0.5
John Yeboah,45885464-c26c-4dd3-9e13-1d082f0c7508,FW,Forward,period_1_2_goals,,0.5,0.5
Nicolo Fagioli,024c2543-76db-4e9c-988a-84293a5c31a7,MD,Midfielider,period_1_2_assists,,0.5,0.5
Mohamed Belloumi,7b17901e-b71a-4756-b7ad-8a15be2306c7,FW,Forward,period_1_2_assists,,0.5,0.5
,024c2543-76db-4e9c-988a-84293a5c31a7,nan,nan,period_1_2_assists,,0.5,0.5
George Hemmings,16ff0d0d-28fd-4ba9-abfb-e9b9bc928c27,MD,Midfielider,period_1_2_assists,,0.5,0.5
John McGinn,16ff0d0d-28fd-4ba9-abfb-e9b9bc928c27,MD,Midfielider,period_1_2_assists,,0.5,0.5
Cher Ndour,024c2543-76db-4e9c-988a-84293a5c31a7,MD,Midfielider,period_1_2_assists,,0.5,0.5
John Yeboah,45885464-c26c-4dd3-9e13-1d082f0c7508,FW,Forward,period_1_2_assists,,0.5,0.5
Emiliano Buendia,16ff0d0d-28fd-4ba9-abfb-e9b9bc928c27,MD,Midfielider,period_1_2_assists,,0.5,0.5
Victor Valdepenas,024c2543-76db-4e9c-988a-84293a5c31a7,D,Defender,period_1_2_assists,,0.5,0.5
Jon Aramburu,7d53792a-5432-4a56-a1e8-db1aae53d9e7,D,Defender,period_1_2_assists,,0.5,0.5
Rayan,9cbbf45a-f622-4520-a8d4-79237e5f8b11,FW,Forward,period_1_2_assists,,0.5,0.5
Ross Barkley,16ff0d0d-28fd-4ba9-abfb-e9b9bc928c27,MD,Midfielider,period_1_2_assists,,0.5,0.5
Romeo Lavia,4eec57ca-e69c-4249-918e-b6a0939d82fb,MD,Midfielider,period_1_2_assists,,0.5,0.5
Adam Smith,9cbbf45a-f622-4520-a8d4-79237e5f8b11,D,Defender,period_1_2_assists,,0.5,0.5
Gonzalo Villar,bbd2336a-3eb8-4726-8ffb-a13f1f5ee005,MD,Midfielider,period_1_2_assists,,0.5,0.5
Luka Sucic,7d53792a-5432-4a56-a1e8-db1aae53d9e7,MD,Midfielider,period_1_2_assists,,0.5,0.5
Alex Scott,9cbbf45a-f622-4520-a8d4-79237e5f8b11,MD,Midfielider,period_1_2_assists,,0.5,0.5
James McAtee,e132b2b7-e765-4768-aa22-7e6c6db783c7,MD,Midfielider,period_1_2_assists,,0.5,0.5
Franco Mastantuono,024c2543-76db-4e9c-988a-84293a5c31a7,FW,Forward,period_1_2_assists,,0.5,0.5
Arthur Atta,024c2543-76db-4e9c-988a-84293a5c31a7,MD,Midfielider,period_1_2_assists,,0.5,0.5
Morgan Gibbs-White,e132b2b7-e765-4768-aa22-7e6c6db783c7,MD,Midfielider,period_1_2_assists,,0.5,0.5
Adrien Truffert,9cbbf45a-f622-4520-a8d4-79237e5f8b11,D,Defender,period_1_2_assists,,0.5,0.5
German Valera,bbd2336a-3eb8-4726-8ffb-a13f1f5ee005,MD,Midfielider,period_1_2_assists,,0.5,0.5
Mamadou Sangare,dfb3077e-606a-424f-a8e7-ab2ffc84ac8c,MD,Midfielider,period_1_2_assists,,0.5,0.5
Ian Maatsen,16ff0d0d-28fd-4ba9-abfb-e9b9bc928c27,D,Defender,period_1_2_assists,,0.5,0.5
Jorrel Hato,4eec57ca-e69c-4249-918e-b6a0939d82fb,D,Defender,period_1_2_assists,,0.5,0.5
Keane Lewis-Potter,dfb3077e-606a-424f-a8e7-ab2ffc84ac8c,FW,Forward,period_1_2_assists,,0.5,0.5
Michael Kayode,dfb3077e-606a-424f-a8e7-ab2ffc84ac8c,D,Defender,period_1_2_assists,,0.5,0.5
Richie Sagrado,45885464-c26c-4dd3-9e13-1d082f0c7508,D,Defender,period_1_2_assists,,0.5,0.5
Igor Thiago,dfb3077e-606a-424f-a8e7-ab2ffc84ac8c,FW,Forward,period_1_goals,,0.5,0.5
John Yeboah,45885464-c26c-4dd3-9e13-1d082f0c7508,FW,Forward,period_1_goals,,0.5,0.5
Mateo Pellegrino,024c2543-76db-4e9c-988a-84293a5c31a7,FW,Forward,period_1_goals,,0.5,0.5
Ezequiel Ponce,bbd2336a-3eb8-4726-8ffb-a13f1f5ee005,FW,Forward,period_1_goals,,0.5,0.5
Rayan,9cbbf45a-f622-4520-a8d4-79237e5f8b11,FW,Forward,period_1_goals,,0.5,0.5
Caleb Williams,e8a4678a-ccdb-5f35-be13-aef6e59a5680,QB,Quarterback,season_pass_tds,,24.5,24.5
Bijan Robinson,8699a914-7d44-5a36-b7a6-2063d3ea761f,RB,Running Back,season_rec_tds,,3.5,3.5
Bucky Irving,1a20f1da-c502-5224-9c4a-bc363174cd21,RB,Running Back,season_rush_tds,,6.5,6.5
Jonathan Taylor,f11f1cf1-9933-5203-8181-95020ee64399,RB,Running Back,season_rush_tds,,11.5,11.5
De'Von Achane,9153e0a9-da83-5246-ba43-417537f1bcce,RB,Running Back,season_rush_tds,,5.5,5.5
Ja'Marr Chase,ab235cf0-a041-5d36-8241-90a90f0dcb5e,WR,Wide Receiver,season_rush_yards,,13.5,13.5
Jahmyr Gibbs,a8980eb6-327f-5bc5-abf9-de1e944b566d,RB,Running Back,season_rush_tds,,12.5,12.5
James Cook,0719b253-43db-532e-8b5c-6c12c6c3f951,RB,Running Back,season_receiving_yards,,275.5,275.5
James Cook,0719b253-43db-532e-8b5c-6c12c6c3f951,RB,Running Back,season_rec_tds,,2.5,2.5
Xavier Worthy,a6f458f4-5078-56e4-a839-af96f1191314,WR,Wide Receiver,season_rec_tds,,3.5,3.5
Rashee Rice,a6f458f4-5078-56e4-a839-af96f1191314,WR,Wide Receiver,season_rec_tds,,7.5,7.5
Breece Hall,516ded41-e882-5175-9a00-d0b4c028eb74,RB,Running Back,season_rush_tds,,5.5,5.5
Drake London,8699a914-7d44-5a36-b7a6-2063d3ea761f,WR,Wide Receiver,season_rec_tds,,7.5,7.5
Justin Jefferson,5af1e185-627e-5345-851d-3c65c5b66614,WR,Wide Receiver,season_receiving_yards,,1174.5,1174.5
David Montgomery,4ab08caa-b79d-598e-82ef-0906a60d2a89,RB,Running Back,season_rush_tds,,8.5,8.5
Malik Nabers,d40a4380-49a6-5b5f-ab7d-f5393787ed12,WR,Wide Receiver,season_rec_tds,,5.5,5.5
Khalil Shakir,0719b253-43db-532e-8b5c-6c12c6c3f951,WR,Wide Receiver,season_rec_tds,,3.5,3.5
Jaylen Warren,ecc8eb1b-f714-57a6-bcf3-b183dd6c12a8,RB,Running Back,season_rush_tds,,4.5,4.5
DK Metcalf,ecc8eb1b-f714-57a6-bcf3-b183dd6c12a8,WR,Wide Receiver,season_rec_tds,,5.5,5.5
DeVonta Smith,de7219e5-92f1-5989-804a-68479055ba42,WR,Wide Receiver,season_receiving_yards,,1099.5,1099.5
Matthew Golden,a2fadaac-562f-5a7e-bd63-6d88d90c1ac4,WR,Wide Receiver,season_rec_tds,,3.5,3.5
Stefon Diggs,a6d8dc19-daaf-5798-a8f2-df7f9fc9eecd,WR,Wide Receiver,season_rec_tds,,4.5,4.5
Jayden Reed,a2fadaac-562f-5a7e-bd63-6d88d90c1ac4,WR,Wide Receiver,season_rec_tds,,4.5,4.5
Dalton Kincaid,0719b253-43db-532e-8b5c-6c12c6c3f951,TE,Tight End,season_rec_tds,,4.5,4.5
Isaiah Likely,d40a4380-49a6-5b5f-ab7d-f5393787ed12,TE,Tight End,season_rec_tds,,3.5,3.5
Wan'Dale Robinson,f96aa8db-21c2-5b86-b49d-7e64b4eda61d,WR,Wide Receiver,season_rec_tds,,3.5,3.5
Kyle Pitts,8699a914-7d44-5a36-b7a6-2063d3ea761f,TE,Tight End,season_receiving_yards,,749.5,749.5
Josh Downs,f11f1cf1-9933-5203-8181-95020ee64399,WR,Wide Receiver,season_rec_tds,,3.5,3.5
Chris Olave,530518ed-91db-57c4-9077-27cc0dd9a293,WR,Wide Receiver,season_receiving_yards,,1065.5,1065.5
Michael Wilson,8459772c-695a-5890-afa1-7ec38da17201,WR,Wide Receiver,season_rec_tds,,3.5,3.5
Tre Tucker,5ce78c37-b02c-52da-9e4f-fcd65b6ccb76,WR,Wide Receiver,season_rec_tds,,2.5,2.5
Jalen Coker,17f3bc4a-e2d6-5dc5-a554-00549ff0139f,WR,Wide Receiver,season_rec_tds,,3.5,3.5
Harold Fannin,338ae7df-02ad-5a94-9767-60f511bd55e1,TE,Tight End,season_rec_tds,,4.5,4.5
Dak Prescott,26e67e06-664e-50a6-ad7b-c102705fde8b,QB,Quarterback,season_pass_tds,,27.5,27.5
Montez Sweat,e8a4678a-ccdb-5f35-be13-aef6e59a5680,DL,Defensive Line,season_sacks,,8.25,8.25
Malik Willis,9153e0a9-da83-5246-ba43-417537f1bcce,QB,Quarterback,season_rush_tds,,3.5,3.5
Jean Silva,,F,Fighter,significant_strikes,,43.5,43.5
Jean Silva,,F,Fighter,fight_time,,7.5,7.5
Jean Silva,,F,Fighter,fight_time,,24.99,24.99
Jose Delgado,,F,Fighter,significant_strikes,,53.5,53.5
Quentin Pasley,,F,Fighter,significant_strikes,,10.5,10.5
Arlind Berisha,,F,Fighter,significant_strikes,,14.5,14.5
Arlind Berisha,,F,Fighter,takedowns,,0.5,0.5
Brandon Moreno,,F,Fighter,significant_strikes,,39.5,39.5
Isaac Moreno,,F,Fighter,significant_strikes,,23.5,23.5
Reginaldo Junior,,F,Fighter,significant_strikes,,22.5,22.5
Joseph Morales,,F,Fighter,significant_strikes,,31.5,31.5
Joseph Morales,,F,Fighter,fight_time,,14.99,14.99
Joseph Morales,,F,Fighter,fight_time,,12.5,12.5
Martin Kozak,,F,Fighter,significant_strikes,,22.5,22.5
Christian Echols,,F,Fighter,significant_strikes,,14.5,14.5
Tommy McMillen,,F,Fighter,significant_strikes,,49.5,49.5
Marwan Rahiki,,F,Fighter,significant_strikes,,37.5,37.5
Tommy McMillen,,F,Fighter,fight_time,,7.5,7.5
Tommy McMillen,,F,Fighter,fight_time,,14.99,14.99
Alexa Grasso,,F,Fighter,significant_strikes,,44.5,44.5
Manon Fiorot,,F,Fighter,significant_strikes,,63.5,63.5
Won IL Kwon,,F,Fighter,significant_strikes,,28.5,28.5
Severino Apollo Gomes,,F,Fighter,significant_strikes,,25.5,25.5
Manon Fiorot,,F,Fighter,fight_time,,14.99,14.99
Manon Fiorot,,F,Fighter,fight_time,,12.5,12.5
Curtis Blaydes,,F,Fighter,significant_strikes,,38.5,38.5
Waldo Cortes-Acosta,,F,Fighter,significant_strikes,,39.5,39.5
Colton Loud,,F,Fighter,significant_strikes,,27.5,27.5
Christian Natividad,,F,Fighter,significant_strikes,,38.5,38.5
Waldo Cortes-Acosta,,F,Fighter,fight_time,,14.99,14.99
Waldo Cortes-Acosta,,F,Fighter,fight_time,,12.5,12.5
Dan Ige,,F,Fighter,significant_strikes,,35.5,35.5
David Martinez,,F,Fighter,significant_strikes,,49.5,49.5
David Martinez,,F,Fighter,fight_time,,12.5,12.5
David Martinez,,F,Fighter,fight_time,,14.99,14.99
Ignacio Bahamondes,,F,Fighter,significant_strikes,,29.5,29.5
Ignacio Bahamondes,,F,Fighter,fight_time,,14.99,14.99
Ignacio Bahamondes,,F,Fighter,fight_time,,7.5,7.5
Muslim Salikhov,,F,Fighter,significant_strikes,,23.5,23.5
Edgar Chairez,,F,Fighter,significant_strikes,,29.5,29.5
Tim Elliott,,F,Fighter,significant_strikes,,32.5,32.5
Edgar Chairez,,F,Fighter,fight_time,,14.99,14.99
Edgar Chairez,,F,Fighter,fight_time,,12.5,12.5
Djorden Santos,,F,Fighter,significant_strikes,,43.5,43.5
Yousri Belgaroui,,F,Fighter,significant_strikes,,50.5,50.5
Yousri Belgaroui,,F,Fighter,fight_time,,14.99,14.99
Yousri Belgaroui,,F,Fighter,fight_time,,7.5,7.5
Thomas Gantt,,F,Fighter,significant_strikes,,15.5,15.5
Drakkar Klose,,F,Fighter,significant_strikes,,9.5,9.5
Thomas Gantt,,F,Fighter,fight_time,,7.5,7.5
Rafa Garcia,,F,Fighter,significant_strikes,,59.5,59.5
Rong Zhu,,F,Fighter,significant_strikes,,70.5,70.5
Rong Zhu,,F,Fighter,fight_time,,12.5,12.5
Jessie Rosas,,F,Fighter,significant_strikes,,40.5,40.5
Sean King III,,F,Fighter,significant_strikes,,36.5,36.5
Jj Aldrich,,F,Fighter,significant_strikes,,49.5,49.5
Regina Tarin,,F,Fighter,significant_strikes,,69.5,69.5
Regina Tarin,,F,Fighter,fight_time,,12.5,12.5
gr1ks,12931254-8f2c-4bd7-ac40-87ca3cc50744,Gamer,Gamer,kills_on_maps_1_2,,37.5,37.5
faveN,12931254-8f2c-4bd7-ac40-87ca3cc50744,Gamer,Gamer,kills_on_maps_1_2,,31.5,31.5
faveN,12931254-8f2c-4bd7-ac40-87ca3cc50744,Gamer,Gamer,kills_on_maps_1_2,,39.5,39.5
faveN,12931254-8f2c-4bd7-ac40-87ca3cc50744,Gamer,Gamer,kills_on_maps_1_2,,36.5,36.5
faveN,12931254-8f2c-4bd7-ac40-87ca3cc50744,Gamer,Gamer,kills_on_maps_1_2,,26.5,26.5
gr1ks,12931254-8f2c-4bd7-ac40-87ca3cc50744,Gamer,Gamer,kills_on_maps_1_2,,31.5,31.5
gr1ks,12931254-8f2c-4bd7-ac40-87ca3cc50744,Gamer,Gamer,kills_on_maps_1_2,,35.5,35.5
gr1ks,12931254-8f2c-4bd7-ac40-87ca3cc50744,Gamer,Gamer,kills_on_maps_1_2,,43.5,43.5
faveN,12931254-8f2c-4bd7-ac40-87ca3cc50744,Gamer,Gamer,kills_on_maps_1_2,,33.5,33.5
gr1ks,12931254-8f2c-4bd7-ac40-87ca3cc50744,Gamer,Gamer,kills_on_maps_1_2,,41.5,41.5
faveN,12931254-8f2c-4bd7-ac40-87ca3cc50744,Gamer,Gamer,headshots_on_maps_1_2,,16.5,16.5
Jame,f51131d6-6c0c-415f-b171-11721723766a,Gamer,Gamer,kills_on_maps_1_2,,35.5,35.5
Jame,f51131d6-6c0c-415f-b171-11721723766a,Gamer,Gamer,kills_on_maps_1_2,,38.5,38.5
Jame,f51131d6-6c0c-415f-b171-11721723766a,Gamer,Gamer,kills_on_maps_1_2,,28.5,28.5
clax,56a85577-4a3b-4562-b610-bab0aab157e0,Gamer,Gamer,kills_on_maps_1_2,,29.5,29.5
Jame,f51131d6-6c0c-415f-b171-11721723766a,Gamer,Gamer,kills_on_maps_1_2,,33.5,33.5
Jame,f51131d6-6c0c-415f-b171-11721723766a,Gamer,Gamer,kills_on_maps_1_2,,41.5,41.5
clax,56a85577-4a3b-4562-b610-bab0aab157e0,Gamer,Gamer,headshots_on_maps_1_2,,18.5,18.5
ryu,c8bc04c3-adb8-45ad-a7a5-3bc1023c8fcb,Gamer,Gamer,kills_on_maps_1_2,,40.5,40.5
ryu,c8bc04c3-adb8-45ad-a7a5-3bc1023c8fcb,Gamer,Gamer,kills_on_maps_1_2,,37.5,37.5
ryu,c8bc04c3-adb8-45ad-a7a5-3bc1023c8fcb,Gamer,Gamer,kills_on_maps_1_2,,31.5,31.5
ryu,c8bc04c3-adb8-45ad-a7a5-3bc1023c8fcb,Gamer,Gamer,kills_on_maps_1_2,,33.5,33.5
ryu,c8bc04c3-adb8-45ad-a7a5-3bc1023c8fcb,Gamer,Gamer,kills_on_maps_1_2,,26.5,26.5
ryu,c8bc04c3-adb8-45ad-a7a5-3bc1023c8fcb,Gamer,Gamer,headshots_on_maps_1_2,,13.5,13.5
,9d4d3327-cbac-4913-aef9-0d91ec236f70,nan,nan,kills_on_maps_1_2,,35.5,35.5
,9d4d3327-cbac-4913-aef9-0d91ec236f70,nan,nan,kills_on_maps_1_2,,42.5,42.5
,9d4d3327-cbac-4913-aef9-0d91ec236f70,nan,nan,kills_on_maps_1_2,,29.5,29.5
,9d4d3327-cbac-4913-aef9-0d91ec236f70,nan,nan,kills_on_maps_1_2,,39.5,39.5
,9d4d3327-cbac-4913-aef9-0d91ec236f70,nan,nan,kills_on_maps_1_2,,33.5,33.5
,6a2536b6-d923-43fd-ace6-7d7309a46d1b,nan,nan,kills_on_maps_1_2,,28.5,28.5
,9d4d3327-cbac-4913-aef9-0d91ec236f70,nan,nan,headshots_on_maps_1_2,,17.5,17.5
,6a2536b6-d923-43fd-ace6-7d7309a46d1b,nan,nan,headshots_on_maps_1_2,,10.5,10.5
XiELO,f51131d6-6c0c-415f-b171-11721723766a,Gamer,Gamer,kills_on_maps_1_2,,37.5,37.5
XiELO,f51131d6-6c0c-415f-b171-11721723766a,Gamer,Gamer,kills_on_maps_1_2,,34.5,34.5
XiELO,f51131d6-6c0c-415f-b171-11721723766a,Gamer,Gamer,kills_on_maps_1_2,,40.5,40.5
,2b4b8439-4aa4-4100-a616-1899813cc108,nan,nan,kills_on_maps_1_2,,32.5,32.5
XiELO,f51131d6-6c0c-415f-b171-11721723766a,Gamer,Gamer,kills_on_maps_1_2,,27.5,27.5
,2b4b8439-4aa4-4100-a616-1899813cc108,nan,nan,kills_on_maps_1_2,,42.5,42.5
XiELO,f51131d6-6c0c-415f-b171-11721723766a,Gamer,Gamer,kills_on_maps_1_2,,32.5,32.5
,2b4b8439-4aa4-4100-a616-1899813cc108,nan,nan,kills_on_maps_1_2,,44.5,44.5
,2b4b8439-4aa4-4100-a616-1899813cc108,nan,nan,kills_on_maps_1_2,,36.5,36.5
,2b4b8439-4aa4-4100-a616-1899813cc108,nan,nan,kills_on_maps_1_2,,38.5,38.5
,2b4b8439-4aa4-4100-a616-1899813cc108,nan,nan,headshots_on_maps_1_2,,11.5,11.5
XiELO,f51131d6-6c0c-415f-b171-11721723766a,Gamer,Gamer,headshots_on_maps_1_2,,17.5,17.5
Dragon,6a2536b6-d923-43fd-ace6-7d7309a46d1b,Gamer,Gamer,kills_on_maps_1_2,,30.5,30.5
,12931254-8f2c-4bd7-ac40-87ca3cc50744,nan,nan,kills_on_maps_1_2,,42.5,42.5
,12931254-8f2c-4bd7-ac40-87ca3cc50744,nan,nan,kills_on_maps_1_2,,45.5,45.5
,12931254-8f2c-4bd7-ac40-87ca3cc50744,nan,nan,kills_on_maps_1_2,,38.5,38.5
,12931254-8f2c-4bd7-ac40-87ca3cc50744,nan,nan,kills_on_maps_1_2,,36.5,36.5
,12931254-8f2c-4bd7-ac40-87ca3cc50744,nan,nan,kills_on_maps_1_2,,32.5,32.5
,12931254-8f2c-4bd7-ac40-87ca3cc50744,nan,nan,headshots_on_maps_1_2,,14.5,14.5
MATYS,93c97a69-a735-402c-af4a-cc0ff232ee96,Gamer,Gamer,kills_on_maps_1_2,,34.5,34.5
jcobbb,fd15c0b4-4ee9-4190-ac08-a2cdb0847d3f,Gamer,Gamer,kills_on_maps_1_2,,29.5,29.5
MATYS,93c97a69-a735-402c-af4a-cc0ff232ee96,Gamer,Gamer,kills_on_maps_1_2,,40.5,40.5
jcobbb,fd15c0b4-4ee9-4190-ac08-a2cdb0847d3f,Gamer,Gamer,kills_on_maps_1_2,,37.5,37.5
MATYS,93c97a69-a735-402c-af4a-cc0ff232ee96,Gamer,Gamer,kills_on_maps_1_2,,37.5,37.5
jcobbb,fd15c0b4-4ee9-4190-ac08-a2cdb0847d3f,Gamer,Gamer,kills_on_maps_1_2,,33.5,33.5
MATYS,93c97a69-a735-402c-af4a-cc0ff232ee96,Gamer,Gamer,kills_on_maps_1_2,,27.5,27.5
jcobbb,fd15c0b4-4ee9-4190-ac08-a2cdb0847d3f,Gamer,Gamer,kills_on_maps_1_2,,39.5,39.5
,6a2536b6-d923-43fd-ace6-7d7309a46d1b,nan,nan,kills_on_maps_1_2,,29.5,29.5
MATYS,93c97a69-a735-402c-af4a-cc0ff232ee96,Gamer,Gamer,kills_on_maps_1_2,,32.5,32.5
,6a2536b6-d923-43fd-ace6-7d7309a46d1b,nan,nan,headshots_on_maps_1_2,,18.5,18.5
jcobbb,fd15c0b4-4ee9-4190-ac08-a2cdb0847d3f,Gamer,Gamer,headshots_on_maps_1_2,,18.5,18.5
MATYS,93c97a69-a735-402c-af4a-cc0ff232ee96,Gamer,Gamer,headshots_on_maps_1_2,,18.5,18.5
bobeksde,bff8ddb6-88b7-4e86-9209-d8a3a169f294,Gamer,Gamer,kills_on_maps_1_2,,32.5,32.5
bobeksde,bff8ddb6-88b7-4e86-9209-d8a3a169f294,Gamer,Gamer,kills_on_maps_1_2,,38.5,38.5
bobeksde,bff8ddb6-88b7-4e86-9209-d8a3a169f294,Gamer,Gamer,kills_on_maps_1_2,,34.5,34.5
bobeksde,bff8ddb6-88b7-4e86-9209-d8a3a169f294,Gamer,Gamer,kills_on_maps_1_2,,41.5,41.5
bobeksde,bff8ddb6-88b7-4e86-9209-d8a3a169f294,Gamer,Gamer,kills_on_maps_1_2,,27.5,27.5
bobeksde,bff8ddb6-88b7-4e86-9209-d8a3a169f294,Gamer,Gamer,headshots_on_maps_1_2,,14.5,14.5
JDC,12931254-8f2c-4bd7-ac40-87ca3cc50744,Gamer,Gamer,kills_on_maps_1_2,,41.5,41.5
JDC,12931254-8f2c-4bd7-ac40-87ca3cc50744,Gamer,Gamer,kills_on_maps_1_2,,38.5,38.5
JDC,12931254-8f2c-4bd7-ac40-87ca3cc50744,Gamer,Gamer,kills_on_maps_1_2,,28.5,28.5
JDC,12931254-8f2c-4bd7-ac40-87ca3cc50744,Gamer,Gamer,kills_on_maps_1_2,,34.5,34.5
JDC,12931254-8f2c-4bd7-ac40-87ca3cc50744,Gamer,Gamer,kills_on_maps_1_2,,32.5,32.5
JDC,12931254-8f2c-4bd7-ac40-87ca3cc50744,Gamer,Gamer,headshots_on_maps_1_2,,15.5,15.5
,bff8ddb6-88b7-4e86-9209-d8a3a169f294,nan,nan,kills_on_maps_1_2,,31.5,31.5
,bff8ddb6-88b7-4e86-9209-d8a3a169f294,nan,nan,kills_on_maps_1_2,,33.5,33.5
d1Ledez,4fa9ff0c-4cee-4cb9-a311-f368ee3e6a33,Gamer,Gamer,kills_on_maps_1_2,,29.5,29.5
Kind0,6a2536b6-d923-43fd-ace6-7d7309a46d1b,Gamer,Gamer,kills_on_maps_1_2,,27.5,27.5
d1Ledez,4fa9ff0c-4cee-4cb9-a311-f368ee3e6a33,Gamer,Gamer,kills_on_maps_1_2,,42.5,42.5
,bff8ddb6-88b7-4e86-9209-d8a3a169f294,nan,nan,kills_on_maps_1_2,,40.5,40.5
d1Ledez,4fa9ff0c-4cee-4cb9-a311-f368ee3e6a33,Gamer,Gamer,kills_on_maps_1_2,,34.5,34.5
d1Ledez,4fa9ff0c-4cee-4cb9-a311-f368ee3e6a33,Gamer,Gamer,kills_on_maps_1_2,,40.5,40.5
,bff8ddb6-88b7-4e86-9209-d8a3a169f294,nan,nan,kills_on_maps_1_2,,37.5,37.5
,bff8ddb6-88b7-4e86-9209-d8a3a169f294,nan,nan,kills_on_maps_1_2,,26.5,26.5
d1Ledez,4fa9ff0c-4cee-4cb9-a311-f368ee3e6a33,Gamer,Gamer,kills_on_maps_1_2,,36.5,36.5
Kind0,6a2536b6-d923-43fd-ace6-7d7309a46d1b,Gamer,Gamer,headshots_on_maps_1_2,,13.5,13.5
d1Ledez,4fa9ff0c-4cee-4cb9-a311-f368ee3e6a33,Gamer,Gamer,headshots_on_maps_1_2,,18.5,18.5
,bff8ddb6-88b7-4e86-9209-d8a3a169f294,nan,nan,headshots_on_maps_1_2,,14.5,14.5
eraa,bff8ddb6-88b7-4e86-9209-d8a3a169f294,Gamer,Gamer,kills_on_maps_1_2,,37.5,37.5
eraa,bff8ddb6-88b7-4e86-9209-d8a3a169f294,Gamer,Gamer,kills_on_maps_1_2,,44.5,44.5
,93c97a69-a735-402c-af4a-cc0ff232ee96,nan,nan,kills_on_maps_1_2,,35.5,35.5
,93c97a69-a735-402c-af4a-cc0ff232ee96,nan,nan,kills_on_maps_1_2,,44.5,44.5
,93c97a69-a735-402c-af4a-cc0ff232ee96,nan,nan,kills_on_maps_1_2,,30.5,30.5
,93c97a69-a735-402c-af4a-cc0ff232ee96,nan,nan,kills_on_maps_1_2,,37.5,37.5
eraa,bff8ddb6-88b7-4e86-9209-d8a3a169f294,Gamer,Gamer,kills_on_maps_1_2,,34.5,34.5
eraa,bff8ddb6-88b7-4e86-9209-d8a3a169f294,Gamer,Gamer,kills_on_maps_1_2,,41.5,41.5
,93c97a69-a735-402c-af4a-cc0ff232ee96,nan,nan,kills_on_maps_1_2,,41.5,41.5
,93c97a69-a735-402c-af4a-cc0ff232ee96,nan,nan,headshots_on_maps_1_2,,9.5,9.5
molodoy,974cce85-bfa9-48ce-9a8c-1b251d4ef533,Gamer,Gamer,kills_on_maps_1_2,,32.5,32.5
frozen,fd15c0b4-4ee9-4190-ac08-a2cdb0847d3f,Gamer,Gamer,kills_on_maps_1_2,,37.5,37.5
,f51131d6-6c0c-415f-b171-11721723766a,nan,nan,kills_on_maps_1_2,,28.5,28.5
molodoy,974cce85-bfa9-48ce-9a8c-1b251d4ef533,Gamer,Gamer,kills_on_maps_1_2,,40.5,40.5
molodoy,974cce85-bfa9-48ce-9a8c-1b251d4ef533,Gamer,Gamer,kills_on_maps_1_2,,46.5,46.5
molodoy,974cce85-bfa9-48ce-9a8c-1b251d4ef533,Gamer,Gamer,kills_on_maps_1_2,,44.5,44.5
molodoy,974cce85-bfa9-48ce-9a8c-1b251d4ef533,Gamer,Gamer,kills_on_maps_1_2,,37.5,37.5
frozen,fd15c0b4-4ee9-4190-ac08-a2cdb0847d3f,Gamer,Gamer,kills_on_maps_1_2,,41.5,41.5
frozen,fd15c0b4-4ee9-4190-ac08-a2cdb0847d3f,Gamer,Gamer,kills_on_maps_1_2,,35.5,35.5
frozen,fd15c0b4-4ee9-4190-ac08-a2cdb0847d3f,Gamer,Gamer,kills_on_maps_1_2,,43.5,43.5
,f51131d6-6c0c-415f-b171-11721723766a,nan,nan,kills_on_maps_1_2,,40.5,40.5
,f51131d6-6c0c-415f-b171-11721723766a,nan,nan,kills_on_maps_1_2,,32.5,32.5
,f51131d6-6c0c-415f-b171-11721723766a,nan,nan,kills_on_maps_1_2,,38.5,38.5
,f51131d6-6c0c-415f-b171-11721723766a,nan,nan,kills_on_maps_1_2,,35.5,35.5
frozen,fd15c0b4-4ee9-4190-ac08-a2cdb0847d3f,Gamer,Gamer,kills_on_maps_1_2,,32.5,32.5
frozen,fd15c0b4-4ee9-4190-ac08-a2cdb0847d3f,Gamer,Gamer,headshots_on_maps_1_2,,16.5,16.5
molodoy,974cce85-bfa9-48ce-9a8c-1b251d4ef533,Gamer,Gamer,headshots_on_maps_1_2,,10.5,10.5
,f51131d6-6c0c-415f-b171-11721723766a,nan,nan,headshots_on_maps_1_2,,15.5,15.5
,c8bc04c3-adb8-45ad-a7a5-3bc1023c8fcb,nan,nan,kills_on_maps_1_2,,34.5,34.5
,c8bc04c3-adb8-45ad-a7a5-3bc1023c8fcb,nan,nan,kills_on_maps_1_2,,43.5,43.5
,93c97a69-a735-402c-af4a-cc0ff232ee96,nan,nan,kills_on_maps_1_2,,34.5,34.5
,93c97a69-a735-402c-af4a-cc0ff232ee96,nan,nan,kills_on_maps_1_2,,42.5,42.5
,2b4b8439-4aa4-4100-a616-1899813cc108,nan,nan,kills_on_maps_1_2,,31.5,31.5
,2b4b8439-4aa4-4100-a616-1899813cc108,nan,nan,kills_on_maps_1_2,,39.5,39.5
,2b4b8439-4aa4-4100-a616-1899813cc108,nan,nan,kills_on_maps_1_2,,33.5,33.5
,93c97a69-a735-402c-af4a-cc0ff232ee96,nan,nan,kills_on_maps_1_2,,36.5,36.5
,c8bc04c3-adb8-45ad-a7a5-3bc1023c8fcb,nan,nan,kills_on_maps_1_2,,40.5,40.5
,2b4b8439-4aa4-4100-a616-1899813cc108,nan,nan,kills_on_maps_1_2,,27.5,27.5
,c8bc04c3-adb8-45ad-a7a5-3bc1023c8fcb,nan,nan,kills_on_maps_1_2,,28.5,28.5
,c8bc04c3-adb8-45ad-a7a5-3bc1023c8fcb,nan,nan,kills_on_maps_1_2,,37.5,37.5
,93c97a69-a735-402c-af4a-cc0ff232ee96,nan,nan,kills_on_maps_1_2,,40.5,40.5
,93c97a69-a735-402c-af4a-cc0ff232ee96,nan,nan,kills_on_maps_1_2,,29.5,29.5
,93c97a69-a735-402c-af4a-cc0ff232ee96,nan,nan,headshots_on_maps_1_2,,15.5,15.5
,2b4b8439-4aa4-4100-a616-1899813cc108,nan,nan,headshots_on_maps_1_2,,13.5,13.5
,c8bc04c3-adb8-45ad-a7a5-3bc1023c8fcb,nan,nan,headshots_on_maps_1_2,,18.5,18.5
,f4ad1a56-d75c-45de-bae1-9d309c24c494,nan,nan,kills_on_maps_1_2,,35.5,35.5
Jee,9d4d3327-cbac-4913-aef9-0d91ec236f70,Gamer,Gamer,kills_on_maps_1_2,,28.5,28.5
Jee,9d4d3327-cbac-4913-aef9-0d91ec236f70,Gamer,Gamer,kills_on_maps_1_2,,33.5,33.5
Jee,9d4d3327-cbac-4913-aef9-0d91ec236f70,Gamer,Gamer,kills_on_maps_1_2,,43.5,43.5
,f4ad1a56-d75c-45de-bae1-9d309c24c494,nan,nan,kills_on_maps_1_2,,29.5,29.5
,f4ad1a56-d75c-45de-bae1-9d309c24c494,nan,nan,kills_on_maps_1_2,,38.5,38.5
,f4ad1a56-d75c-45de-bae1-9d309c24c494,nan,nan,kills_on_maps_1_2,,41.5,41.5
,f4ad1a56-d75c-45de-bae1-9d309c24c494,nan,nan,kills_on_maps_1_2,,32.5,32.5
Jee,9d4d3327-cbac-4913-aef9-0d91ec236f70,Gamer,Gamer,kills_on_maps_1_2,,40.5,40.5
Jee,9d4d3327-cbac-4913-aef9-0d91ec236f70,Gamer,Gamer,kills_on_maps_1_2,,36.5,36.5
Jee,9d4d3327-cbac-4913-aef9-0d91ec236f70,Gamer,Gamer,headshots_on_maps_1_2,,9.5,9.5
,974cce85-bfa9-48ce-9a8c-1b251d4ef533,nan,nan,kills_on_maps_1_2,,44.5,44.5
,974cce85-bfa9-48ce-9a8c-1b251d4ef533,nan,nan,kills_on_maps_1_2,,30.5,30.5
,974cce85-bfa9-48ce-9a8c-1b251d4ef533,nan,nan,kills_on_maps_1_2,,35.5,35.5
,974cce85-bfa9-48ce-9a8c-1b251d4ef533,nan,nan,kills_on_maps_1_2,,38.5,38.5
,974cce85-bfa9-48ce-9a8c-1b251d4ef533,nan,nan,kills_on_maps_1_2,,41.5,41.5
,974cce85-bfa9-48ce-9a8c-1b251d4ef533,nan,nan,headshots_on_maps_1_2,,15.5,15.5
tabseN,12931254-8f2c-4bd7-ac40-87ca3cc50744,Gamer,Gamer,kills_on_maps_1_2,,25.5,25.5
tabseN,12931254-8f2c-4bd7-ac40-87ca3cc50744,Gamer,Gamer,kills_on_maps_1_2,,35.5,35.5
tabseN,12931254-8f2c-4bd7-ac40-87ca3cc50744,Gamer,Gamer,kills_on_maps_1_2,,31.5,31.5
tabseN,12931254-8f2c-4bd7-ac40-87ca3cc50744,Gamer,Gamer,kills_on_maps_1_2,,29.5,29.5
tabseN,12931254-8f2c-4bd7-ac40-87ca3cc50744,Gamer,Gamer,kills_on_maps_1_2,,37.5,37.5
tabseN,12931254-8f2c-4bd7-ac40-87ca3cc50744,Gamer,Gamer,headshots_on_maps_1_2,,12.5,12.5
,4765731c-83e3-4b05-b3d7-4a37a4c1abad,nan,nan,kills_on_maps_1_2,,42.5,42.5
,4765731c-83e3-4b05-b3d7-4a37a4c1abad,nan,nan,kills_on_maps_1_2,,39.5,39.5
,4765731c-83e3-4b05-b3d7-4a37a4c1abad,nan,nan,kills_on_maps_1_2,,36.5,36.5
,4765731c-83e3-4b05-b3d7-4a37a4c1abad,nan,nan,kills_on_maps_1_2,,34.5,34.5
,4765731c-83e3-4b05-b3d7-4a37a4c1abad,nan,nan,kills_on_maps_1_2,,29.5,29.5
,4765731c-83e3-4b05-b3d7-4a37a4c1abad,nan,nan,headshots_on_maps_1_2,,19.5,19.5
REZ,bfbfb68b-1d19-45a6-9ac0-88952ce2af54,Gamer,Gamer,kills_on_maps_1_2,,32.5,32.5
,93c97a69-a735-402c-af4a-cc0ff232ee96,nan,nan,kills_on_maps_1_2,,39.8,39.8
,93c97a69-a735-402c-af4a-cc0ff232ee96,nan,nan,kills_on_maps_1_2,,33.5,33.5
REZ,bfbfb68b-1d19-45a6-9ac0-88952ce2af54,Gamer,Gamer,kills_on_maps_1_2,,26.5,26.5
REZ,bfbfb68b-1d19-45a6-9ac0-88952ce2af54,Gamer,Gamer,kills_on_maps_1_2,,35.5,35.5
REZ,bfbfb68b-1d19-45a6-9ac0-88952ce2af54,Gamer,Gamer,kills_on_maps_1_2,,42.5,42.5
REZ,bfbfb68b-1d19-45a6-9ac0-88952ce2af54,Gamer,Gamer,kills_on_maps_1_2,,39.5,39.5
REZ,bfbfb68b-1d19-45a6-9ac0-88952ce2af54,Gamer,Gamer,headshots_on_maps_1_2,,14.5,14.5
,93c97a69-a735-402c-af4a-cc0ff232ee96,nan,nan,headshots_on_maps_1_2,,17.5,17.5
twist,bff8ddb6-88b7-4e86-9209-d8a3a169f294,Gamer,Gamer,kills_on_maps_1_2,,28.5,28.5
twist,bff8ddb6-88b7-4e86-9209-d8a3a169f294,Gamer,Gamer,kills_on_maps_1_2,,36.5,36.5
twist,bff8ddb6-88b7-4e86-9209-d8a3a169f294,Gamer,Gamer,kills_on_maps_1_2,,23.5,23.5
,f4ad1a56-d75c-45de-bae1-9d309c24c494,nan,nan,kills_on_maps_1_2,,42.5,42.5
,f4ad1a56-d75c-45de-bae1-9d309c24c494,nan,nan,kills_on_maps_1_2,,36.5,36.5
twist,bff8ddb6-88b7-4e86-9209-d8a3a169f294,Gamer,Gamer,kills_on_maps_1_2,,30.5,30.5
,f4ad1a56-d75c-45de-bae1-9d309c24c494,nan,nan,kills_on_maps_1_2,,45.5,45.5
twist,bff8ddb6-88b7-4e86-9209-d8a3a169f294,Gamer,Gamer,kills_on_maps_1_2,,34.5,34.5
,f4ad1a56-d75c-45de-bae1-9d309c24c494,nan,nan,headshots_on_maps_1_2,,18.5,18.5
twist,bff8ddb6-88b7-4e86-9209-d8a3a169f294,Gamer,Gamer,headshots_on_maps_1_2,,11.5,11.5
FalleN,974cce85-bfa9-48ce-9a8c-1b251d4ef533,Gamer,Gamer,kills_on_maps_1_2,,33.5,33.5
FalleN,974cce85-bfa9-48ce-9a8c-1b251d4ef533,Gamer,Gamer,kills_on_maps_1_2,,28.5,28.5
FalleN,974cce85-bfa9-48ce-9a8c-1b251d4ef533,Gamer,Gamer,kills_on_maps_1_2,,24.5,24.5
FalleN,974cce85-bfa9-48ce-9a8c-1b251d4ef533,Gamer,Gamer,kills_on_maps_1_2,,30.5,30.5
FalleN,974cce85-bfa9-48ce-9a8c-1b251d4ef533,Gamer,Gamer,kills_on_maps_1_2,,36.5,36.5
Qikert,53cd8160-0633-43d1-87d9-b21892350ec4,Gamer,Gamer,kills_on_maps_1_2,,23.5,23.5
Qikert,53cd8160-0633-43d1-87d9-b21892350ec4,Gamer,Gamer,headshots_on_maps_1_2,,13.5,13.5
FalleN,974cce85-bfa9-48ce-9a8c-1b251d4ef533,Gamer,Gamer,headshots_on_maps_1_2,,13.5,13.5
,4fa9ff0c-4cee-4cb9-a311-f368ee3e6a33,nan,nan,kills_on_maps_1_2,,37.5,37.5
,4fa9ff0c-4cee-4cb9-a311-f368ee3e6a33,nan,nan,kills_on_maps_1_2,,46.5,46.5
,4fa9ff0c-4cee-4cb9-a311-f368ee3e6a33,nan,nan,kills_on_maps_1_2,,43.5,43.5
,7b7c5d6a-d4e5-48fe-8417-3cc26a80defb,nan,nan,kills_on_maps_1_2,,31.5,31.5
Neityu,fd15c0b4-4ee9-4190-ac08-a2cdb0847d3f,Gamer,Gamer,kills_on_maps_1_2,,35.5,35.5
Neityu,fd15c0b4-4ee9-4190-ac08-a2cdb0847d3f,Gamer,Gamer,kills_on_maps_1_2,,38.5,38.5
,67c3eeb9-3458-410e-bceb-b32a109b22f3,nan,nan,kills_on_maps_1_2,,31.5,31.5
Neityu,fd15c0b4-4ee9-4190-ac08-a2cdb0847d3f,Gamer,Gamer,kills_on_maps_1_2,,32.5,32.5
,4fa9ff0c-4cee-4cb9-a311-f368ee3e6a33,nan,nan,kills_on_maps_1_2,,32.5,32.5
Neityu,fd15c0b4-4ee9-4190-ac08-a2cdb0847d3f,Gamer,Gamer,kills_on_maps_1_2,,30.5,30.5
,67c3eeb9-3458-410e-bceb-b32a109b22f3,nan,nan,kills_on_maps_1_2,,44.5,44.5
,67c3eeb9-3458-410e-bceb-b32a109b22f3,nan,nan,kills_on_maps_1_2,,41.5,41.5
,67c3eeb9-3458-410e-bceb-b32a109b22f3,nan,nan,kills_on_maps_1_2,,37.5,37.5
,67c3eeb9-3458-410e-bceb-b32a109b22f3,nan,nan,kills_on_maps_1_2,,35.5,35.5
VLDN,6a2536b6-d923-43fd-ace6-7d7309a46d1b,Gamer,Gamer,kills_on_maps_1_2,,28.5,28.5
Neityu,fd15c0b4-4ee9-4190-ac08-a2cdb0847d3f,Gamer,Gamer,kills_on_maps_1_2,,26.5,26.5
,4fa9ff0c-4cee-4cb9-a311-f368ee3e6a33,nan,nan,kills_on_maps_1_2,,39.5,39.5
VLDN,6a2536b6-d923-43fd-ace6-7d7309a46d1b,Gamer,Gamer,headshots_on_maps_1_2,,14.5,14.5
,7b7c5d6a-d4e5-48fe-8417-3cc26a80defb,nan,nan,headshots_on_maps_1_2,,10.5,10.5
Neityu,fd15c0b4-4ee9-4190-ac08-a2cdb0847d3f,Gamer,Gamer,headshots_on_maps_1_2,,13.5,13.5
,4fa9ff0c-4cee-4cb9-a311-f368ee3e6a33,nan,nan,headshots_on_maps_1_2,,17.5,17.5
,67c3eeb9-3458-410e-bceb-b32a109b22f3,nan,nan,headshots_on_maps_1_2,,16.5,16.5
phzy,c8bc04c3-adb8-45ad-a7a5-3bc1023c8fcb,Gamer,Gamer,kills_on_maps_1_2,,34.5,34.5
Twistzz,fd15c0b4-4ee9-4190-ac08-a2cdb0847d3f,Gamer,Gamer,kills_on_maps_1_2,,33.5,33.5
Twistzz,fd15c0b4-4ee9-4190-ac08-a2cdb0847d3f,Gamer,Gamer,kills_on_maps_1_2,,39.5,39.5
Twistzz,fd15c0b4-4ee9-4190-ac08-a2cdb0847d3f,Gamer,Gamer,kills_on_maps_1_2,,36.5,36.5
phzy,c8bc04c3-adb8-45ad-a7a5-3bc1023c8fcb,Gamer,Gamer,kills_on_maps_1_2,,26.5,26.5
Twistzz,fd15c0b4-4ee9-4190-ac08-a2cdb0847d3f,Gamer,Gamer,kills_on_maps_1_2,,42.5,42.5
phzy,c8bc04c3-adb8-45ad-a7a5-3bc1023c8fcb,Gamer,Gamer,kills_on_maps_1_2,,38.5,38.5
phzy,c8bc04c3-adb8-45ad-a7a5-3bc1023c8fcb,Gamer,Gamer,kills_on_maps_1_2,,41.5,41.5
Twistzz,fd15c0b4-4ee9-4190-ac08-a2cdb0847d3f,Gamer,Gamer,kills_on_maps_1_2,,29.5,29.5
phzy,c8bc04c3-adb8-45ad-a7a5-3bc1023c8fcb,Gamer,Gamer,kills_on_maps_1_2,,32.5,32.5
Twistzz,fd15c0b4-4ee9-4190-ac08-a2cdb0847d3f,Gamer,Gamer,headshots_on_maps_1_2,,18.5,18.5
,9d4d3327-cbac-4913-aef9-0d91ec236f70,nan,nan,kills_on_maps_1_2,,36.5,36.5
,9d4d3327-cbac-4913-aef9-0d91ec236f70,nan,nan,kills_on_maps_1_2,,31.5,31.5
FL1T,f51131d6-6c0c-415f-b171-11721723766a,Gamer,Gamer,kills_on_maps_1_2,,29.5,29.5
,9d4d3327-cbac-4913-aef9-0d91ec236f70,nan,nan,kills_on_maps_1_2,,26.5,26.5
FL1T,f51131d6-6c0c-415f-b171-11721723766a,Gamer,Gamer,kills_on_maps_1_2,,39.5,39.5
FL1T,f51131d6-6c0c-415f-b171-11721723766a,Gamer,Gamer,kills_on_maps_1_2,,35.5,35.5
FL1T,f51131d6-6c0c-415f-b171-11721723766a,Gamer,Gamer,kills_on_maps_1_2,,41.5,41.5
,7b7c5d6a-d4e5-48fe-8417-3cc26a80defb,nan,nan,kills_on_maps_1_2,,26.5,26.5
,9d4d3327-cbac-4913-aef9-0d91ec236f70,nan,nan,kills_on_maps_1_2,,30.5,30.5
FL1T,f51131d6-6c0c-415f-b171-11721723766a,Gamer,Gamer,kills_on_maps_1_2,,33.5,33.5
,9d4d3327-cbac-4913-aef9-0d91ec236f70,nan,nan,headshots_on_maps_1_2,,14.5,14.5
,7b7c5d6a-d4e5-48fe-8417-3cc26a80defb,nan,nan,headshots_on_maps_1_2,,15.5,15.5
,9d4d3327-cbac-4913-aef9-0d91ec236f70,nan,nan,headshots_on_maps_1_2,,15.5,15.5
FL1T,f51131d6-6c0c-415f-b171-11721723766a,Gamer,Gamer,headshots_on_maps_1_2,,14.5,14.5
,67c3eeb9-3458-410e-bceb-b32a109b22f3,nan,nan,kills_on_maps_1_2,,42.5,42.5
,67c3eeb9-3458-410e-bceb-b32a109b22f3,nan,nan,kills_on_maps_1_2,,36.5,36.5
,67c3eeb9-3458-410e-bceb-b32a109b22f3,nan,nan,kills_on_maps_1_2,,38.5,38.5
ultimate,3bf7b25f-6399-462d-b70b-2efc8f922d8a,Gamer,Gamer,kills_on_maps_1_2,,27.5,27.5
,67c3eeb9-3458-410e-bceb-b32a109b22f3,nan,nan,headshots_on_maps_1_2,,14.5,14.5
AW,7de0ff53-0165-4e7a-998c-af94d455658a,Gamer,Gamer,kills_on_maps_1_2,,33.5,33.5
AW,7de0ff53-0165-4e7a-998c-af94d455658a,Gamer,Gamer,kills_on_maps_1_2,,36.5,36.5
yuurih,974cce85-bfa9-48ce-9a8c-1b251d4ef533,Gamer,Gamer,kills_on_maps_1_2,,35.5,35.5
yuurih,974cce85-bfa9-48ce-9a8c-1b251d4ef533,Gamer,Gamer,kills_on_maps_1_2,,32.5,32.5
yuurih,974cce85-bfa9-48ce-9a8c-1b251d4ef533,Gamer,Gamer,kills_on_maps_1_2,,38.5,38.5
yuurih,974cce85-bfa9-48ce-9a8c-1b251d4ef533,Gamer,Gamer,kills_on_maps_1_2,,30.5,30.5
AW,7de0ff53-0165-4e7a-998c-af94d455658a,Gamer,Gamer,kills_on_maps_1_2,,25.5,25.5
AW,7de0ff53-0165-4e7a-998c-af94d455658a,Gamer,Gamer,kills_on_maps_1_2,,30.5,30.5
yuurih,974cce85-bfa9-48ce-9a8c-1b251d4ef533,Gamer,Gamer,kills_on_maps_1_2,,25.5,25.5
AW,7de0ff53-0165-4e7a-998c-af94d455658a,Gamer,Gamer,kills_on_maps_1_2,,39.5,39.5
yuurih,974cce85-bfa9-48ce-9a8c-1b251d4ef533,Gamer,Gamer,headshots_on_maps_1_2,,12.5,12.5
AW,7de0ff53-0165-4e7a-998c-af94d455658a,Gamer,Gamer,headshots_on_maps_1_2,,14.5,14.5
try,67c3eeb9-3458-410e-bceb-b32a109b22f3,Gamer,Gamer,kills_on_maps_1_2,,45.5,45.5
try,67c3eeb9-3458-410e-bceb-b32a109b22f3,Gamer,Gamer,kills_on_maps_1_2,,33.5,33.5
try,67c3eeb9-3458-410e-bceb-b32a109b22f3,Gamer,Gamer,kills_on_maps_1_2,,42.5,42.5
try,67c3eeb9-3458-410e-bceb-b32a109b22f3,Gamer,Gamer,kills_on_maps_1_2,,36.5,36.5
try,67c3eeb9-3458-410e-bceb-b32a109b22f3,Gamer,Gamer,kills_on_maps_1_2,,39.5,39.5
Leomonster,5c5d82e5-857f-44fd-b92a-0530f7f3b80e,Gamer,Gamer,kills_on_maps_1_2,,23.5,23.5
try,67c3eeb9-3458-410e-bceb-b32a109b22f3,Gamer,Gamer,headshots_on_maps_1_2,,10.5,10.5
Leomonster,5c5d82e5-857f-44fd-b92a-0530f7f3b80e,Gamer,Gamer,headshots_on_maps_1_2,,13.5,13.5
FL4MUS,bfbfb68b-1d19-45a6-9ac0-88952ce2af54,Gamer,Gamer,kills_on_maps_1_2,,38.5,38.5
FL4MUS,bfbfb68b-1d19-45a6-9ac0-88952ce2af54,Gamer,Gamer,kills_on_maps_1_2,,32.5,32.5
FL4MUS,bfbfb68b-1d19-45a6-9ac0-88952ce2af54,Gamer,Gamer,kills_on_maps_1_2,,41.5,41.5
FL4MUS,bfbfb68b-1d19-45a6-9ac0-88952ce2af54,Gamer,Gamer,kills_on_maps_1_2,,26.5,26.5
,c8bc04c3-adb8-45ad-a7a5-3bc1023c8fcb,nan,nan,kills_on_maps_1_2,,44.5,44.5
,c8bc04c3-adb8-45ad-a7a5-3bc1023c8fcb,nan,nan,kills_on_maps_1_2,,41.5,41.5
,c8bc04c3-adb8-45ad-a7a5-3bc1023c8fcb,nan,nan,kills_on_maps_1_2,,35.5,35.5
FL4MUS,bfbfb68b-1d19-45a6-9ac0-88952ce2af54,Gamer,Gamer,kills_on_maps_1_2,,35.5,35.5
,c8bc04c3-adb8-45ad-a7a5-3bc1023c8fcb,nan,nan,headshots_on_maps_1_2,,16.5,16.5
FL4MUS,bfbfb68b-1d19-45a6-9ac0-88952ce2af54,Gamer,Gamer,headshots_on_maps_1_2,,15.5,15.5
cobrazera,2b4b8439-4aa4-4100-a616-1899813cc108,Gamer,Gamer,kills_on_maps_1_2,,35.5,35.5
s1ren,4fa9ff0c-4cee-4cb9-a311-f368ee3e6a33,Gamer,Gamer,kills_on_maps_1_2,,39.5,39.5
s1ren,4fa9ff0c-4cee-4cb9-a311-f368ee3e6a33,Gamer,Gamer,kills_on_maps_1_2,,27.5,27.5
cobrazera,2b4b8439-4aa4-4100-a616-1899813cc108,Gamer,Gamer,kills_on_maps_1_2,,29.5,29.5
cobrazera,2b4b8439-4aa4-4100-a616-1899813cc108,Gamer,Gamer,kills_on_maps_1_2,,41.5,41.5
s1ren,4fa9ff0c-4cee-4cb9-a311-f368ee3e6a33,Gamer,Gamer,kills_on_maps_1_2,,31.5,31.5
s1ren,4fa9ff0c-4cee-4cb9-a311-f368ee3e6a33,Gamer,Gamer,kills_on_maps_1_2,,33.5,33.5
s1ren,4fa9ff0c-4cee-4cb9-a311-f368ee3e6a33,Gamer,Gamer,kills_on_maps_1_2,,37.5,37.5
cobrazera,2b4b8439-4aa4-4100-a616-1899813cc108,Gamer,Gamer,kills_on_maps_1_2,,33.5,33.5
cobrazera,2b4b8439-4aa4-4100-a616-1899813cc108,Gamer,Gamer,kills_on_maps_1_2,,38.5,38.5
s1ren,4fa9ff0c-4cee-4cb9-a311-f368ee3e6a33,Gamer,Gamer,headshots_on_maps_1_2,,15.5,15.5
cobrazera,2b4b8439-4aa4-4100-a616-1899813cc108,Gamer,Gamer,headshots_on_maps_1_2,,16.5,16.5
arT,67c3eeb9-3458-410e-bceb-b32a109b22f3,Gamer,Gamer,kills_on_maps_1_2,,25.5,25.5
arT,67c3eeb9-3458-410e-bceb-b32a109b22f3,Gamer,Gamer,kills_on_maps_1_2,,36.5,36.5
arT,67c3eeb9-3458-410e-bceb-b32a109b22f3,Gamer,Gamer,kills_on_maps_1_2,,34.5,34.5
arT,67c3eeb9-3458-410e-bceb-b32a109b22f3,Gamer,Gamer,kills_on_maps_1_2,,30.5,30.5
arT,67c3eeb9-3458-410e-bceb-b32a109b22f3,Gamer,Gamer,kills_on_maps_1_2,,28.5,28.5
,f4ad1a56-d75c-45de-bae1-9d309c24c494,nan,nan,kills_on_maps_1_2,,34.5,34.5
,f4ad1a56-d75c-45de-bae1-9d309c24c494,nan,nan,kills_on_maps_1_2,,40.5,40.5
arT,67c3eeb9-3458-410e-bceb-b32a109b22f3,Gamer,Gamer,headshots_on_maps_1_2,,12.5,12.5
,f4ad1a56-d75c-45de-bae1-9d309c24c494,nan,nan,headshots_on_maps_1_2,,14.5,14.5
hypex,bfbfb68b-1d19-45a6-9ac0-88952ce2af54,Gamer,Gamer,kills_on_maps_1_2,,30.5,30.5
hypex,bfbfb68b-1d19-45a6-9ac0-88952ce2af54,Gamer,Gamer,kills_on_maps_1_2,,36.5,36.5
tENZY,7de0ff53-0165-4e7a-998c-af94d455658a,Gamer,Gamer,kills_on_maps_1_2,,28.5,28.5
hypex,bfbfb68b-1d19-45a6-9ac0-88952ce2af54,Gamer,Gamer,kills_on_maps_1_2,,39.5,39.5
meyern,4765731c-83e3-4b05-b3d7-4a37a4c1abad,Gamer,Gamer,kills_on_maps_1_2,,30.5,30.5
meyern,4765731c-83e3-4b05-b3d7-4a37a4c1abad,Gamer,Gamer,kills_on_maps_1_2,,32.5,32.5
meyern,4765731c-83e3-4b05-b3d7-4a37a4c1abad,Gamer,Gamer,kills_on_maps_1_2,,38.5,38.5
meyern,4765731c-83e3-4b05-b3d7-4a37a4c1abad,Gamer,Gamer,kills_on_maps_1_2,,36.5,36.5
meyern,4765731c-83e3-4b05-b3d7-4a37a4c1abad,Gamer,Gamer,kills_on_maps_1_2,,26.5,26.5
hypex,bfbfb68b-1d19-45a6-9ac0-88952ce2af54,Gamer,Gamer,kills_on_maps_1_2,,33.5,33.5
hypex,bfbfb68b-1d19-45a6-9ac0-88952ce2af54,Gamer,Gamer,kills_on_maps_1_2,,24.5,24.5
tENZY,7de0ff53-0165-4e7a-998c-af94d455658a,Gamer,Gamer,kills_on_maps_1_2,,34.5,34.5
tENZY,7de0ff53-0165-4e7a-998c-af94d455658a,Gamer,Gamer,kills_on_maps_1_2,,40.5,40.5
tENZY,7de0ff53-0165-4e7a-998c-af94d455658a,Gamer,Gamer,kills_on_maps_1_2,,36.5,36.5
tENZY,7de0ff53-0165-4e7a-998c-af94d455658a,Gamer,Gamer,kills_on_maps_1_2,,43.5,43.5
meyern,4765731c-83e3-4b05-b3d7-4a37a4c1abad,Gamer,Gamer,headshots_on_maps_1_2,,10.5,10.5
hypex,bfbfb68b-1d19-45a6-9ac0-88952ce2af54,Gamer,Gamer,headshots_on_maps_1_2,,9.5,9.5
tENZY,7de0ff53-0165-4e7a-998c-af94d455658a,Gamer,Gamer,headshots_on_maps_1_2,,18.5,18.5
YEKINDAR,974cce85-bfa9-48ce-9a8c-1b251d4ef533,Gamer,Gamer,kills_on_maps_1_2,,29.5,29.5
YEKINDAR,974cce85-bfa9-48ce-9a8c-1b251d4ef533,Gamer,Gamer,kills_on_maps_1_2,,33.5,33.5
YEKINDAR,974cce85-bfa9-48ce-9a8c-1b251d4ef533,Gamer,Gamer,kills_on_maps_1_2,,39.5,39.5
YEKINDAR,974cce85-bfa9-48ce-9a8c-1b251d4ef533,Gamer,Gamer,kills_on_maps_1_2,,42.5,42.5
YEKINDAR,974cce85-bfa9-48ce-9a8c-1b251d4ef533,Gamer,Gamer,kills_on_maps_1_2,,36.5,36.5
YEKINDAR,974cce85-bfa9-48ce-9a8c-1b251d4ef533,Gamer,Gamer,headshots_on_maps_1_2,,18.5,18.5
upE,bff8ddb6-88b7-4e86-9209-d8a3a169f294,Gamer,Gamer,kills_on_maps_1_2,,28.5,28.5
MaSval,7de0ff53-0165-4e7a-998c-af94d455658a,Gamer,Gamer,kills_on_maps_1_2,,37.5,37.5
upE,bff8ddb6-88b7-4e86-9209-d8a3a169f294,Gamer,Gamer,kills_on_maps_1_2,,26.5,26.5
upE,bff8ddb6-88b7-4e86-9209-d8a3a169f294,Gamer,Gamer,kills_on_maps_1_2,,32.5,32.5
MaSval,7de0ff53-0165-4e7a-998c-af94d455658a,Gamer,Gamer,kills_on_maps_1_2,,25.5,25.5
MaSval,7de0ff53-0165-4e7a-998c-af94d455658a,Gamer,Gamer,kills_on_maps_1_2,,33.5,33.5
upE,bff8ddb6-88b7-4e86-9209-d8a3a169f294,Gamer,Gamer,kills_on_maps_1_2,,34.5,34.5
MaSval,7de0ff53-0165-4e7a-998c-af94d455658a,Gamer,Gamer,kills_on_maps_1_2,,39.5,39.5
upE,bff8ddb6-88b7-4e86-9209-d8a3a169f294,Gamer,Gamer,kills_on_maps_1_2,,22.5,22.5
MaSval,7de0ff53-0165-4e7a-998c-af94d455658a,Gamer,Gamer,kills_on_maps_1_2,,31.5,31.5
robo,7b7c5d6a-d4e5-48fe-8417-3cc26a80defb,Gamer,Gamer,kills_on_maps_1_2,,28.5,28.5
robo,7b7c5d6a-d4e5-48fe-8417-3cc26a80defb,Gamer,Gamer,headshots_on_maps_1_2,,15.5,15.5
upE,bff8ddb6-88b7-4e86-9209-d8a3a169f294,Gamer,Gamer,headshots_on_maps_1_2,,12.5,12.5
MaSval,7de0ff53-0165-4e7a-998c-af94d455658a,Gamer,Gamer,headshots_on_maps_1_2,,14.5,14.5
luchov,4765731c-83e3-4b05-b3d7-4a37a4c1abad,Gamer,Gamer,kills_on_maps_1_2,,45.5,45.5
luchov,4765731c-83e3-4b05-b3d7-4a37a4c1abad,Gamer,Gamer,kills_on_maps_1_2,,42.5,42.5
n1ssim,67c3eeb9-3458-410e-bceb-b32a109b22f3,Gamer,Gamer,kills_on_maps_1_2,,29.5,29.5
n1ssim,67c3eeb9-3458-410e-bceb-b32a109b22f3,Gamer,Gamer,kills_on_maps_1_2,,36.5,36.5
luchov,4765731c-83e3-4b05-b3d7-4a37a4c1abad,Gamer,Gamer,kills_on_maps_1_2,,38.5,38.5
luchov,4765731c-83e3-4b05-b3d7-4a37a4c1abad,Gamer,Gamer,kills_on_maps_1_2,,31.5,31.5
n1ssim,67c3eeb9-3458-410e-bceb-b32a109b22f3,Gamer,Gamer,kills_on_maps_1_2,,26.5,26.5
n1ssim,67c3eeb9-3458-410e-bceb-b32a109b22f3,Gamer,Gamer,kills_on_maps_1_2,,31.5,31.5
luchov,4765731c-83e3-4b05-b3d7-4a37a4c1abad,Gamer,Gamer,kills_on_maps_1_2,,36.5,36.5
n1ssim,67c3eeb9-3458-410e-bceb-b32a109b22f3,Gamer,Gamer,kills_on_maps_1_2,,34.5,34.5
luchov,4765731c-83e3-4b05-b3d7-4a37a4c1abad,Gamer,Gamer,headshots_on_maps_1_2,,19.5,19.5
n1ssim,67c3eeb9-3458-410e-bceb-b32a109b22f3,Gamer,Gamer,headshots_on_maps_1_2,,14.5,14.5
zorte,4fa9ff0c-4cee-4cb9-a311-f368ee3e6a33,Gamer,Gamer,kills_on_maps_1_2,,40.5,40.5
zorte,4fa9ff0c-4cee-4cb9-a311-f368ee3e6a33,Gamer,Gamer,kills_on_maps_1_2,,36.5,36.5
zorte,4fa9ff0c-4cee-4cb9-a311-f368ee3e6a33,Gamer,Gamer,kills_on_maps_1_2,,42.5,42.5
zorte,4fa9ff0c-4cee-4cb9-a311-f368ee3e6a33,Gamer,Gamer,kills_on_maps_1_2,,34.5,34.5
zorte,4fa9ff0c-4cee-4cb9-a311-f368ee3e6a33,Gamer,Gamer,kills_on_maps_1_2,,29.5,29.5
zorte,4fa9ff0c-4cee-4cb9-a311-f368ee3e6a33,Gamer,Gamer,headshots_on_maps_1_2,,8.5,8.5
KaiR0N,7b7c5d6a-d4e5-48fe-8417-3cc26a80defb,Gamer,Gamer,kills_on_maps_1_2,,32.5,32.5
KaiR0N,7b7c5d6a-d4e5-48fe-8417-3cc26a80defb,Gamer,Gamer,headshots_on_maps_1_2,,18.5,18.5
venomzera,f4ad1a56-d75c-45de-bae1-9d309c24c494,Gamer,Gamer,kills_on_maps_1_2,,33.5,33.5
venomzera,f4ad1a56-d75c-45de-bae1-9d309c24c494,Gamer,Gamer,kills_on_maps_1_2,,39.5,39.5
venomzera,f4ad1a56-d75c-45de-bae1-9d309c24c494,Gamer,Gamer,kills_on_maps_1_2,,31.5,31.5
zmb,5c5d82e5-857f-44fd-b92a-0530f7f3b80e,Gamer,Gamer,kills_on_maps_1_2,,24.5,24.5
venomzera,f4ad1a56-d75c-45de-bae1-9d309c24c494,Gamer,Gamer,kills_on_maps_1_2,,27.5,27.5
venomzera,f4ad1a56-d75c-45de-bae1-9d309c24c494,Gamer,Gamer,kills_on_maps_1_2,,37.5,37.5
venomzera,f4ad1a56-d75c-45de-bae1-9d309c24c494,Gamer,Gamer,headshots_on_maps_1_2,,15.5,15.5
zmb,5c5d82e5-857f-44fd-b92a-0530f7f3b80e,Gamer,Gamer,headshots_on_maps_1_2,,14.5,14.5
Prism,3bf7b25f-6399-462d-b70b-2efc8f922d8a,Gamer,Gamer,kills_on_maps_1_2,,27.5,27.5
Prism,3bf7b25f-6399-462d-b70b-2efc8f922d8a,Gamer,Gamer,headshots_on_maps_1_2,,14.5,14.5
,43286725-96ca-4e9e-b2b9-609d40c0cfd4,nan,nan,kills_on_maps_1_2,,31.5,31.5
,43286725-96ca-4e9e-b2b9-609d40c0cfd4,nan,nan,headshots_on_maps_1_2,,15.5,15.5
max,4765731c-83e3-4b05-b3d7-4a37a4c1abad,Gamer,Gamer,kills_on_maps_1_2,,28.5,28.5
max,4765731c-83e3-4b05-b3d7-4a37a4c1abad,Gamer,Gamer,kills_on_maps_1_2,,24.5,24.5
max,4765731c-83e3-4b05-b3d7-4a37a4c1abad,Gamer,Gamer,kills_on_maps_1_2,,35.5,35.5
max,4765731c-83e3-4b05-b3d7-4a37a4c1abad,Gamer,Gamer,kills_on_maps_1_2,,33.5,33.5
max,4765731c-83e3-4b05-b3d7-4a37a4c1abad,Gamer,Gamer,kills_on_maps_1_2,,30.5,30.5
max,4765731c-83e3-4b05-b3d7-4a37a4c1abad,Gamer,Gamer,headshots_on_maps_1_2,,12.5,12.5
,56a85577-4a3b-4562-b610-bab0aab157e0,nan,nan,kills_on_maps_1_2,,31.5,31.5
,56a85577-4a3b-4562-b610-bab0aab157e0,nan,nan,headshots_on_maps_1_2,,18.5,18.5
Snax,bfbfb68b-1d19-45a6-9ac0-88952ce2af54,Gamer,Gamer,kills_on_maps_1_2,,33.5,33.5
Snax,bfbfb68b-1d19-45a6-9ac0-88952ce2af54,Gamer,Gamer,kills_on_maps_1_2,,31.5,31.5
Snax,bfbfb68b-1d19-45a6-9ac0-88952ce2af54,Gamer,Gamer,kills_on_maps_1_2,,20.5,20.5
Snax,bfbfb68b-1d19-45a6-9ac0-88952ce2af54,Gamer,Gamer,kills_on_maps_1_2,,25.5,25.5
Snax,bfbfb68b-1d19-45a6-9ac0-88952ce2af54,Gamer,Gamer,kills_on_maps_1_2,,27.5,27.5
Snax,bfbfb68b-1d19-45a6-9ac0-88952ce2af54,Gamer,Gamer,headshots_on_maps_1_2,,9.5,9.5
Tauson,bfbfb68b-1d19-45a6-9ac0-88952ce2af54,Gamer,Gamer,kills_on_maps_1_2,,32.5,32.5
JBOEN,fd15c0b4-4ee9-4190-ac08-a2cdb0847d3f,Gamer,Gamer,kills_on_maps_1_2,,44.5,44.5
JBOEN,fd15c0b4-4ee9-4190-ac08-a2cdb0847d3f,Gamer,Gamer,kills_on_maps_1_2,,35.5,35.5
JBOEN,fd15c0b4-4ee9-4190-ac08-a2cdb0847d3f,Gamer,Gamer,kills_on_maps_1_2,,41.5,41.5
JBOEN,fd15c0b4-4ee9-4190-ac08-a2cdb0847d3f,Gamer,Gamer,kills_on_maps_1_2,,38.5,38.5
Tauson,bfbfb68b-1d19-45a6-9ac0-88952ce2af54,Gamer,Gamer,kills_on_maps_1_2,,23.5,23.5
JBOEN,fd15c0b4-4ee9-4190-ac08-a2cdb0847d3f,Gamer,Gamer,kills_on_maps_1_2,,32.5,32.5
Tauson,bfbfb68b-1d19-45a6-9ac0-88952ce2af54,Gamer,Gamer,kills_on_maps_1_2,,30.5,30.5
Tauson,bfbfb68b-1d19-45a6-9ac0-88952ce2af54,Gamer,Gamer,kills_on_maps_1_2,,38.5,38.5
Tauson,bfbfb68b-1d19-45a6-9ac0-88952ce2af54,Gamer,Gamer,kills_on_maps_1_2,,36.5,36.5
Tauson,bfbfb68b-1d19-45a6-9ac0-88952ce2af54,Gamer,Gamer,headshots_on_maps_1_2,,11.5,11.5
JBOEN,fd15c0b4-4ee9-4190-ac08-a2cdb0847d3f,Gamer,Gamer,headshots_on_maps_1_2,,11.5,11.5
LNZ,f4ad1a56-d75c-45de-bae1-9d309c24c494,Gamer,Gamer,kills_on_maps_1_2,,28.5,28.5
LNZ,f4ad1a56-d75c-45de-bae1-9d309c24c494,Gamer,Gamer,kills_on_maps_1_2,,30.5,30.5
LNZ,f4ad1a56-d75c-45de-bae1-9d309c24c494,Gamer,Gamer,kills_on_maps_1_2,,35.5,35.5
LNZ,f4ad1a56-d75c-45de-bae1-9d309c24c494,Gamer,Gamer,kills_on_maps_1_2,,33.5,33.5
LNZ,f4ad1a56-d75c-45de-bae1-9d309c24c494,Gamer,Gamer,kills_on_maps_1_2,,24.5,24.5
LNZ,f4ad1a56-d75c-45de-bae1-9d309c24c494,Gamer,Gamer,headshots_on_maps_1_2,,13.5,13.5
boombl4,4fa9ff0c-4cee-4cb9-a311-f368ee3e6a33,Gamer,Gamer,kills_on_maps_1_2,,37.5,37.5
boombl4,4fa9ff0c-4cee-4cb9-a311-f368ee3e6a33,Gamer,Gamer,kills_on_maps_1_2,,31.5,31.5
boombl4,4fa9ff0c-4cee-4cb9-a311-f368ee3e6a33,Gamer,Gamer,kills_on_maps_1_2,,25.5,25.5
syph0,7b7c5d6a-d4e5-48fe-8417-3cc26a80defb,Gamer,Gamer,kills_on_maps_1_2,,29.5,29.5
boombl4,4fa9ff0c-4cee-4cb9-a311-f368ee3e6a33,Gamer,Gamer,kills_on_maps_1_2,,29.5,29.5
dwushka,43286725-96ca-4e9e-b2b9-609d40c0cfd4,Gamer,Gamer,kills_on_maps_1_2,,31.5,31.5
boombl4,4fa9ff0c-4cee-4cb9-a311-f368ee3e6a33,Gamer,Gamer,kills_on_maps_1_2,,34.5,34.5
dwushka,43286725-96ca-4e9e-b2b9-609d40c0cfd4,Gamer,Gamer,headshots_on_maps_1_2,,18.5,18.5
syph0,7b7c5d6a-d4e5-48fe-8417-3cc26a80defb,Gamer,Gamer,headshots_on_maps_1_2,,15.5,15.5
boombl4,4fa9ff0c-4cee-4cb9-a311-f368ee3e6a33,Gamer,Gamer,headshots_on_maps_1_2,,11.5,11.5
sFade8,7de0ff53-0165-4e7a-998c-af94d455658a,Gamer,Gamer,kills_on_maps_1_2,,24.5,24.5
sFade8,7de0ff53-0165-4e7a-998c-af94d455658a,Gamer,Gamer,kills_on_maps_1_2,,31.5,31.5
sFade8,7de0ff53-0165-4e7a-998c-af94d455658a,Gamer,Gamer,kills_on_maps_1_2,,35.5,35.5
sFade8,7de0ff53-0165-4e7a-998c-af94d455658a,Gamer,Gamer,kills_on_maps_1_2,,37.5,37.5
sFade8,7de0ff53-0165-4e7a-998c-af94d455658a,Gamer,Gamer,kills_on_maps_1_2,,29.5,29.5
Oz1k,53cd8160-0633-43d1-87d9-b21892350ec4,Gamer,Gamer,kills_on_maps_1_2,,28.5,28.5
sFade8,7de0ff53-0165-4e7a-998c-af94d455658a,Gamer,Gamer,headshots_on_maps_1_2,,14.5,14.5
Oz1k,53cd8160-0633-43d1-87d9-b21892350ec4,Gamer,Gamer,headshots_on_maps_1_2,,16.5,16.5
demho,3bf7b25f-6399-462d-b70b-2efc8f922d8a,Gamer,Gamer,kills_on_maps_1_2,,26.5,26.5
kelieN,3a1b77bd-f0b1-4ac7-9a66-a77398bf7085,Gamer,Gamer,kills_on_maps_1_2,,26.5,26.5
demho,3bf7b25f-6399-462d-b70b-2efc8f922d8a,Gamer,Gamer,headshots_on_maps_1_2,,11.5,11.5
kelieN,3a1b77bd-f0b1-4ac7-9a66-a77398bf7085,Gamer,Gamer,headshots_on_maps_1_2,,13.5,13.5
,4765731c-83e3-4b05-b3d7-4a37a4c1abad,nan,nan,kills_on_maps_1_2,,37.5,37.5
,4765731c-83e3-4b05-b3d7-4a37a4c1abad,nan,nan,kills_on_maps_1_2,,35.5,35.5
,4765731c-83e3-4b05-b3d7-4a37a4c1abad,nan,nan,kills_on_maps_1_2,,41.5,41.5
,4765731c-83e3-4b05-b3d7-4a37a4c1abad,nan,nan,kills_on_maps_1_2,,44.5,44.5
n0rb3r7,43286725-96ca-4e9e-b2b9-609d40c0cfd4,Gamer,Gamer,kills_on_maps_1_2,,28.5,28.5
,4765731c-83e3-4b05-b3d7-4a37a4c1abad,nan,nan,kills_on_maps_1_2,,31.5,31.5
,4765731c-83e3-4b05-b3d7-4a37a4c1abad,nan,nan,headshots_on_maps_1_2,,16.5,16.5
n0rb3r7,43286725-96ca-4e9e-b2b9-609d40c0cfd4,Gamer,Gamer,headshots_on_maps_1_2,,15.5,15.5
ariucle,30795331-26d2-4db3-ab65-1fc3669678eb,Gamer,Gamer,kills_on_maps_1_2,,29.5,29.5
ariucle,30795331-26d2-4db3-ab65-1fc3669678eb,Gamer,Gamer,kills_on_maps_1_2,,32.5,32.5
ariucle,30795331-26d2-4db3-ab65-1fc3669678eb,Gamer,Gamer,kills_on_maps_1_2,,26.5,26.5
ariucle,30795331-26d2-4db3-ab65-1fc3669678eb,Gamer,Gamer,kills_on_maps_1_2,,24.5,24.5
ariucle,30795331-26d2-4db3-ab65-1fc3669678eb,Gamer,Gamer,kills_on_maps_1_2,,18.5,18.5
ariucle,30795331-26d2-4db3-ab65-1fc3669678eb,Gamer,Gamer,headshots_on_maps_1_2,,12.5,12.5
neuz,30795331-26d2-4db3-ab65-1fc3669678eb,Gamer,Gamer,kills_on_maps_1_2,,27.5,27.5
neuz,30795331-26d2-4db3-ab65-1fc3669678eb,Gamer,Gamer,kills_on_maps_1_2,,30.5,30.5
neuz,30795331-26d2-4db3-ab65-1fc3669678eb,Gamer,Gamer,kills_on_maps_1_2,,34.5,34.5
cronuss,53cd8160-0633-43d1-87d9-b21892350ec4,Gamer,Gamer,kills_on_maps_1_2,,30.5,30.5
neuz,30795331-26d2-4db3-ab65-1fc3669678eb,Gamer,Gamer,kills_on_maps_1_2,,22.5,22.5
neuz,30795331-26d2-4db3-ab65-1fc3669678eb,Gamer,Gamer,kills_on_maps_1_2,,37.5,37.5
cronuss,53cd8160-0633-43d1-87d9-b21892350ec4,Gamer,Gamer,headshots_on_maps_1_2,,18.5,18.5
neuz,30795331-26d2-4db3-ab65-1fc3669678eb,Gamer,Gamer,headshots_on_maps_1_2,,13.5,13.5
Pump,33a58c1b-5c72-4e16-a2f9-8e2d3e6ad6f0,Gamer,Gamer,kills_on_maps_1_2,,26.5,26.5
Pump,33a58c1b-5c72-4e16-a2f9-8e2d3e6ad6f0,Gamer,Gamer,headshots_on_maps_1_2,,15.5,15.5
,7de0ff53-0165-4e7a-998c-af94d455658a,nan,nan,kills_on_maps_1_2,,37.5,37.5
,7de0ff53-0165-4e7a-998c-af94d455658a,nan,nan,kills_on_maps_1_2,,40.5,40.5
,7de0ff53-0165-4e7a-998c-af94d455658a,nan,nan,kills_on_maps_1_2,,34.5,34.5
,7de0ff53-0165-4e7a-998c-af94d455658a,nan,nan,kills_on_maps_1_2,,26.5,26.5
,7de0ff53-0165-4e7a-998c-af94d455658a,nan,nan,kills_on_maps_1_2,,31.5,31.5
,7de0ff53-0165-4e7a-998c-af94d455658a,nan,nan,headshots_on_maps_1_2,,10.5,10.5
HooXi,c8bc04c3-adb8-45ad-a7a5-3bc1023c8fcb,Gamer,Gamer,kills_on_maps_1_2,,28.5,28.5
HooXi,c8bc04c3-adb8-45ad-a7a5-3bc1023c8fcb,Gamer,Gamer,kills_on_maps_1_2,,21.5,21.5
HooXi,c8bc04c3-adb8-45ad-a7a5-3bc1023c8fcb,Gamer,Gamer,kills_on_maps_1_2,,34.5,34.5
HooXi,c8bc04c3-adb8-45ad-a7a5-3bc1023c8fcb,Gamer,Gamer,kills_on_maps_1_2,,27.5,27.5
HooXi,c8bc04c3-adb8-45ad-a7a5-3bc1023c8fcb,Gamer,Gamer,kills_on_maps_1_2,,32.5,32.5
HooXi,c8bc04c3-adb8-45ad-a7a5-3bc1023c8fcb,Gamer,Gamer,headshots_on_maps_1_2,,11.5,11.5
neaLaN,33a58c1b-5c72-4e16-a2f9-8e2d3e6ad6f0,Gamer,Gamer,kills_on_maps_1_2,,25.5,25.5
neaLaN,33a58c1b-5c72-4e16-a2f9-8e2d3e6ad6f0,Gamer,Gamer,headshots_on_maps_1_2,,14.5,14.5
hoolig4n,30795331-26d2-4db3-ab65-1fc3669678eb,Gamer,Gamer,kills_on_maps_1_2,,38.5,38.5
hoolig4n,30795331-26d2-4db3-ab65-1fc3669678eb,Gamer,Gamer,kills_on_maps_1_2,,23.5,23.5
hoolig4n,30795331-26d2-4db3-ab65-1fc3669678eb,Gamer,Gamer,kills_on_maps_1_2,,29.5,29.5
hoolig4n,30795331-26d2-4db3-ab65-1fc3669678eb,Gamer,Gamer,kills_on_maps_1_2,,35.5,35.5
hoolig4n,30795331-26d2-4db3-ab65-1fc3669678eb,Gamer,Gamer,kills_on_maps_1_2,,31.5,31.5
,56a85577-4a3b-4562-b610-bab0aab157e0,nan,nan,kills_on_maps_1_2,,28.5,28.5
kade0,43286725-96ca-4e9e-b2b9-609d40c0cfd4,Gamer,Gamer,kills_on_maps_1_2,,27.5,27.5
,56a85577-4a3b-4562-b610-bab0aab157e0,nan,nan,headshots_on_maps_1_2,,9.5,9.5
kade0,43286725-96ca-4e9e-b2b9-609d40c0cfd4,Gamer,Gamer,headshots_on_maps_1_2,,14.5,14.5
latt1kk,53cd8160-0633-43d1-87d9-b21892350ec4,Gamer,Gamer,kills_on_maps_1_2,,32.5,32.5
latt1kk,53cd8160-0633-43d1-87d9-b21892350ec4,Gamer,Gamer,headshots_on_maps_1_2,,10.5,10.5
MahaR,f91d4411-f8d7-4309-b918-3dc811d93879,Gamer,Gamer,kills_on_maps_1_2,,28.5,28.5
MahaR,f91d4411-f8d7-4309-b918-3dc811d93879,Gamer,Gamer,headshots_on_maps_1_2,,16.5,16.5
,b9347a51-76a3-492b-9b20-834b26264fa4,nan,nan,kills_on_maps_1_2,,33.5,33.5
,b9347a51-76a3-492b-9b20-834b26264fa4,nan,nan,headshots_on_maps_1_2,,11.5,11.5
,56a85577-4a3b-4562-b610-bab0aab157e0,nan,nan,kills_on_maps_1_2,,27.5,27.5
,56a85577-4a3b-4562-b610-bab0aab157e0,nan,nan,headshots_on_maps_1_2,,16.5,16.5
,b9347a51-76a3-492b-9b20-834b26264fa4,nan,nan,kills_on_maps_1_2,,31.5,31.5
Qlocuu,3bf7b25f-6399-462d-b70b-2efc8f922d8a,Gamer,Gamer,kills_on_maps_1_2,,28.5,28.5
Qlocuu,3bf7b25f-6399-462d-b70b-2efc8f922d8a,Gamer,Gamer,headshots_on_maps_1_2,,15.5,15.5
rate,30795331-26d2-4db3-ab65-1fc3669678eb,Gamer,Gamer,kills_on_maps_1_2,,21.5,21.5
rate,30795331-26d2-4db3-ab65-1fc3669678eb,Gamer,Gamer,kills_on_maps_1_2,,35.5,35.5
rate,30795331-26d2-4db3-ab65-1fc3669678eb,Gamer,Gamer,kills_on_maps_1_2,,25.5,25.5
rate,30795331-26d2-4db3-ab65-1fc3669678eb,Gamer,Gamer,kills_on_maps_1_2,,32.5,32.5
rate,30795331-26d2-4db3-ab65-1fc3669678eb,Gamer,Gamer,kills_on_maps_1_2,,28.5,28.5
rate,30795331-26d2-4db3-ab65-1fc3669678eb,Gamer,Gamer,headshots_on_maps_1_2,,11.5,11.5
,b9347a51-76a3-492b-9b20-834b26264fa4,nan,nan,kills_on_maps_1_2,,29.5,29.5
EMSTAR,ead6c989-41c3-43c5-9f6f-335548116f30,Gamer,Gamer,kills_on_maps_1_2,,30.5,30.5
EMSTAR,ead6c989-41c3-43c5-9f6f-335548116f30,Gamer,Gamer,headshots_on_maps_1_2,,18.5,18.5
,b9347a51-76a3-492b-9b20-834b26264fa4,nan,nan,headshots_on_maps_1_2,,18.5,18.5
,ead6c989-41c3-43c5-9f6f-335548116f30,nan,nan,kills_on_maps_1_2,,25.5,25.5
huNter-,93c97a69-a735-402c-af4a-cc0ff232ee96,Gamer,Gamer,kills_on_maps_1_2,,27.5,27.5
,3a1b77bd-f0b1-4ac7-9a66-a77398bf7085,nan,nan,kills_on_maps_1_2,,29.5,29.5
,2b4b8439-4aa4-4100-a616-1899813cc108,nan,nan,kills_on_maps_1_2,,28.5,28.5
tasman,33a58c1b-5c72-4e16-a2f9-8e2d3e6ad6f0,Gamer,Gamer,kills_on_maps_1_2,,30.5,30.5
reyoz,53cd8160-0633-43d1-87d9-b21892350ec4,Gamer,Gamer,kills_on_maps_1_2,,27.5,27.5
,33a58c1b-5c72-4e16-a2f9-8e2d3e6ad6f0,nan,nan,kills_on_maps_1_2,,26.5,26.5
skizzyee,f91d4411-f8d7-4309-b918-3dc811d93879,Gamer,Gamer,kills_on_maps_1_2,,25.5,25.5
,ead6c989-41c3-43c5-9f6f-335548116f30,nan,nan,kills_on_maps_1_2,,27.5,27.5
Ayteel,1571e495-72b1-4b34-80be-f532b1cd08c7,Gamer,Gamer,kills_on_maps_1_2,,26.5,26.5
X5G7V,56a85577-4a3b-4562-b610-bab0aab157e0,Gamer,Gamer,kills_on_maps_1_2,,27.5,27.5
ex1st,3bf7b25f-6399-462d-b70b-2efc8f922d8a,Gamer,Gamer,kills_on_maps_1_2,,28.5,28.5
,2b4b8439-4aa4-4100-a616-1899813cc108,nan,nan,kills_on_maps_1_2,,29.5,29.5
,2b4b8439-4aa4-4100-a616-1899813cc108,nan,nan,kills_on_maps_1_2,,35.5,35.5
slaxejezzz,f51131d6-6c0c-415f-b171-11721723766a,Gamer,Gamer,kills_on_maps_1_2,,29.5,29.5
,2b4b8439-4aa4-4100-a616-1899813cc108,nan,nan,kills_on_maps_1_2,,40.5,40.5
Kunai,1571e495-72b1-4b34-80be-f532b1cd08c7,Gamer,Gamer,kills_on_maps_1_2,,31.5,31.5
,2b4b8439-4aa4-4100-a616-1899813cc108,nan,nan,kills_on_maps_1_2,,34.5,34.5
brain,1571e495-72b1-4b34-80be-f532b1cd08c7,Gamer,Gamer,kills_on_maps_1_2,,33.5,33.5
Ct0m,3a1b77bd-f0b1-4ac7-9a66-a77398bf7085,Gamer,Gamer,kills_on_maps_1_2,,31.5,31.5
,30795331-26d2-4db3-ab65-1fc3669678eb,nan,nan,kills_on_maps_1_2,,20.5,20.5
,f91d4411-f8d7-4309-b918-3dc811d93879,nan,nan,kills_on_maps_1_2,,27.5,27.5
,ead6c989-41c3-43c5-9f6f-335548116f30,nan,nan,kills_on_maps_1_2,,28.5,28.5
slaxejezzz,f51131d6-6c0c-415f-b171-11721723766a,Gamer,Gamer,kills_on_maps_1_2,,43.5,43.5
zero,9d4d3327-cbac-4913-aef9-0d91ec236f70,Gamer,Gamer,kills_on_maps_1_2,,27.5,27.5
slaxejezzz,f51131d6-6c0c-415f-b171-11721723766a,Gamer,Gamer,kills_on_maps_1_2,,36.5,36.5
slaxejezzz,f51131d6-6c0c-415f-b171-11721723766a,Gamer,Gamer,kills_on_maps_1_2,,40.5,40.5
slaxejezzz,f51131d6-6c0c-415f-b171-11721723766a,Gamer,Gamer,kills_on_maps_1_2,,34.5,34.5
,1571e495-72b1-4b34-80be-f532b1cd08c7,nan,nan,kills_on_maps_1_2,,32.5,32.5
,30795331-26d2-4db3-ab65-1fc3669678eb,nan,nan,kills_on_maps_1_2,,31.5,31.5
,30795331-26d2-4db3-ab65-1fc3669678eb,nan,nan,kills_on_maps_1_2,,25.5,25.5
,30795331-26d2-4db3-ab65-1fc3669678eb,nan,nan,kills_on_maps_1_2,,27.5,27.5
,30795331-26d2-4db3-ab65-1fc3669678eb,nan,nan,kills_on_maps_1_2,,34.5,34.5
zero,9d4d3327-cbac-4913-aef9-0d91ec236f70,Gamer,Gamer,kills_on_maps_1_2,,34.5,34.5
zero,9d4d3327-cbac-4913-aef9-0d91ec236f70,Gamer,Gamer,kills_on_maps_1_2,,38.5,38.5
zero,9d4d3327-cbac-4913-aef9-0d91ec236f70,Gamer,Gamer,kills_on_maps_1_2,,32.5,32.5
zero,9d4d3327-cbac-4913-aef9-0d91ec236f70,Gamer,Gamer,kills_on_maps_1_2,,41.5,41.5
,b9347a51-76a3-492b-9b20-834b26264fa4,nan,nan,kills_on_maps_1_2,,26.5,26.5
StRoGo,3a1b77bd-f0b1-4ac7-9a66-a77398bf7085,Gamer,Gamer,kills_on_maps_1_2,,23.5,23.5
divine,5c5d82e5-857f-44fd-b92a-0530f7f3b80e,Gamer,Gamer,kills_on_maps_1_2,,24.5,24.5
AdreN,33a58c1b-5c72-4e16-a2f9-8e2d3e6ad6f0,Gamer,Gamer,kills_on_maps_1_2,,21.5,21.5
souv,ead6c989-41c3-43c5-9f6f-335548116f30,Gamer,Gamer,kills_on_maps_1_2,,27.5,27.5
huNter-,93c97a69-a735-402c-af4a-cc0ff232ee96,Gamer,Gamer,kills_on_maps_1_2,,31.5,31.5
kodak,f91d4411-f8d7-4309-b918-3dc811d93879,Gamer,Gamer,kills_on_maps_1_2,,23.5,23.5
huNter-,93c97a69-a735-402c-af4a-cc0ff232ee96,Gamer,Gamer,kills_on_maps_1_2,,40.5,40.5
huNter-,93c97a69-a735-402c-af4a-cc0ff232ee96,Gamer,Gamer,kills_on_maps_1_2,,37.5,37.5
Alisson,5c5d82e5-857f-44fd-b92a-0530f7f3b80e,Gamer,Gamer,kills_on_maps_1_2,,27.5,27.5
fazery,f91d4411-f8d7-4309-b918-3dc811d93879,Gamer,Gamer,kills_on_maps_1_2,,28.5,28.5
frontales,43286725-96ca-4e9e-b2b9-609d40c0cfd4,Gamer,Gamer,kills_on_maps_1_2,,30.5,30.5
AdreN,33a58c1b-5c72-4e16-a2f9-8e2d3e6ad6f0,Gamer,Gamer,headshots_on_maps_1_2,,13.5,13.5
slaxejezzz,f51131d6-6c0c-415f-b171-11721723766a,Gamer,Gamer,headshots_on_maps_1_2,,18.5,18.5
,2b4b8439-4aa4-4100-a616-1899813cc108,nan,nan,headshots_on_maps_1_2,,17.5,17.5
,b9347a51-76a3-492b-9b20-834b26264fa4,nan,nan,headshots_on_maps_1_2,,16.5,16.5
zero,9d4d3327-cbac-4913-aef9-0d91ec236f70,Gamer,Gamer,headshots_on_maps_1_2,,14.5,14.5
,1571e495-72b1-4b34-80be-f532b1cd08c7,nan,nan,headshots_on_maps_1_2,,16.5,16.5
StRoGo,3a1b77bd-f0b1-4ac7-9a66-a77398bf7085,Gamer,Gamer,headshots_on_maps_1_2,,11.5,11.5
ex1st,3bf7b25f-6399-462d-b70b-2efc8f922d8a,Gamer,Gamer,headshots_on_maps_1_2,,15.5,15.5
divine,5c5d82e5-857f-44fd-b92a-0530f7f3b80e,Gamer,Gamer,headshots_on_maps_1_2,,9.5,9.5
,2b4b8439-4aa4-4100-a616-1899813cc108,nan,nan,headshots_on_maps_1_2,,16.5,16.5
,30795331-26d2-4db3-ab65-1fc3669678eb,nan,nan,headshots_on_maps_1_2,,12.5,12.5
Kunai,1571e495-72b1-4b34-80be-f532b1cd08c7,Gamer,Gamer,headshots_on_maps_1_2,,18.5,18.5
kodak,f91d4411-f8d7-4309-b918-3dc811d93879,Gamer,Gamer,headshots_on_maps_1_2,,13.5,13.5
,ead6c989-41c3-43c5-9f6f-335548116f30,nan,nan,headshots_on_maps_1_2,,16.5,16.5
fazery,f91d4411-f8d7-4309-b918-3dc811d93879,Gamer,Gamer,headshots_on_maps_1_2,,16.5,16.5
X5G7V,56a85577-4a3b-4562-b610-bab0aab157e0,Gamer,Gamer,headshots_on_maps_1_2,,16.5,16.5
brain,1571e495-72b1-4b34-80be-f532b1cd08c7,Gamer,Gamer,headshots_on_maps_1_2,,10.5,10.5
reyoz,53cd8160-0633-43d1-87d9-b21892350ec4,Gamer,Gamer,headshots_on_maps_1_2,,14.5,14.5
Alisson,5c5d82e5-857f-44fd-b92a-0530f7f3b80e,Gamer,Gamer,headshots_on_maps_1_2,,13.5,13.5
frontales,43286725-96ca-4e9e-b2b9-609d40c0cfd4,Gamer,Gamer,headshots_on_maps_1_2,,10.5,10.5
huNter-,93c97a69-a735-402c-af4a-cc0ff232ee96,Gamer,Gamer,headshots_on_maps_1_2,,15.5,15.5
,3a1b77bd-f0b1-4ac7-9a66-a77398bf7085,nan,nan,headshots_on_maps_1_2,,16.5,16.5
,f91d4411-f8d7-4309-b918-3dc811d93879,nan,nan,headshots_on_maps_1_2,,10.5,10.5
Ct0m,3a1b77bd-f0b1-4ac7-9a66-a77398bf7085,Gamer,Gamer,headshots_on_maps_1_2,,16.5,16.5
,33a58c1b-5c72-4e16-a2f9-8e2d3e6ad6f0,nan,nan,headshots_on_maps_1_2,,10.5,10.5
,b9347a51-76a3-492b-9b20-834b26264fa4,nan,nan,headshots_on_maps_1_2,,15.5,15.5
souv,ead6c989-41c3-43c5-9f6f-335548116f30,Gamer,Gamer,headshots_on_maps_1_2,,14.5,14.5
tasman,33a58c1b-5c72-4e16-a2f9-8e2d3e6ad6f0,Gamer,Gamer,headshots_on_maps_1_2,,18.5,18.5
Ayteel,1571e495-72b1-4b34-80be-f532b1cd08c7,Gamer,Gamer,headshots_on_maps_1_2,,15.5,15.5
skizzyee,f91d4411-f8d7-4309-b918-3dc811d93879,Gamer,Gamer,headshots_on_maps_1_2,,16.5,16.5
Meiko,6315993c-735f-4fdb-83a9-aa43eb327fa0,Gamer,Gamer,kills_on_maps_1_2_3,,2.5,2.5
Meiko,6315993c-735f-4fdb-83a9-aa43eb327fa0,Gamer,Gamer,assists_on_maps_1_2_3,,38.5,38.5
Meiko,6315993c-735f-4fdb-83a9-aa43eb327fa0,Gamer,Gamer,period_1_2_3_fantasy_points,,79.11,79.11
Sero,a4d0bf11-0b5d-4bde-bbc2-573f279422d4,Gamer,Gamer,kills_on_maps_1_2_3,,8.5,8.5
JiaQi,6315993c-735f-4fdb-83a9-aa43eb327fa0,Gamer,Gamer,kills_on_maps_1_2_3,,20.5,20.5
JiaQi,6315993c-735f-4fdb-83a9-aa43eb327fa0,Gamer,Gamer,kills_on_maps_1_2_3,,14.5,14.5
JiaQi,6315993c-735f-4fdb-83a9-aa43eb327fa0,Gamer,Gamer,kills_on_maps_1_2_3,,24.5,24.5
JiaQi,6315993c-735f-4fdb-83a9-aa43eb327fa0,Gamer,Gamer,assists_on_maps_1_2_3,,20.5,20.5
JiaQi,6315993c-735f-4fdb-83a9-aa43eb327fa0,Gamer,Gamer,period_1_2_3_fantasy_points,,100.18,100.18
Rookie,6315993c-735f-4fdb-83a9-aa43eb327fa0,Gamer,Gamer,kills_on_maps_1_2_3,,10.5,10.5
Lucy,f15b21b9-7212-4b37-8900-03a5c42e5c04,Gamer,Gamer,kills_on_maps_1_2_3,,12.5,12.5
TheShy,6315993c-735f-4fdb-83a9-aa43eb327fa0,Gamer,Gamer,kills_on_maps_1_2_3,,8.5,8.5
MihawK,f15b21b9-7212-4b37-8900-03a5c42e5c04,Gamer,Gamer,kills_on_maps_1_2_3,,9.5,9.5
Hwichan,a4d0bf11-0b5d-4bde-bbc2-573f279422d4,Gamer,Gamer,kills_on_maps_1_2_3,,13.5,13.5
Tangyuan,2f892254-9a2e-472d-b670-e9ed1c0c3cf2,Gamer,Gamer,kills_on_maps_1_2_3,,15.5,15.5
Haetae,cd18f9d9-9afb-43fb-88fc-085392d5535b,Gamer,Gamer,kills_on_maps_1_2_3,,10.5,10.5
Shaoye,2f892254-9a2e-472d-b670-e9ed1c0c3cf2,Gamer,Gamer,kills_on_maps_1_2_3,,11.5,11.5
Garden,59f675e1-cb1c-486b-9c12-f2170b26d3ad,Gamer,Gamer,kills_on_maps_1_2_3,,12.5,12.5
Pleata,f15b21b9-7212-4b37-8900-03a5c42e5c04,Gamer,Gamer,kills_on_maps_1_2_3,,2.5,2.5
Loopy,59f675e1-cb1c-486b-9c12-f2170b26d3ad,Gamer,Gamer,kills_on_maps_1_2_3,,3.5,3.5
FenRir,a4d0bf11-0b5d-4bde-bbc2-573f279422d4,Gamer,Gamer,kills_on_maps_1_2_3,,13.5,13.5
Guti,cd18f9d9-9afb-43fb-88fc-085392d5535b,Gamer,Gamer,kills_on_maps_1_2_3,,15.5,15.5
Solid,59f675e1-cb1c-486b-9c12-f2170b26d3ad,Gamer,Gamer,kills_on_maps_1_2_3,,9.5,9.5
Tangyuan,2f892254-9a2e-472d-b670-e9ed1c0c3cf2,Gamer,Gamer,kills_on_maps_1_2_3,,20.5,20.5
Wayne,59f675e1-cb1c-486b-9c12-f2170b26d3ad,Gamer,Gamer,kills_on_maps_1_2_3,,13.5,13.5
Painter,cd18f9d9-9afb-43fb-88fc-085392d5535b,Gamer,Gamer,kills_on_maps_1_2_3,,10.5,10.5
Shaoye,2f892254-9a2e-472d-b670-e9ed1c0c3cf2,Gamer,Gamer,kills_on_maps_1_2_3,,16.5,16.5
Pollu,a4d0bf11-0b5d-4bde-bbc2-573f279422d4,Gamer,Gamer,kills_on_maps_1_2_3,,3.5,3.5
Shaoye,2f892254-9a2e-472d-b670-e9ed1c0c3cf2,Gamer,Gamer,kills_on_maps_1_2_3,,20.5,20.5
Wei,6315993c-735f-4fdb-83a9-aa43eb327fa0,Gamer,Gamer,kills_on_maps_1_2_3,,11.5,11.5
Heng,2f892254-9a2e-472d-b670-e9ed1c0c3cf2,Gamer,Gamer,kills_on_maps_1_2_3,,9.5,9.5
Rookie,6315993c-735f-4fdb-83a9-aa43eb327fa0,Gamer,Gamer,kills_on_maps_1_2_3,,15.5,15.5
TheShy,6315993c-735f-4fdb-83a9-aa43eb327fa0,Gamer,Gamer,kills_on_maps_1_2_3,,16.5,16.5
Rookie,6315993c-735f-4fdb-83a9-aa43eb327fa0,Gamer,Gamer,kills_on_maps_1_2_3,,19.5,19.5
Cloud,cd18f9d9-9afb-43fb-88fc-085392d5535b,Gamer,Gamer,kills_on_maps_1_2_3,,4.5,4.5
Burdol,2f892254-9a2e-472d-b670-e9ed1c0c3cf2,Gamer,Gamer,kills_on_maps_1_2_3,,12.5,12.5
Burdol,2f892254-9a2e-472d-b670-e9ed1c0c3cf2,Gamer,Gamer,kills_on_maps_1_2_3,,16.5,16.5
Jaehyuk,59f675e1-cb1c-486b-9c12-f2170b26d3ad,Gamer,Gamer,kills_on_maps_1_2_3,,8.5,8.5
Tangyuan,2f892254-9a2e-472d-b670-e9ed1c0c3cf2,Gamer,Gamer,kills_on_maps_1_2_3,,11.5,11.5
Heng,2f892254-9a2e-472d-b670-e9ed1c0c3cf2,Gamer,Gamer,kills_on_maps_1_2_3,,17.5,17.5
Heng,2f892254-9a2e-472d-b670-e9ed1c0c3cf2,Gamer,Gamer,kills_on_maps_1_2_3,,13.5,13.5
Sylvie,a4d0bf11-0b5d-4bde-bbc2-573f279422d4,Gamer,Gamer,kills_on_maps_1_2_3,,9.5,9.5
TheShy,6315993c-735f-4fdb-83a9-aa43eb327fa0,Gamer,Gamer,kills_on_maps_1_2_3,,12.5,12.5
Crisp,2f892254-9a2e-472d-b670-e9ed1c0c3cf2,Gamer,Gamer,kills_on_maps_1_2_3,,2.5,2.5
SeTab,f15b21b9-7212-4b37-8900-03a5c42e5c04,Gamer,Gamer,kills_on_maps_1_2_3,,12.5,12.5
Janus,f15b21b9-7212-4b37-8900-03a5c42e5c04,Gamer,Gamer,kills_on_maps_1_2_3,,8.5,8.5
Wei,6315993c-735f-4fdb-83a9-aa43eb327fa0,Gamer,Gamer,kills_on_maps_1_2_3,,19.5,19.5
Cypher,cd18f9d9-9afb-43fb-88fc-085392d5535b,Gamer,Gamer,kills_on_maps_1_2_3,,15.5,15.5
Wei,6315993c-735f-4fdb-83a9-aa43eb327fa0,Gamer,Gamer,kills_on_maps_1_2_3,,15.5,15.5
Burdol,2f892254-9a2e-472d-b670-e9ed1c0c3cf2,Gamer,Gamer,kills_on_maps_1_2_3,,8.5,8.5
Crisp,2f892254-9a2e-472d-b670-e9ed1c0c3cf2,Gamer,Gamer,assists_on_maps_1_2_3,,34.5,34.5
Tangyuan,2f892254-9a2e-472d-b670-e9ed1c0c3cf2,Gamer,Gamer,assists_on_maps_1_2_3,,19.5,19.5
Rookie,6315993c-735f-4fdb-83a9-aa43eb327fa0,Gamer,Gamer,assists_on_maps_1_2_3,,24.5,24.5
Shaoye,2f892254-9a2e-472d-b670-e9ed1c0c3cf2,Gamer,Gamer,assists_on_maps_1_2_3,,18.5,18.5
Burdol,2f892254-9a2e-472d-b670-e9ed1c0c3cf2,Gamer,Gamer,assists_on_maps_1_2_3,,16.5,16.5
TheShy,6315993c-735f-4fdb-83a9-aa43eb327fa0,Gamer,Gamer,assists_on_maps_1_2_3,,16.5,16.5
Heng,2f892254-9a2e-472d-b670-e9ed1c0c3cf2,Gamer,Gamer,assists_on_maps_1_2_3,,24.5,24.5
Wei,6315993c-735f-4fdb-83a9-aa43eb327fa0,Gamer,Gamer,assists_on_maps_1_2_3,,27.5,27.5
Burdol,2f892254-9a2e-472d-b670-e9ed1c0c3cf2,Gamer,Gamer,period_1_2_3_fantasy_points,,69.51,69.51
Wei,6315993c-735f-4fdb-83a9-aa43eb327fa0,Gamer,Gamer,period_1_2_3_fantasy_points,,97.09,97.09
Tangyuan,2f892254-9a2e-472d-b670-e9ed1c0c3cf2,Gamer,Gamer,period_1_2_3_fantasy_points,,87.43,87.43
Crisp,2f892254-9a2e-472d-b670-e9ed1c0c3cf2,Gamer,Gamer,period_1_2_3_fantasy_points,,67.32,67.32
Rookie,6315993c-735f-4fdb-83a9-aa43eb327fa0,Gamer,Gamer,period_1_2_3_fantasy_points,,94.31,94.31
TheShy,6315993c-735f-4fdb-83a9-aa43eb327fa0,Gamer,Gamer,period_1_2_3_fantasy_points,,70.45,70.45
Shaoye,2f892254-9a2e-472d-b670-e9ed1c0c3cf2,Gamer,Gamer,period_1_2_3_fantasy_points,,84.66,84.66
Heng,2f892254-9a2e-472d-b670-e9ed1c0c3cf2,Gamer,Gamer,period_1_2_3_fantasy_points,,85.91,85.91
melya,850bb2de-eb05-415a-8694-8d9948fc2a6f,Gamer,Gamer,kills_on_maps_1_2,,33.5,33.5
Noia,24d7c578-2222-4556-bda6-06182f596939,Gamer,Gamer,kills_on_maps_1_2,,31.5,31.5
glowstick,24d7c578-2222-4556-bda6-06182f596939,Gamer,Gamer,kills_on_maps_1_2,,29.5,29.5
dodonut,24d7c578-2222-4556-bda6-06182f596939,Gamer,Gamer,kills_on_maps_1_2,,31.5,31.5
theia,850bb2de-eb05-415a-8694-8d9948fc2a6f,Gamer,Gamer,kills_on_maps_1_2,,21.5,21.5
evv,850bb2de-eb05-415a-8694-8d9948fc2a6f,Gamer,Gamer,kills_on_maps_1_2,,27.5,27.5
alexis,24d7c578-2222-4556-bda6-06182f596939,Gamer,Gamer,kills_on_maps_1_2,,26.5,26.5
Jazzyk1ns,850bb2de-eb05-415a-8694-8d9948fc2a6f,Gamer,Gamer,kills_on_maps_1_2,,26.5,26.5
vanitas,24d7c578-2222-4556-bda6-06182f596939,Gamer,Gamer,kills_on_maps_1_2,,32.5,32.5
edith,850bb2de-eb05-415a-8694-8d9948fc2a6f,Gamer,Gamer,kills_on_maps_1_2,,34.5,34.5
Saquon Barkley,de7219e5-92f1-5989-804a-68479055ba42,RB,Running Back,season_rush_yards,,1114.5,1114.5
Saquon Barkley,de7219e5-92f1-5989-804a-68479055ba42,RB,Running Back,season_rush_tds,,7.5,7.5
Geno Smith,516ded41-e882-5175-9a00-d0b4c028eb74,QB,Quarterback,season_pass_yards,,2599.5,2599.5
Geno Smith,516ded41-e882-5175-9a00-d0b4c028eb74,QB,Quarterback,season_pass_tds,,14.5,14.5
Javonte Williams,26e67e06-664e-50a6-ad7b-c102705fde8b,RB,Running Back,season_rush_yards,,964.5,964.5
Derrick Henry,01bfe9d5-f671-57ed-aa60-249fcca9267c,RB,Running Back,season_rush_yards,,1225.5,1225.5
Caleb Williams,e8a4678a-ccdb-5f35-be13-aef6e59a5680,QB,Quarterback,season_rush_yards,,389.5,389.5
Bijan Robinson,8699a914-7d44-5a36-b7a6-2063d3ea761f,RB,Running Back,season_rush_yards,,1179.5,1179.5
Derrick Henry,01bfe9d5-f671-57ed-aa60-249fcca9267c,RB,Running Back,season_rush_tds,,12.5,12.5
Bijan Robinson,8699a914-7d44-5a36-b7a6-2063d3ea761f,RB,Running Back,season_rush_tds,,9.5,9.5
Caleb Williams,e8a4678a-ccdb-5f35-be13-aef6e59a5680,QB,Quarterback,season_rush_tds,,2.5,2.5
Javonte Williams,26e67e06-664e-50a6-ad7b-c102705fde8b,RB,Running Back,season_rush_tds,,9.5,9.5
Jonathan Taylor,f11f1cf1-9933-5203-8181-95020ee64399,RB,Running Back,season_rush_yards,,1225.5,1225.5
De'Von Achane,9153e0a9-da83-5246-ba43-417537f1bcce,RB,Running Back,season_rush_yards,,989.5,989.5
Chase Brown,ab235cf0-a041-5d36-8241-90a90f0dcb5e,RB,Running Back,season_rush_yards,,874.5,874.5
Chase Brown,ab235cf0-a041-5d36-8241-90a90f0dcb5e,RB,Running Back,season_rush_tds,,6.5,6.5
Jalen Hurts,de7219e5-92f1-5989-804a-68479055ba42,QB,Quarterback,season_rush_tds,,8.5,8.5
Jahmyr Gibbs,a8980eb6-327f-5bc5-abf9-de1e944b566d,RB,Running Back,season_rush_yards,,1200.5,1200.5
Jahmyr Gibbs,a8980eb6-327f-5bc5-abf9-de1e944b566d,RB,Running Back,season_receiving_yards,,475.5,475.5
James Cook,0719b253-43db-532e-8b5c-6c12c6c3f951,RB,Running Back,season_rush_yards,,1199.5,1199.5
Ashton Jeanty,5ce78c37-b02c-52da-9e4f-fcd65b6ccb76,RB,Running Back,season_rush_yards,,994.5,994.5
Kenneth Walker III,a6f458f4-5078-56e4-a839-af96f1191314,RB,Running Back,season_rush_yards,,964.5,964.5
Kenneth Walker III,a6f458f4-5078-56e4-a839-af96f1191314,RB,Running Back,season_rush_tds,,7.5,7.5
Ashton Jeanty,5ce78c37-b02c-52da-9e4f-fcd65b6ccb76,RB,Running Back,season_rush_tds,,7.5,7.5
James Cook,0719b253-43db-532e-8b5c-6c12c6c3f951,RB,Running Back,season_rush_tds,,10.5,10.5
Josh Allen,0719b253-43db-532e-8b5c-6c12c6c3f951,QB,Quarterback,season_rush_yards,,499.5,499.5
Josh Allen,0719b253-43db-532e-8b5c-6c12c6c3f951,QB,Quarterback,season_rush_tds,,10.5,10.5
CeeDee Lamb,26e67e06-664e-50a6-ad7b-c102705fde8b,WR,Wide Receiver,season_rush_tds,,0.5,0.5
David Montgomery,4ab08caa-b79d-598e-82ef-0906a60d2a89,RB,Running Back,season_rush_yards,,839.5,839.5
Amon-Ra St. Brown,a8980eb6-327f-5bc5-abf9-de1e944b566d,WR,Wide Receiver,season_rush_yards,,12.5,12.5
Travis Kelce,a6f458f4-5078-56e4-a839-af96f1191314,TE,Tight End,season_rush_yards,,0.5,0.5
Jayden Daniels,a6d8dc19-daaf-5798-a8f2-df7f9fc9eecd,QB,Quarterback,season_rush_yards,,549.5,549.5
Jayden Daniels,a6d8dc19-daaf-5798-a8f2-df7f9fc9eecd,QB,Quarterback,season_rush_tds,,4.5,4.5
Lamar Jackson,01bfe9d5-f671-57ed-aa60-249fcca9267c,QB,Quarterback,season_rush_tds,,4.5,4.5
Jameson Williams,a8980eb6-327f-5bc5-abf9-de1e944b566d,WR,Wide Receiver,season_rush_yards,,39.5,39.5
Travis Etienne Jr.,530518ed-91db-57c4-9077-27cc0dd9a293,RB,Running Back,season_rush_yards,,865.5,865.5
Travis Etienne Jr.,530518ed-91db-57c4-9077-27cc0dd9a293,RB,Running Back,season_rush_tds,,5.5,5.5
Jameson Williams,a8980eb6-327f-5bc5-abf9-de1e944b566d,WR,Wide Receiver,season_rush_tds,,0.5,0.5
Zay Flowers,01bfe9d5-f671-57ed-aa60-249fcca9267c,WR,Wide Receiver,season_rush_yards,,56.5,56.5
Zay Flowers,01bfe9d5-f671-57ed-aa60-249fcca9267c,WR,Wide Receiver,season_rush_tds,,0.5,0.5
Mark Andrews,01bfe9d5-f671-57ed-aa60-249fcca9267c,TE,Tight End,season_rush_tds,,0.5,0.5
Jerry Jeudy,338ae7df-02ad-5a94-9767-60f511bd55e1,WR,Wide Receiver,season_receiving_yards,,574.5,574.5
,9153e0a9-da83-5246-ba43-417537f1bcce,nan,nan,season_rec_tds,,5.5,5.5
Jaxson Dart,d40a4380-49a6-5b5f-ab7d-f5393787ed12,QB,Quarterback,season_rush_tds,,6.5,6.5
Trevor Lawrence,b49b653c-dc7c-516e-b1c2-da1b30d1b1a6,QB,Quarterback,season_rush_yards,,299.5,299.5
Trevor Lawrence,b49b653c-dc7c-516e-b1c2-da1b30d1b1a6,QB,Quarterback,season_rush_tds,,4.5,4.5
Baker Mayfield,1a20f1da-c502-5224-9c4a-bc363174cd21,QB,Quarterback,season_rush_yards,,309.5,309.5
Baker Mayfield,1a20f1da-c502-5224-9c4a-bc363174cd21,QB,Quarterback,season_rush_tds,,1.5,1.5
Bryce Young,17f3bc4a-e2d6-5dc5-a554-00549ff0139f,QB,Quarterback,season_rush_yards,,224.5,224.5
Michael Wilson,8459772c-695a-5890-afa1-7ec38da17201,WR,Wide Receiver,season_receiving_yards,,724.5,724.5
Bryce Young,17f3bc4a-e2d6-5dc5-a554-00549ff0139f,QB,Quarterback,season_rush_tds,,1.5,1.5
Justin Herbert,c7b497d4-18b6-522b-abaa-e5c3d24bc021,QB,Quarterback,season_rush_yards,,300.5,300.5
Justin Herbert,c7b497d4-18b6-522b-abaa-e5c3d24bc021,QB,Quarterback,season_rush_tds,,2.5,2.5
Cade Otton,1a20f1da-c502-5224-9c4a-bc363174cd21,TE,Tight End,season_receiving_yards,,425.5,425.5
C.J. Stroud,4ab08caa-b79d-598e-82ef-0906a60d2a89,QB,Quarterback,season_rush_yards,,199.5,199.5
C.J. Stroud,4ab08caa-b79d-598e-82ef-0906a60d2a89,QB,Quarterback,season_rush_tds,,1.5,1.5
Jordan Love,a2fadaac-562f-5a7e-bd63-6d88d90c1ac4,QB,Quarterback,season_rush_yards,,170.5,170.5
Jordan Love,a2fadaac-562f-5a7e-bd63-6d88d90c1ac4,QB,Quarterback,season_rush_tds,,1.5,1.5
Harold Fannin,338ae7df-02ad-5a94-9767-60f511bd55e1,TE,Tight End,season_receiving_yards,,699.5,699.5
Dak Prescott,26e67e06-664e-50a6-ad7b-c102705fde8b,QB,Quarterback,season_rush_tds,,1.5,1.5
Aaron Rodgers,ecc8eb1b-f714-57a6-bcf3-b183dd6c12a8,QB,Quarterback,season_pass_yards,,3099.5,3099.5
Aaron Rodgers,ecc8eb1b-f714-57a6-bcf3-b183dd6c12a8,QB,Quarterback,season_pass_tds,,21.5,21.5
Jared Goff,a8980eb6-327f-5bc5-abf9-de1e944b566d,QB,Quarterback,season_rush_tds,,0.5,0.5
Jacoby Brissett,8459772c-695a-5890-afa1-7ec38da17201,QB,Quarterback,season_pass_yards,,2699.5,2699.5
Jeremiyah Love,8459772c-695a-5890-afa1-7ec38da17201,RB,Running Back,season_rush_yards,,776.5,776.5
Jeremiyah Love,8459772c-695a-5890-afa1-7ec38da17201,RB,Running Back,season_rush_tds,,5.5,5.5
Cam Ward,f96aa8db-21c2-5b86-b49d-7e64b4eda61d,QB,Quarterback,season_rush_tds,,1.5,1.5
Tyler Shough,530518ed-91db-57c4-9077-27cc0dd9a293,QB,Quarterback,season_rush_tds,,4.5,4.5
Brayden Point,5cdace81-efe8-4b20-ada3-e9ceb0d52048,C,Center,season_goals,,29.5,29.5
Auston Matthews,dc5264a9-6ed2-4a86-aeac-a8051c2e6c6d,C,Center,season_goals,,42.5,42.5
Connor McDavid,12ef58d0-e428-4279-b31b-657345da3a88,C,Center,season_goals,,42.5,42.5
David Pastrnak,7c59e23f-bc41-4c3e-960b-9af829cec890,RW,Right Wing,season_goals,,37.5,37.5
Connor McDavid,12ef58d0-e428-4279-b31b-657345da3a88,C,Center,season_points,,126.5,126.5
Auston Matthews,dc5264a9-6ed2-4a86-aeac-a8051c2e6c6d,C,Center,season_points,,84.5,84.5
David Pastrnak,7c59e23f-bc41-4c3e-960b-9af829cec890,RW,Right Wing,season_points,,99.5,99.5
Jake Guentzel,5cdace81-efe8-4b20-ada3-e9ceb0d52048,LW,Left Wing,season_goals,,34.5,34.5
Jack Hughes,f6045934-74fa-4952-8cc7-4de08c851a8b,C,Center,season_goals,,31.5,31.5
Kyle Connor,136743a3-19a2-4ee7-b696-bec470ef20d1,LW,Left Wing,season_goals,,36.5,36.5
Kirill Kaprizov,63281d2d-c1c7-4ce2-a0cc-6cc586651f96,LW,Left Wing,season_goals,,42.5,42.5
Leon Draisaitl,12ef58d0-e428-4279-b31b-657345da3a88,C,Center,season_goals,,43.5,43.5
Jake Guentzel,5cdace81-efe8-4b20-ada3-e9ceb0d52048,LW,Left Wing,season_points,,80.5,80.5
Jack Hughes,f6045934-74fa-4952-8cc7-4de08c851a8b,C,Center,season_points,,85.5,85.5
Kyle Connor,136743a3-19a2-4ee7-b696-bec470ef20d1,LW,Left Wing,season_points,,86.5,86.5
Kirill Kaprizov,63281d2d-c1c7-4ce2-a0cc-6cc586651f96,LW,Left Wing,season_points,,92.5,92.5
Leon Draisaitl,12ef58d0-e428-4279-b31b-657345da3a88,C,Center,season_points,,109.5,109.5
Macklin Celebrini,3d90c616-020e-4d1c-81c7-b3a2ae66b222,C,Center,season_goals,,39.5,39.5
Nathan MacKinnon,9f5c083d-5d48-4a30-a4d1-f314130878ad,C,Center,season_goals,,44.5,44.5
Mikko Rantanen,159c51c3-13f6-4bce-bed0-da3d52ac0dd8,RW,Right Wing,season_goals,,29.5,29.5
Sam Reinhart,e1a07af8-365d-4261-8b9b-3ccbc99e5e21,RW,Right Wing,season_goals,,34.5,34.5
Nikita Kucherov,5cdace81-efe8-4b20-ada3-e9ceb0d52048,RW,Right Wing,season_goals,,39.5,39.5
Mikko Rantanen,159c51c3-13f6-4bce-bed0-da3d52ac0dd8,RW,Right Wing,season_points,,88.5,88.5
Nikita Kucherov,5cdace81-efe8-4b20-ada3-e9ceb0d52048,RW,Right Wing,season_points,,121.5,121.5
Macklin Celebrini,3d90c616-020e-4d1c-81c7-b3a2ae66b222,C,Center,season_points,,103.5,103.5
Nathan MacKinnon,9f5c083d-5d48-4a30-a4d1-f314130878ad,C,Center,season_points,,120.5,120.5
Tage Thompson,6ffb5a76-ee62-4902-a5aa-5af2859fb4b5,C,Center,season_goals,,39.5,39.5
William Nylander,dc5264a9-6ed2-4a86-aeac-a8051c2e6c6d,RW,Right Wing,season_goals,,36.5,36.5
Alex Ovechkin,d5586d47-9744-408f-b4dd-d11a3f861b10,LW,Left Wing,season_goals,,27.5,27.5
Artemi Panarin,2904aaa7-ffcf-4717-a723-28521efcc8e0,LW,Left Wing,season_points,,84.5,84.5
William Nylander,dc5264a9-6ed2-4a86-aeac-a8051c2e6c6d,RW,Right Wing,season_points,,88.5,88.5
Sidney Crosby,89137af7-f2e1-4d68-aa58-a6e152831cec,C,Center,season_goals,,29.5,29.5
Sidney Crosby,89137af7-f2e1-4d68-aa58-a6e152831cec,C,Center,season_points,,79.5,79.5
Cole Caufield,c44beb48-64a0-499e-ad49-61b519f27001,RW,Right Wing,season_goals,,42.5,42.5
Cole Caufield,c44beb48-64a0-499e-ad49-61b519f27001,RW,Right Wing,season_points,,80.5,80.5
Nick Suzuki,c44beb48-64a0-499e-ad49-61b519f27001,C,Center,season_points,,92.5,92.5
Cale Makar,9f5c083d-5d48-4a30-a4d1-f314130878ad,D,Defenseman,season_goals,,20.5,20.5
Cale Makar,9f5c083d-5d48-4a30-a4d1-f314130878ad,D,Defenseman,season_points,,83.5,83.5
Evgeni Malkin,89137af7-f2e1-4d68-aa58-a6e152831cec,C,Center,season_goals,,22.5,22.5
Logan Stankoven,3b80ba1c-1c0c-4006-b8d2-dcf9fc57c760,C,Center,season_goals,,21.5,21.5
Roman Josi,e6fa00a2-55eb-45f3-b8de-2a7ad7329f30,D,Defenseman,season_goals,,13.5,13.5
Drew Doughty,2904aaa7-ffcf-4717-a723-28521efcc8e0,D,Defenseman,season_goals,,7.5,7.5
Brett Howden,21c32c27-2668-4d04-a209-497292923e36,LW,Left Wing,season_goals,,14.5,14.5
Lane Hutson,c44beb48-64a0-499e-ad49-61b519f27001,D,Defenseman,season_goals,,8.5,8.5
Sebastian Aho,3b80ba1c-1c0c-4006-b8d2-dcf9fc57c760,C,Center,season_goals,,29.5,29.5
Matthew Schaefer,e6a0da7d-0c7b-4b59-811e-cdc953ecc483,D,Defenseman,season_goals,,19.5,19.5
Mitch Marner,21c32c27-2668-4d04-a209-497292923e36,RW,Right Wing,season_goals,,25.5,25.5
Cutter Gauthier,9507b4a6-eea0-447d-af29-6391def14b20,LW,Left Wing,season_goals,,35.5,35.5
Darren Raddysh,dc5264a9-6ed2-4a86-aeac-a8051c2e6c6d,D,Defenseman,season_goals,,15.5,15.5
Jakob Chychrun,d5586d47-9744-408f-b4dd-d11a3f861b10,D,Defenseman,season_goals,,17.5,17.5
Mark Scheifele,136743a3-19a2-4ee7-b696-bec470ef20d1,C,Center,season_goals,,31.5,31.5
Wyatt Johnston,159c51c3-13f6-4bce-bed0-da3d52ac0dd8,C,Center,season_goals,,39.5,39.5
Matthew Tkachuk,e1a07af8-365d-4261-8b9b-3ccbc99e5e21,LW,Left Wing,season_goals,,27.5,27.5
Patrick Kane,3b4a9985-39fa-4e99-bb10-087408e2499a,RW,Right Wing,season_goals,,17.5,17.5
Brady Tkachuk,e1a07af8-365d-4261-8b9b-3ccbc99e5e21,LW,Left Wing,season_goals,,30.5,30.5
Matt Boldy,63281d2d-c1c7-4ce2-a0cc-6cc586651f96,LW,Left Wing,season_goals,,37.5,37.5
Pavel Dorofeyev,185d72b0-fc5a-463f-925b-203748f37b70,RW,Right Wing,season_goals,,32.5,32.5
Jason Robertson,159c51c3-13f6-4bce-bed0-da3d52ac0dd8,LW,Left Wing,season_goals,,40.5,40.5
Dylan Guenther,2c4b3f45-f4e6-4eb1-8841-83500a2a4d12,RW,Right Wing,season_goals,,36.5,36.5
Zach Werenski,2c4f17b2-8c69-4e44-a9d0-afa317137de7,D,Defenseman,season_goals,,18.5,18.5
Filip Forsberg,e6fa00a2-55eb-45f3-b8de-2a7ad7329f30,LW,Left Wing,season_goals,,34.5,34.5
Morgan Geekie,7c59e23f-bc41-4c3e-960b-9af829cec890,RW,Right Wing,season_goals,,34.5,34.5
Alex DeBrincat,c285294d-d222-4072-b965-9b2daec69679,RW,Right Wing,season_goals,,35.5,35.5
Jack Eichel,21c32c27-2668-4d04-a209-497292923e36,C,Center,season_goals,,29.5,29.5
Steven Stamkos,e6fa00a2-55eb-45f3-b8de-2a7ad7329f30,LW,Left Wing,season_goals,,30.5,30.5
Joel Eriksson Ek,63281d2d-c1c7-4ce2-a0cc-6cc586651f96,C,Center,season_goals,,21.5,21.5
Gavin McKenna,dc5264a9-6ed2-4a86-aeac-a8051c2e6c6d,LW,Left Wing,season_goals,,21.5,21.5
Zach Hyman,12ef58d0-e428-4279-b31b-657345da3a88,LW,Left Wing,season_goals,,35.5,35.5
Quinn Hughes,63281d2d-c1c7-4ce2-a0cc-6cc586651f96,D,Defenseman,season_goals,,12.5,12.5
Jordan Staal,3b80ba1c-1c0c-4006-b8d2-dcf9fc57c760,C,Center,season_goals,,13.5,13.5
Gavin McKenna,dc5264a9-6ed2-4a86-aeac-a8051c2e6c6d,LW,Left Wing,season_points,,61.5,61.5
Zach Werenski,2c4f17b2-8c69-4e44-a9d0-afa317137de7,D,Defenseman,season_points,,79.5,79.5
Mark Scheifele,136743a3-19a2-4ee7-b696-bec470ef20d1,C,Center,season_points,,82.5,82.5
Sebastian Aho,3b80ba1c-1c0c-4006-b8d2-dcf9fc57c760,C,Center,season_points,,76.5,76.5
Brady Tkachuk,e1a07af8-365d-4261-8b9b-3ccbc99e5e21,LW,Left Wing,season_points,,72.5,72.5
Clayton Keller,2c4b3f45-f4e6-4eb1-8841-83500a2a4d12,RW,Right Wing,season_points,,86.5,86.5
Patrick Kane,3b4a9985-39fa-4e99-bb10-087408e2499a,RW,Right Wing,season_points,,57.5,57.5
Aleksander Barkov,e1a07af8-365d-4261-8b9b-3ccbc99e5e21,C,Center,season_points,,75.5,75.5
Jason Robertson,159c51c3-13f6-4bce-bed0-da3d52ac0dd8,LW,Left Wing,season_points,,90.5,90.5
Mitch Marner,21c32c27-2668-4d04-a209-497292923e36,RW,Right Wing,season_points,,86.5,86.5
Morgan Geekie,7c59e23f-bc41-4c3e-960b-9af829cec890,RW,Right Wing,season_points,,60.5,60.5
Tim Stutzle,cd01a7e8-34d4-4add-941e-84560138d229,C,Center,season_points,,80.5,80.5
Lucas Raymond,c285294d-d222-4072-b965-9b2daec69679,LW,Left Wing,season_points,,74.5,74.5
Leo Carlsson,9507b4a6-eea0-447d-af29-6391def14b20,C,Center,season_points,,75.5,75.5
Evan Bouchard,12ef58d0-e428-4279-b31b-657345da3a88,D,Defenseman,season_points,,86.5,86.5
Martin Necas,9f5c083d-5d48-4a30-a4d1-f314130878ad,RW,Right Wing,season_points,,88.5,88.5
Matthew Tkachuk,e1a07af8-365d-4261-8b9b-3ccbc99e5e21,LW,Left Wing,season_points,,81.5,81.5
Quinn Hughes,63281d2d-c1c7-4ce2-a0cc-6cc586651f96,D,Defenseman,season_points,,83.5,83.5
Jack Eichel,21c32c27-2668-4d04-a209-497292923e36,C,Center,season_points,,89.5,89.5
