pitcher_name,pitcher_id,opponent,home_flag,park_k_factor,season_k_pct,season_bb_pct,season_ip_per_start,k_pct_last_30d,swstr_pct_last_30d,csw_pct_last_30d,ip_last_3_starts_avg,pitches_last_3_starts_avg,days_rest,opp_vs_hand_k_pct,opp_vs_hand_contact_pct,opp_vs_hand_swstr_pct,predicted_strikeouts
Carlos Rodon,607074,NYY,1,1.03,0.257,0.09300000000000001,5.912121212121212,0.257,0.124,0.186,5.912121212121212,88.68181818181819,5,0.22,0.75,0.11,8.253333333333334
Paul Skenes,694973,PIT,1,1.0,0.295,0.057,5.85,0.295,0.138,0.20700000000000002,5.85,87.75,5,0.22,0.75,0.11,7.57
Logan Webb,657277,SFG,0,1.0,0.262,0.054000000000000006,6.088235294117647,0.262,0.107,0.1605,6.088235294117647,91.3235294117647,5,0.22,0.75,0.11,7.486666666666666
